target_mode,view,fraction,n,method,recall,ceiling
answer_only,native_token_restored,0.05,48,DT_target,0.4397685251348356,0.7538400251625476
answer_only,native_token_restored,0.05,48,FT_K1,0.46265686358744523,0.7538400251625476
answer_only,native_token_restored,0.05,48,FT_K3,0.4692172834543167,0.7538400251625476
answer_only,native_token_restored,0.1,48,DT_target,0.6536580774547236,0.9747982328299564
answer_only,native_token_restored,0.1,48,FT_K1,0.6150747557399269,0.9747982328299564
answer_only,native_token_restored,0.1,48,FT_K3,0.6150747557399269,0.9747982328299564
answer_only,native_token_restored,0.2,48,DT_target,0.8191801169623419,1.0
answer_only,native_token_restored,0.2,48,FT_K1,0.7436681055585574,1.0
answer_only,native_token_restored,0.2,48,FT_K3,0.7436681055585574,1.0
answer_only,raw_cached,0.05,48,DT_target,0.2566734102775033,0.7538400251625476
answer_only,raw_cached,0.05,48,FT_K1,0.26368594543992324,0.7538400251625476
answer_only,raw_cached,0.05,48,FT_K3,0.2645715627498883,0.7538400251625476
answer_only,raw_cached,0.1,48,DT_target,0.41007052251076,0.9747982328299564
answer_only,raw_cached,0.1,48,FT_K1,0.37709993729492375,0.9747982328299564
answer_only,raw_cached,0.1,48,FT_K3,0.37828313666973884,0.9747982328299564
answer_only,raw_cached,0.2,48,DT_target,0.5600671856002696,1.0
answer_only,raw_cached,0.2,48,FT_K1,0.5273171997808086,1.0
answer_only,raw_cached,0.2,48,FT_K3,0.5251471005509601,1.0
answer_only,raw_restored,0.05,48,DT_target,0.2566734102775033,0.7538400251625476
answer_only,raw_restored,0.05,48,FT_K1,0.26368594543992324,0.7538400251625476
answer_only,raw_restored,0.05,48,FT_K3,0.2645715627498883,0.7538400251625476
answer_only,raw_restored,0.1,48,DT_target,0.41007052251076,0.9747982328299564
answer_only,raw_restored,0.1,48,FT_K1,0.37709993729492375,0.9747982328299564
answer_only,raw_restored,0.1,48,FT_K3,0.37828313666973884,0.9747982328299564
answer_only,raw_restored,0.2,48,DT_target,0.5587851343182183,1.0
answer_only,raw_restored,0.2,48,FT_K1,0.5273171997808086,1.0
answer_only,raw_restored,0.2,48,FT_K3,0.5251471005509601,1.0
answer_only,regex_anchor_restored,0.05,48,DT_target,0.4440196085925858,0.7538400251625476
answer_only,regex_anchor_restored,0.05,48,FT_K1,0.46805101577380365,0.7538400251625476
answer_only,regex_anchor_restored,0.05,48,FT_K3,0.4657295420604752,0.7538400251625476
answer_only,regex_anchor_restored,0.1,48,DT_target,0.673712065208564,0.9747982328299564
answer_only,regex_anchor_restored,0.1,48,FT_K1,0.6193932585090589,0.9747982328299564
answer_only,regex_anchor_restored,0.1,48,FT_K3,0.6177592715809543,0.9747982328299564
answer_only,regex_anchor_restored,0.2,48,DT_target,0.8104645358460636,1.0
answer_only,regex_anchor_restored,0.2,48,FT_K1,0.7518528600805213,1.0
answer_only,regex_anchor_restored,0.2,48,FT_K3,0.7518528600805213,1.0
answer_only,regex_cached,0.05,48,DT_target,0.44709585454604556,0.7538400251625476
answer_only,regex_cached,0.05,48,FT_K1,0.4597973852844988,0.7538400251625476
answer_only,regex_cached,0.05,48,FT_K3,0.4585864440263216,0.7538400251625476
answer_only,regex_cached,0.1,48,DT_target,0.6579815624941774,0.9747982328299564
answer_only,regex_cached,0.1,48,FT_K1,0.6112381538866057,0.9747982328299564
answer_only,regex_cached,0.1,48,FT_K3,0.609442918248491,0.9747982328299564
answer_only,regex_cached,0.2,48,DT_target,0.820983184374445,1.0
answer_only,regex_cached,0.2,48,FT_K1,0.7486184416707613,1.0
answer_only,regex_cached,0.2,48,FT_K3,0.7435312323684357,1.0
answer_only,regex_restored,0.05,48,DT_target,0.44709585454604556,0.7538400251625476
answer_only,regex_restored,0.05,48,FT_K1,0.4597973852844988,0.7538400251625476
answer_only,regex_restored,0.05,48,FT_K3,0.4585864440263216,0.7538400251625476
answer_only,regex_restored,0.1,48,DT_target,0.6579815624941774,0.9747982328299564
answer_only,regex_restored,0.1,48,FT_K1,0.6112381538866057,0.9747982328299564
answer_only,regex_restored,0.1,48,FT_K3,0.609442918248491,0.9747982328299564
answer_only,regex_restored,0.2,48,DT_target,0.820983184374445,1.0
answer_only,regex_restored,0.2,48,FT_K1,0.7486184416707613,1.0
answer_only,regex_restored,0.2,48,FT_K3,0.7435312323684357,1.0
full,native_token_restored,0.05,48,DT_target,0.44858844144505455,0.7538400251625476
full,native_token_restored,0.05,48,FT_K1,0.5063753605671687,0.7538400251625476
full,native_token_restored,0.05,48,FT_K3,0.5118535293517891,0.7538400251625476
full,native_token_restored,0.1,48,DT_target,0.72209586090247,0.9747982328299564
full,native_token_restored,0.1,48,FT_K1,0.7064323421530939,0.9747982328299564
full,native_token_restored,0.1,48,FT_K3,0.7262885749078638,0.9747982328299564
full,native_token_restored,0.2,48,DT_target,0.8913261495621508,1.0
full,native_token_restored,0.2,48,FT_K1,0.8248318707778045,1.0
full,native_token_restored,0.2,48,FT_K3,0.8248318707778045,1.0
full,raw_cached,0.05,48,DT_target,0.26143846072108706,0.7538400251625476
full,raw_cached,0.05,48,FT_K1,0.31443320810259245,0.7538400251625476
full,raw_cached,0.05,48,FT_K3,0.31467926129106477,0.7538400251625476
full,raw_cached,0.1,48,DT_target,0.4063371921011904,0.9747982328299564
full,raw_cached,0.1,48,FT_K1,0.4532715428183662,0.9747982328299564
full,raw_cached,0.1,48,FT_K3,0.45345238657907183,0.9747982328299564
full,raw_cached,0.2,48,DT_target,0.5588295783487234,1.0
full,raw_cached,0.2,48,FT_K1,0.6136606141698487,1.0
full,raw_cached,0.2,48,FT_K3,0.6116024061429084,1.0
full,raw_restored,0.05,48,DT_target,0.26143846072108706,0.7538400251625476
full,raw_restored,0.05,48,FT_K1,0.31443320810259245,0.7538400251625476
full,raw_restored,0.05,48,FT_K3,0.31467926129106477,0.7538400251625476
full,raw_restored,0.1,48,DT_target,0.4060166792806775,0.9747982328299564
full,raw_restored,0.1,48,FT_K1,0.4532715428183662,0.9747982328299564
full,raw_restored,0.1,48,FT_K3,0.45345238657907183,0.9747982328299564
full,raw_restored,0.2,48,DT_target,0.5575475270666721,1.0
full,raw_restored,0.2,48,FT_K1,0.6139811269903616,1.0
full,raw_restored,0.2,48,FT_K3,0.6119229189634212,1.0
full,regex_anchor_restored,0.05,48,DT_target,0.47584275472972193,0.7538400251625476
full,regex_anchor_restored,0.05,48,FT_K1,0.5141706386153327,0.7538400251625476
full,regex_anchor_restored,0.05,48,FT_K3,0.5139334204431455,0.7538400251625476
full,regex_anchor_restored,0.1,48,DT_target,0.7456932794063184,0.9747982328299564
full,regex_anchor_restored,0.1,48,FT_K1,0.7141591203694361,0.9747982328299564
full,regex_anchor_restored,0.1,48,FT_K3,0.7373274145516185,0.9747982328299564
full,regex_anchor_restored,0.2,48,DT_target,0.8834684065992647,1.0
full,regex_anchor_restored,0.2,48,FT_K1,0.8260511767220379,1.0
full,regex_anchor_restored,0.2,48,FT_K3,0.8254068468251305,1.0
full,regex_cached,0.05,48,DT_target,0.4453851974780451,0.7538400251625476
full,regex_cached,0.05,48,FT_K1,0.5006341706143214,0.7538400251625476
full,regex_cached,0.05,48,FT_K3,0.5080241040774114,0.7538400251625476
full,regex_cached,0.1,48,DT_target,0.7381444180831901,0.9747982328299564
full,regex_cached,0.1,48,FT_K1,0.7067055015360214,0.9747982328299564
full,regex_cached,0.1,48,FT_K3,0.7208620695981084,0.9747982328299564
full,regex_cached,0.2,48,DT_target,0.8805768939914627,1.0
full,regex_cached,0.2,48,FT_K1,0.8333393321272933,1.0
full,regex_cached,0.2,48,FT_K3,0.8326950022303862,1.0
full,regex_restored,0.05,48,DT_target,0.4453851974780451,0.7538400251625476
full,regex_restored,0.05,48,FT_K1,0.5006341706143214,0.7538400251625476
full,regex_restored,0.05,48,FT_K3,0.5080241040774114,0.7538400251625476
full,regex_restored,0.1,48,DT_target,0.7381444180831901,0.9747982328299564
full,regex_restored,0.1,48,FT_K1,0.7067055015360214,0.9747982328299564
full,regex_restored,0.1,48,FT_K3,0.7208620695981084,0.9747982328299564
full,regex_restored,0.2,48,DT_target,0.8789743298888985,1.0
full,regex_restored,0.2,48,FT_K1,0.8333393321272933,1.0
full,regex_restored,0.2,48,FT_K3,0.8326950022303862,1.0
