target_mode,labels,subset,n,budget_unit,budget_value,method,precision,recall,f1,exact_match,complete_support,token_recall,fact_recall_ceiling,spent_tokens,unused_tokens,selected_sentences
answer_only,official_restored,all48,48,body_tokens,0.05,DT_target,0.45798611111111104,0.44965277777777773,0.4292162698412698,0.020833333333333332,0.08333333333333333,0.39482281195794083,0.6562499999999999,56.041666666666664,3.0,2.7916666666666665
answer_only,official_restored,all48,48,body_tokens,0.05,FT_K1,0.43893849206349206,0.453125,0.41977513227513225,0.0,0.0625,0.4090896508121056,0.6562499999999999,56.083333333333336,2.9583333333333335,2.8125
answer_only,official_restored,all48,48,body_tokens,0.05,FT_K3,0.4458829365079365,0.4635416666666667,0.42810846560846566,0.0,0.08333333333333333,0.4153125945350493,0.6562499999999999,56.083333333333336,2.9583333333333335,2.8125
answer_only,official_restored,all48,48,body_tokens,0.1,DT_target,0.396394462019462,0.6857638888888888,0.4757795445295446,0.0625,0.3333333333333333,0.6582192072945768,0.9305555555555555,114.70833333333333,2.9166666666666665,5.020833333333333
answer_only,official_restored,all48,48,body_tokens,0.1,FT_K1,0.39001322751322753,0.6545138888888888,0.4645262145262145,0.020833333333333332,0.2708333333333333,0.6091503373678909,0.9305555555555555,114.0,3.625,4.916666666666667
answer_only,official_restored,all48,48,body_tokens,0.1,FT_K3,0.41119378306878307,0.6614583333333334,0.47783639971139974,0.020833333333333332,0.2916666666666667,0.6313804659784749,0.9305555555555555,114.10416666666667,3.5208333333333335,4.833333333333333
answer_only,official_restored,all48,48,body_tokens,0.2,DT_target,0.2595462407962408,0.859375,0.38734887176383337,0.0,0.6875,0.835798507842607,1.0,231.83333333333334,3.0,9.4375
answer_only,official_restored,all48,48,body_tokens,0.2,FT_K1,0.24269619269619266,0.8020833333333334,0.3614298419445478,0.0,0.5416666666666666,0.76948864649423,1.0,231.5,3.3333333333333335,9.354166666666666
answer_only,official_restored,all48,48,body_tokens,0.2,FT_K3,0.24301184926184924,0.8020833333333334,0.36188771740242326,0.0,0.5416666666666666,0.76948864649423,1.0,231.77083333333334,3.0625,9.333333333333334
answer_only,official_restored,all48,48,sentences,2,DT_target,0.6145833333333334,0.4947916666666667,0.5388888888888889,0.08333333333333333,0.08333333333333333,0.4682122735882466,0.829861111111111,53.5,0.0,2.0
answer_only,official_restored,all48,48,sentences,2,FT_K1,0.65625,0.5260416666666666,0.5743055555555555,0.10416666666666667,0.10416666666666667,0.49796427380662167,0.829861111111111,56.145833333333336,0.0,2.0
answer_only,official_restored,all48,48,sentences,2,FT_K3,0.6770833333333334,0.5434027777777778,0.5930555555555556,0.125,0.125,0.5079954612571639,0.829861111111111,56.104166666666664,0.0,2.0
answer_only,official_restored,all48,48,sentences,4,DT_target,0.4635416666666667,0.7291666666666666,0.5570436507936508,0.0,0.4166666666666667,0.6936057873457591,1.0,107.1875,0.0,4.0
answer_only,official_restored,all48,48,sentences,4,FT_K1,0.4375,0.6944444444444443,0.5277777777777778,0.0,0.3541666666666667,0.6637694243175516,1.0,106.75,0.0,4.0
answer_only,official_restored,all48,48,sentences,4,FT_K3,0.4375,0.6944444444444443,0.5277777777777778,0.0,0.3541666666666667,0.6637694243175516,1.0,106.47916666666667,0.0,4.0
answer_only,official_restored,all48,48,sentences,8,DT_target,0.2708333333333333,0.8559027777777777,0.4058712121212121,0.0,0.6666666666666666,0.8226339613513284,1.0,212.70833333333334,0.0,8.0
answer_only,official_restored,all48,48,sentences,8,FT_K1,0.25,0.78125,0.3736111111111111,0.0,0.5,0.7527145378884189,1.0,217.33333333333334,0.0,8.0
answer_only,official_restored,all48,48,sentences,8,FT_K3,0.25,0.78125,0.3736111111111111,0.0,0.5,0.7527145378884189,1.0,217.5,0.0,8.0
answer_only,review_corrected,all48,48,body_tokens,0.05,DT_target,0.46493055555555546,0.4600694444444444,0.4375496031746031,0.020833333333333332,0.08333333333333333,0.40381523013004644,0.6562499999999999,56.041666666666664,3.0,2.7916666666666665
answer_only,review_corrected,all48,48,body_tokens,0.05,FT_K1,0.44414682539682543,0.4635416666666667,0.42671957671957667,0.0,0.08333333333333333,0.41964902055116277,0.6562499999999999,56.083333333333336,2.9583333333333335,2.8125
answer_only,review_corrected,all48,48,body_tokens,0.05,FT_K3,0.45109126984126985,0.4739583333333333,0.43505291005290997,0.0,0.10416666666666667,0.4258719642741065,0.6562499999999999,56.083333333333336,2.9583333333333335,2.8125
answer_only,review_corrected,all48,48,body_tokens,0.1,DT_target,0.396394462019462,0.6857638888888888,0.4757795445295446,0.0625,0.3333333333333333,0.6579873970041729,0.9305555555555555,114.70833333333333,2.9166666666666665,5.020833333333333
answer_only,review_corrected,all48,48,body_tokens,0.1,FT_K1,0.3934854497354497,0.6649305555555555,0.4697345478595478,0.020833333333333332,0.2916666666666667,0.6195666752256349,0.9305555555555555,114.0,3.625,4.916666666666667
answer_only,review_corrected,all48,48,body_tokens,0.1,FT_K3,0.4146660052910052,0.671875,0.4830447330447331,0.020833333333333332,0.3125,0.6417968038362191,0.9305555555555555,114.10416666666667,3.5208333333333335,4.833333333333333
answer_only,review_corrected,all48,48,body_tokens,0.2,DT_target,0.2595462407962408,0.859375,0.38734887176383337,0.0,0.6875,0.835566697552203,1.0,231.83333333333334,3.0,9.4375
answer_only,review_corrected,all48,48,body_tokens,0.2,FT_K1,0.24269619269619266,0.8020833333333334,0.3614298419445478,0.0,0.5416666666666666,0.769256836203826,1.0,231.5,3.3333333333333335,9.354166666666666
answer_only,review_corrected,all48,48,body_tokens,0.2,FT_K3,0.24301184926184924,0.8020833333333334,0.36188771740242326,0.0,0.5416666666666666,0.769256836203826,1.0,231.77083333333334,3.0625,9.333333333333334
answer_only,review_corrected,all48,48,sentences,2,DT_target,0.625,0.5052083333333334,0.5493055555555556,0.08333333333333333,0.08333333333333333,0.4772046917603523,0.829861111111111,53.5,0.0,2.0
answer_only,review_corrected,all48,48,sentences,2,FT_K1,0.6666666666666666,0.5364583333333334,0.5847222222222223,0.125,0.125,0.5085236435456789,0.829861111111111,56.145833333333336,0.0,2.0
answer_only,review_corrected,all48,48,sentences,2,FT_K3,0.6875,0.5538194444444444,0.6034722222222222,0.14583333333333334,0.14583333333333334,0.5185548309962212,0.829861111111111,56.104166666666664,0.0,2.0
answer_only,review_corrected,all48,48,sentences,4,DT_target,0.46875,0.7395833333333334,0.5639880952380952,0.0,0.4375,0.7041651570848163,1.0,107.1875,0.0,4.0
answer_only,review_corrected,all48,48,sentences,4,FT_K1,0.4427083333333333,0.704861111111111,0.5347222222222222,0.0,0.375,0.6743287940566088,1.0,106.75,0.0,4.0
answer_only,review_corrected,all48,48,sentences,4,FT_K3,0.4427083333333333,0.704861111111111,0.5347222222222222,0.0,0.375,0.6743287940566088,1.0,106.47916666666667,0.0,4.0
answer_only,review_corrected,all48,48,sentences,8,DT_target,0.2708333333333333,0.8559027777777777,0.4058712121212121,0.0,0.6666666666666666,0.8224021510609244,1.0,212.70833333333334,0.0,8.0
answer_only,review_corrected,all48,48,sentences,8,FT_K1,0.25,0.78125,0.3736111111111111,0.0,0.5,0.7524827275980148,1.0,217.33333333333334,0.0,8.0
answer_only,review_corrected,all48,48,sentences,8,FT_K3,0.25,0.78125,0.3736111111111111,0.0,0.5,0.7524827275980148,1.0,217.5,0.0,8.0
full,official_restored,all48,48,body_tokens,0.05,DT_target,0.5031249999999999,0.5034722222222222,0.4786706349206349,0.020833333333333332,0.10416666666666667,0.42620079492808727,0.6562499999999999,56.020833333333336,3.0208333333333335,2.8541666666666665
full,official_restored,all48,48,body_tokens,0.05,FT_K1,0.5163690476190476,0.5295138888888888,0.495816798941799,0.020833333333333332,0.10416666666666667,0.4508479123382352,0.6562499999999999,56.104166666666664,2.9375,2.875
full,official_restored,all48,48,body_tokens,0.05,FT_K3,0.5312996031746032,0.5399305555555555,0.5093088624338624,0.041666666666666664,0.125,0.4656716302869531,0.6562499999999999,55.958333333333336,3.0833333333333335,2.8333333333333335
full,official_restored,all48,48,body_tokens,0.1,DT_target,0.43852663540163545,0.765625,0.5337115430865431,0.0625,0.4375,0.7133307135552505,0.9305555555555555,114.45833333333333,3.1666666666666665,5.020833333333333
full,official_restored,all48,48,body_tokens,0.1,FT_K1,0.4472898629148629,0.748263888888889,0.5328652828652829,0.0625,0.4375,0.6968258546797048,0.9305555555555555,114.10416666666667,3.5208333333333335,4.895833333333333
full,official_restored,all48,48,body_tokens,0.1,FT_K3,0.47271825396825395,0.7586805555555557,0.5502976190476191,0.0625,0.4583333333333333,0.7226789843931286,0.9305555555555555,114.20833333333333,3.4166666666666665,4.770833333333333
full,official_restored,all48,48,body_tokens,0.2,DT_target,0.29553176173241963,0.9357638888888888,0.4354719972766648,0.0,0.8125,0.9144768168252259,1.0,232.125,2.7083333333333335,9.145833333333334
full,official_restored,all48,48,body_tokens,0.2,FT_K1,0.25827991023424457,0.8663194444444445,0.387589485248154,0.0,0.6666666666666666,0.8341600791076943,1.0,232.02083333333334,2.8125,9.375
full,official_restored,all48,48,body_tokens,0.2,FT_K3,0.2599409441321206,0.8663194444444445,0.38942422458289333,0.0,0.6666666666666666,0.8341600791076943,1.0,232.02083333333334,2.8125,9.333333333333334
full,official_restored,all48,48,sentences,2,DT_target,0.7395833333333334,0.5833333333333334,0.6409722222222222,0.14583333333333334,0.14583333333333334,0.5335995142575646,0.829861111111111,54.3125,0.0,2.0
full,official_restored,all48,48,sentences,2,FT_K1,0.78125,0.625,0.6826388888888889,0.20833333333333334,0.20833333333333334,0.5771070036796773,0.829861111111111,56.833333333333336,0.0,2.0
full,official_restored,all48,48,sentences,2,FT_K3,0.7916666666666666,0.6319444444444444,0.6909722222222222,0.20833333333333334,0.20833333333333334,0.5889797635363081,0.829861111111111,58.208333333333336,0.0,2.0
full,official_restored,all48,48,sentences,4,DT_target,0.515625,0.8090277777777777,0.6190476190476191,0.0,0.5208333333333334,0.7715538285217547,1.0,109.77083333333333,0.0,4.0
full,official_restored,all48,48,sentences,4,FT_K1,0.5,0.7847222222222222,0.6001984126984127,0.041666666666666664,0.5,0.754501481933211,1.0,111.875,0.0,4.0
full,official_restored,all48,48,sentences,4,FT_K3,0.5052083333333334,0.7916666666666666,0.6061507936507936,0.041666666666666664,0.5208333333333334,0.7657021987790892,1.0,110.83333333333333,0.0,4.0
full,official_restored,all48,48,sentences,8,DT_target,0.3020833333333333,0.9461805555555555,0.4515782828282828,0.0,0.8333333333333334,0.9246969426113895,1.0,219.91666666666666,0.0,8.0
full,official_restored,all48,48,sentences,8,FT_K1,0.2786458333333333,0.8767361111111112,0.41698232323232326,0.0,0.6875,0.8483166383967339,1.0,215.08333333333334,0.0,8.0
full,official_restored,all48,48,sentences,8,FT_K3,0.2786458333333333,0.8767361111111112,0.41698232323232326,0.0,0.6875,0.8483166383967339,1.0,215.70833333333334,0.0,8.0
full,review_corrected,all48,48,body_tokens,0.05,DT_target,0.5100694444444445,0.5138888888888888,0.48700396825396824,0.020833333333333332,0.10416666666666667,0.4350107241481728,0.6562499999999999,56.020833333333336,3.0208333333333335,2.8541666666666665
full,review_corrected,all48,48,body_tokens,0.05,FT_K1,0.5215773809523809,0.5399305555555555,0.5027612433862434,0.020833333333333332,0.125,0.4612247931252722,0.6562499999999999,56.104166666666664,2.9375,2.875
full,review_corrected,all48,48,body_tokens,0.05,FT_K3,0.5365079365079365,0.5503472222222222,0.516253306878307,0.041666666666666664,0.14583333333333334,0.4760485110739901,0.6562499999999999,55.958333333333336,3.0833333333333335,2.8333333333333335
full,review_corrected,all48,48,body_tokens,0.1,DT_target,0.44373496873496876,0.7708333333333334,0.5389198764198765,0.0625,0.4375,0.7223713148810079,0.9305555555555555,114.45833333333333,3.1666666666666665,5.020833333333333
full,review_corrected,all48,48,body_tokens,0.1,FT_K1,0.4559704184704185,0.763888888888889,0.5432819495319495,0.0625,0.4583333333333333,0.7165146041536105,0.9305555555555555,114.10416666666667,3.5208333333333335,4.895833333333333
full,review_corrected,all48,48,body_tokens,0.1,FT_K3,0.48139880952380953,0.7743055555555557,0.5607142857142857,0.0625,0.4791666666666667,0.7423677338670344,0.9305555555555555,114.20833333333333,3.4166666666666665,4.770833333333333
full,review_corrected,all48,48,body_tokens,0.2,DT_target,0.29784657654723445,0.9409722222222222,0.438677125481793,0.0,0.8333333333333334,0.9234286397418926,1.0,232.125,2.7083333333333335,9.145833333333334
full,review_corrected,all48,48,body_tokens,0.2,FT_K1,0.26017384962818396,0.8715277777777778,0.3903672630259318,0.0,0.6875,0.8431119020243609,1.0,232.02083333333334,2.8125,9.375
full,review_corrected,all48,48,body_tokens,0.2,FT_K3,0.26183488352606,0.8715277777777778,0.3922020023606711,0.0,0.6875,0.8431119020243609,1.0,232.02083333333334,2.8125,9.333333333333334
full,review_corrected,all48,48,sentences,2,DT_target,0.75,0.59375,0.6513888888888889,0.14583333333333334,0.14583333333333334,0.54240944347765,0.829861111111111,54.3125,0.0,2.0
full,review_corrected,all48,48,sentences,2,FT_K1,0.7916666666666666,0.6354166666666666,0.6930555555555555,0.22916666666666666,0.22916666666666666,0.5874838844667143,0.829861111111111,56.833333333333336,0.0,2.0
full,review_corrected,all48,48,sentences,2,FT_K3,0.8020833333333334,0.642361111111111,0.7013888888888888,0.22916666666666666,0.22916666666666666,0.5993566443233451,0.829861111111111,58.208333333333336,0.0,2.0
full,review_corrected,all48,48,sentences,4,DT_target,0.5260416666666666,0.8246527777777777,0.6312003968253969,0.0,0.5416666666666666,0.7912425779956603,1.0,109.77083333333333,0.0,4.0
full,review_corrected,all48,48,sentences,4,FT_K1,0.5104166666666666,0.8003472222222222,0.6123511904761905,0.041666666666666664,0.5208333333333334,0.7741902314071168,1.0,111.875,0.0,4.0
full,review_corrected,all48,48,sentences,4,FT_K3,0.515625,0.8072916666666666,0.6183035714285715,0.041666666666666664,0.5416666666666666,0.7853909482529949,1.0,110.83333333333333,0.0,4.0
full,review_corrected,all48,48,sentences,8,DT_target,0.3046875,0.9513888888888888,0.455050505050505,0.0,0.8541666666666666,0.9336487655280562,1.0,219.91666666666666,0.0,8.0
full,review_corrected,all48,48,sentences,8,FT_K1,0.28125,0.8819444444444445,0.42045454545454547,0.0,0.6875,0.8573572397224916,1.0,215.08333333333334,0.0,8.0
full,review_corrected,all48,48,sentences,8,FT_K3,0.28125,0.8819444444444445,0.42045454545454547,0.0,0.6875,0.8573572397224916,1.0,215.70833333333334,0.0,8.0
answer_only,official_restored,unambiguous45,45,body_tokens,0.05,DT_target,0.45888888888888885,0.44629629629629625,0.42735449735449726,0.022222222222222223,0.08888888888888889,0.39470688131768544,0.6444444444444444,56.46666666666667,3.0,2.7777777777777777
answer_only,official_restored,unambiguous45,45,body_tokens,0.05,FT_K1,0.4533862433862433,0.46666666666666656,0.43252204585537907,0.0,0.06666666666666667,0.419112876950162,0.6444444444444444,56.55555555555556,2.911111111111111,2.8444444444444446
answer_only,official_restored,unambiguous45,45,body_tokens,0.05,FT_K3,0.46079365079365076,0.4777777777777777,0.441410934744268,0.0,0.08888888888888889,0.4257506835879687,0.6444444444444444,56.55555555555556,2.911111111111111,2.8444444444444446
answer_only,official_restored,unambiguous45,45,body_tokens,0.1,DT_target,0.4024503891170558,0.6925925925925926,0.4812018845352178,0.06666666666666667,0.35555555555555557,0.6711758568562511,0.9259259259259258,115.57777777777778,2.8666666666666667,5.0
answer_only,official_restored,unambiguous45,45,body_tokens,0.1,FT_K1,0.40416225749559076,0.6759259259259259,0.4802565335898669,0.022222222222222223,0.28888888888888886,0.6280237631224869,0.9259259259259258,114.62222222222222,3.8222222222222224,4.911111111111111
answer_only,official_restored,unambiguous45,45,body_tokens,0.1,FT_K3,0.42675485008818337,0.6833333333333335,0.4944540644540645,0.022222222222222223,0.3111111111111111,0.6517359003071099,0.9259259259259258,114.73333333333333,3.7111111111111112,4.822222222222222
answer_only,official_restored,unambiguous45,45,body_tokens,0.2,DT_target,0.25993574326907654,0.8611111111111112,0.38754442425371666,0.0,0.6888888888888889,0.8406637075107467,1.0,233.64444444444445,2.8222222222222224,9.466666666666667
answer_only,official_restored,unambiguous45,45,body_tokens,0.2,FT_K1,0.25003755503755504,0.8277777777777776,0.3721918314075176,0.0,0.5777777777777777,0.7962735150794708,1.0,232.95555555555555,3.511111111111111,9.355555555555556
answer_only,official_restored,unambiguous45,45,body_tokens,0.2,FT_K3,0.2503742553742554,0.8277777777777776,0.3726802318959181,0.0,0.5777777777777777,0.7962735150794708,1.0,233.24444444444444,3.2222222222222223,9.333333333333334
answer_only,official_restored,unambiguous45,45,sentences,2,DT_target,0.6222222222222222,0.49999999999999994,0.5451851851851852,0.08888888888888889,0.08888888888888889,0.4757667515011228,0.8296296296296294,54.733333333333334,0.0,2.0
answer_only,official_restored,unambiguous45,45,sentences,2,FT_K1,0.6777777777777778,0.5444444444444445,0.5940740740740741,0.1111111111111111,0.1111111111111111,0.5139124748109791,0.8296296296296294,55.93333333333333,0.0,2.0
answer_only,official_restored,unambiguous45,45,sentences,2,FT_K3,0.7,0.562962962962963,0.6140740740740741,0.13333333333333333,0.13333333333333333,0.5246124080915576,0.8296296296296294,55.888888888888886,0.0,2.0
answer_only,official_restored,unambiguous45,45,sentences,4,DT_target,0.4666666666666667,0.7388888888888889,0.5626984126984128,0.0,0.4444444444444444,0.7089215422441788,1.0,108.8,0.0,4.0
answer_only,official_restored,unambiguous45,45,sentences,4,FT_K1,0.45,0.7185185185185186,0.5444444444444446,0.0,0.37777777777777777,0.6862841225354583,1.0,107.24444444444444,0.0,4.0
answer_only,official_restored,unambiguous45,45,sentences,4,FT_K3,0.45,0.7185185185185186,0.5444444444444446,0.0,0.37777777777777777,0.6862841225354583,1.0,106.95555555555555,0.0,4.0
answer_only,official_restored,unambiguous45,45,sentences,8,DT_target,0.2722222222222222,0.8629629629629628,0.40848484848484845,0.0,0.6888888888888889,0.8364505844157759,1.0,215.2,0.0,8.0
answer_only,official_restored,unambiguous45,45,sentences,8,FT_K1,0.25833333333333336,0.811111111111111,0.38666666666666655,0.0,0.5333333333333333,0.7811589103443833,1.0,219.17777777777778,0.0,8.0
answer_only,official_restored,unambiguous45,45,sentences,8,FT_K3,0.25833333333333336,0.811111111111111,0.38666666666666655,0.0,0.5333333333333333,0.7811589103443833,1.0,219.35555555555555,0.0,8.0
answer_only,review_corrected,unambiguous45,45,body_tokens,0.05,DT_target,0.4662962962962963,0.4574074074074074,0.43624338624338616,0.022222222222222223,0.08888888888888889,0.4042987940345982,0.6444444444444444,56.46666666666667,3.0,2.7777777777777777
answer_only,review_corrected,unambiguous45,45,body_tokens,0.05,FT_K1,0.4589417989417989,0.4777777777777777,0.43992945326278654,0.0,0.08888888888888889,0.430376204671823,0.6444444444444444,56.55555555555556,2.911111111111111,2.8444444444444446
answer_only,review_corrected,unambiguous45,45,body_tokens,0.05,FT_K3,0.4663492063492063,0.4888888888888888,0.4488183421516755,0.0,0.1111111111111111,0.4370140113096297,0.6444444444444444,56.55555555555556,2.911111111111111,2.8444444444444446
answer_only,review_corrected,unambiguous45,45,body_tokens,0.1,DT_target,0.4024503891170558,0.6925925925925926,0.4812018845352178,0.06666666666666667,0.35555555555555557,0.670928592546487,0.9259259259259258,115.57777777777778,2.8666666666666667,5.0
answer_only,review_corrected,unambiguous45,45,body_tokens,0.1,FT_K1,0.40786596119929447,0.6870370370370371,0.4858120891454225,0.022222222222222223,0.3111111111111111,0.6391345235040807,0.9259259259259258,114.62222222222222,3.8222222222222224,4.911111111111111
answer_only,review_corrected,unambiguous45,45,body_tokens,0.1,FT_K3,0.43045855379188713,0.6944444444444445,0.50000962000962,0.022222222222222223,0.3333333333333333,0.6628466606887036,0.9259259259259258,114.73333333333333,3.7111111111111112,4.822222222222222
answer_only,review_corrected,unambiguous45,45,body_tokens,0.2,DT_target,0.25993574326907654,0.8611111111111112,0.38754442425371666,0.0,0.6888888888888889,0.8404164432009824,1.0,233.64444444444445,2.8222222222222224,9.466666666666667
answer_only,review_corrected,unambiguous45,45,body_tokens,0.2,FT_K1,0.25003755503755504,0.8277777777777776,0.3721918314075176,0.0,0.5777777777777777,0.7960262507697063,1.0,232.95555555555555,3.511111111111111,9.355555555555556
answer_only,review_corrected,unambiguous45,45,body_tokens,0.2,FT_K3,0.2503742553742554,0.8277777777777776,0.3726802318959181,0.0,0.5777777777777777,0.7960262507697063,1.0,233.24444444444444,3.2222222222222223,9.333333333333334
answer_only,review_corrected,unambiguous45,45,sentences,2,DT_target,0.6333333333333333,0.5111111111111111,0.5562962962962963,0.08888888888888889,0.08888888888888889,0.4853586642180354,0.8296296296296294,54.733333333333334,0.0,2.0
answer_only,review_corrected,unambiguous45,45,sentences,2,FT_K1,0.6888888888888889,0.5555555555555556,0.6051851851851852,0.13333333333333333,0.13333333333333333,0.5251758025326402,0.8296296296296294,55.93333333333333,0.0,2.0
answer_only,review_corrected,unambiguous45,45,sentences,2,FT_K3,0.7111111111111111,0.5740740740740742,0.6251851851851852,0.15555555555555556,0.15555555555555556,0.5358757358132187,0.8296296296296294,55.888888888888886,0.0,2.0
answer_only,review_corrected,unambiguous45,45,sentences,4,DT_target,0.4722222222222222,0.75,0.5701058201058202,0.0,0.4666666666666667,0.7201848699658399,1.0,108.8,0.0,4.0
answer_only,review_corrected,unambiguous45,45,sentences,4,FT_K1,0.45555555555555555,0.7296296296296296,0.551851851851852,0.0,0.4,0.6975474502571194,1.0,107.24444444444444,0.0,4.0
answer_only,review_corrected,unambiguous45,45,sentences,4,FT_K3,0.45555555555555555,0.7296296296296296,0.551851851851852,0.0,0.4,0.6975474502571194,1.0,106.95555555555555,0.0,4.0
answer_only,review_corrected,unambiguous45,45,sentences,8,DT_target,0.2722222222222222,0.8629629629629628,0.40848484848484845,0.0,0.6888888888888889,0.8362033201060116,1.0,215.2,0.0,8.0
answer_only,review_corrected,unambiguous45,45,sentences,8,FT_K1,0.25833333333333336,0.811111111111111,0.38666666666666655,0.0,0.5333333333333333,0.780911646034619,1.0,219.17777777777778,0.0,8.0
answer_only,review_corrected,unambiguous45,45,sentences,8,FT_K3,0.25833333333333336,0.811111111111111,0.38666666666666655,0.0,0.5333333333333333,0.780911646034619,1.0,219.35555555555555,0.0,8.0
full,official_restored,unambiguous45,45,body_tokens,0.05,DT_target,0.5070370370370371,0.5037037037037037,0.48010582010582004,0.022222222222222223,0.1111111111111111,0.42646732810977334,0.6444444444444444,56.28888888888889,3.1777777777777776,2.8444444444444446
full,official_restored,unambiguous45,45,body_tokens,0.05,FT_K1,0.5211640211640212,0.5314814814814813,0.49839506172839504,0.022222222222222223,0.1111111111111111,0.4527575866805977,0.6444444444444444,56.333333333333336,3.1333333333333333,2.8666666666666667
full,official_restored,unambiguous45,45,body_tokens,0.05,FT_K3,0.5222751322751322,0.5314814814814813,0.499453262786596,0.022222222222222223,0.1111111111111111,0.4527575866805977,0.6444444444444444,56.333333333333336,3.1333333333333333,2.8444444444444446
full,official_restored,unambiguous45,45,body_tokens,0.1,DT_target,0.44331729998396663,0.7666666666666667,0.5369113602446937,0.06666666666666667,0.4444444444444444,0.714149497722337,0.9259259259259258,115.22222222222223,3.2222222222222223,5.0
full,official_restored,unambiguous45,45,body_tokens,0.1,FT_K1,0.45859066859066855,0.7648148148148147,0.5446859313525981,0.06666666666666667,0.4666666666666667,0.7151340585114986,0.9259259259259258,114.84444444444445,3.6,4.911111111111111
full,official_restored,unambiguous45,45,body_tokens,0.1,FT_K3,0.4801587301587301,0.7648148148148147,0.555873015873016,0.06666666666666667,0.4666666666666667,0.7268987643938515,0.9259259259259258,114.82222222222222,3.6222222222222222,4.777777777777778
full,official_restored,unambiguous45,45,body_tokens,0.2,DT_target,0.2958511631318649,0.9314814814814816,0.4348353540936661,0.0,0.8,0.9087752712802412,1.0,233.75555555555556,2.7111111111111112,9.155555555555555
full,official_restored,unambiguous45,45,body_tokens,0.2,FT_K1,0.2561158548671448,0.8574074074074073,0.38376067459658786,0.0,0.6444444444444445,0.8231040843815406,1.0,233.55555555555554,2.911111111111111,9.4
full,official_restored,unambiguous45,45,body_tokens,0.2,FT_K3,0.25788762435821255,0.8574074074074073,0.38571772988697656,0.0,0.6444444444444445,0.8231040843815406,1.0,233.55555555555554,2.911111111111111,9.355555555555556
full,official_restored,unambiguous45,45,sentences,2,DT_target,0.7444444444444445,0.5888888888888889,0.6466666666666667,0.15555555555555556,0.15555555555555556,0.5410259620612158,0.8296296296296294,54.84444444444444,0.0,2.0
full,official_restored,unambiguous45,45,sentences,2,FT_K1,0.7888888888888889,0.6333333333333334,0.6911111111111111,0.2222222222222222,0.2222222222222222,0.587433950778136,0.8296296296296294,57.53333333333333,0.0,2.0
full,official_restored,unambiguous45,45,sentences,2,FT_K3,0.8,0.6407407407407408,0.7000000000000001,0.2222222222222222,0.2222222222222222,0.6000982279585422,0.8296296296296294,59.0,0.0,2.0
full,official_restored,unambiguous45,45,sentences,4,DT_target,0.5166666666666667,0.812962962962963,0.6214285714285716,0.0,0.5333333333333333,0.7762541536866082,1.0,111.5111111111111,0.0,4.0
full,official_restored,unambiguous45,45,sentences,4,FT_K1,0.5055555555555555,0.7925925925925925,0.606878306878307,0.044444444444444446,0.5111111111111111,0.7608427617699396,1.0,112.64444444444445,0.0,4.0
full,official_restored,unambiguous45,45,sentences,4,FT_K3,0.5111111111111111,0.7999999999999998,0.6132275132275133,0.044444444444444446,0.5333333333333333,0.7727901930722094,1.0,111.53333333333333,0.0,4.0
full,official_restored,unambiguous45,45,sentences,8,DT_target,0.3,0.9425925925925926,0.44909090909090915,0.0,0.8222222222222222,0.9196767387854822,1.0,222.22222222222223,0.0,8.0
full,official_restored,unambiguous45,45,sentences,8,FT_K1,0.28055555555555556,0.8851851851851852,0.42033670033670034,0.0,0.7111111111111111,0.8581344842199194,1.0,217.46666666666667,0.0,8.0
full,official_restored,unambiguous45,45,sentences,8,FT_K3,0.28055555555555556,0.8851851851851852,0.42033670033670034,0.0,0.7111111111111111,0.8581344842199194,1.0,218.13333333333333,0.0,8.0
full,review_corrected,unambiguous45,45,body_tokens,0.05,DT_target,0.5144444444444444,0.5148148148148147,0.488994708994709,0.022222222222222223,0.1111111111111111,0.43586458594453115,0.6444444444444444,56.28888888888889,3.1777777777777776,2.8444444444444446
full,review_corrected,unambiguous45,45,body_tokens,0.05,FT_K1,0.5267195767195767,0.5425925925925925,0.5058024691358024,0.022222222222222223,0.13333333333333333,0.4638262595201038,0.6444444444444444,56.333333333333336,3.1333333333333333,2.8666666666666667
full,review_corrected,unambiguous45,45,body_tokens,0.05,FT_K3,0.5278306878306878,0.5425925925925925,0.5068606701940035,0.022222222222222223,0.13333333333333333,0.4638262595201038,0.6444444444444444,56.333333333333336,3.1333333333333333,2.8444444444444446
full,review_corrected,unambiguous45,45,body_tokens,0.1,DT_target,0.4488728555395222,0.7722222222222223,0.5424669158002492,0.06666666666666667,0.4444444444444444,0.7237928058031451,0.9259259259259258,115.22222222222223,3.2222222222222223,5.0
full,review_corrected,unambiguous45,45,body_tokens,0.1,FT_K1,0.46784992784992785,0.7814814814814814,0.5557970424637092,0.06666666666666667,0.4888888888888889,0.7361353912836647,0.9259259259259258,114.84444444444445,3.6,4.911111111111111
full,review_corrected,unambiguous45,45,body_tokens,0.1,FT_K3,0.48941798941798936,0.7814814814814814,0.5669841269841271,0.06666666666666667,0.4888888888888889,0.7479000971660177,0.9259259259259258,114.82222222222222,3.6222222222222222,4.777777777777778
full,review_corrected,unambiguous45,45,body_tokens,0.2,DT_target,0.298320298934334,0.9370370370370371,0.43825415751246954,0.0,0.8222222222222222,0.9183238823913522,1.0,233.75555555555556,2.7111111111111112,9.155555555555555
full,review_corrected,unambiguous45,45,body_tokens,0.2,FT_K1,0.25813605688734687,0.8629629629629628,0.3867236375595508,0.0,0.6666666666666666,0.8326526954926516,1.0,233.55555555555554,2.911111111111111,9.4
full,review_corrected,unambiguous45,45,body_tokens,0.2,FT_K3,0.2599078263784146,0.8629629629629628,0.3886806928499395,0.0,0.6666666666666666,0.8326526954926516,1.0,233.55555555555554,2.911111111111111,9.355555555555556
full,review_corrected,unambiguous45,45,sentences,2,DT_target,0.7555555555555555,0.6,0.6577777777777778,0.15555555555555556,0.15555555555555556,0.5504232198959735,0.8296296296296294,54.84444444444444,0.0,2.0
full,review_corrected,unambiguous45,45,sentences,2,FT_K1,0.8,0.6444444444444445,0.7022222222222223,0.24444444444444444,0.24444444444444444,0.5985026236176422,0.8296296296296294,57.53333333333333,0.0,2.0
full,review_corrected,unambiguous45,45,sentences,2,FT_K3,0.8111111111111111,0.651851851851852,0.7111111111111111,0.24444444444444444,0.24444444444444444,0.6111669007980484,0.8296296296296294,59.0,0.0,2.0
full,review_corrected,unambiguous45,45,sentences,4,DT_target,0.5277777777777778,0.8296296296296297,0.6343915343915345,0.0,0.5555555555555556,0.7972554864587743,1.0,111.5111111111111,0.0,4.0
full,review_corrected,unambiguous45,45,sentences,4,FT_K1,0.5166666666666667,0.8092592592592592,0.6198412698412699,0.044444444444444446,0.5333333333333333,0.7818440945421057,1.0,112.64444444444445,0.0,4.0
full,review_corrected,unambiguous45,45,sentences,4,FT_K3,0.5222222222222223,0.8166666666666665,0.6261904761904762,0.044444444444444446,0.5555555555555556,0.7937915258443756,1.0,111.53333333333333,0.0,4.0
full,review_corrected,unambiguous45,45,sentences,8,DT_target,0.30277777777777776,0.9481481481481483,0.4527946127946128,0.0,0.8444444444444444,0.9292253498965932,1.0,222.22222222222223,0.0,8.0
full,review_corrected,unambiguous45,45,sentences,8,FT_K1,0.2833333333333333,0.8907407407407408,0.42404040404040405,0.0,0.7111111111111111,0.8677777923007276,1.0,217.46666666666667,0.0,8.0
full,review_corrected,unambiguous45,45,sentences,8,FT_K3,0.2833333333333333,0.8907407407407408,0.42404040404040405,0.0,0.7111111111111111,0.8677777923007276,1.0,218.13333333333333,0.0,8.0
