dataset,index,target_mode,method,view,fraction,recall,budget,gold,ceiling
vt_h2_c3,0,full,DT_original,raw,0.05,0.23076923076923078,17,26,0.6538461538461539
vt_h2_c3,0,full,DT_original,raw,0.1,0.3076923076923077,33,26,1.0
vt_h2_c3,0,full,DT_original,raw,0.2,0.8076923076923077,66,26,1.0
vt_h2_c3,0,full,DT_original,density,0.05,0.2692307692307692,17,26,0.6538461538461539
vt_h2_c3,0,full,DT_original,density,0.1,0.5384615384615384,33,26,1.0
vt_h2_c3,0,full,DT_original,density,0.2,0.6538461538461539,66,26,1.0
vt_h2_c3,0,full,DT_target,raw,0.05,0.23076923076923078,17,26,0.6538461538461539
vt_h2_c3,0,full,DT_target,raw,0.1,0.3076923076923077,33,26,1.0
vt_h2_c3,0,full,DT_target,raw,0.2,0.8076923076923077,66,26,1.0
vt_h2_c3,0,full,DT_target,density,0.05,0.2692307692307692,17,26,0.6538461538461539
vt_h2_c3,0,full,DT_target,density,0.1,0.5384615384615384,33,26,1.0
vt_h2_c3,0,full,DT_target,density,0.2,0.6538461538461539,66,26,1.0
vt_h2_c3,0,full,DT_weighted_identity,raw,0.05,0.23076923076923078,17,26,0.6538461538461539
vt_h2_c3,0,full,DT_weighted_identity,raw,0.1,0.3076923076923077,33,26,1.0
vt_h2_c3,0,full,DT_weighted_identity,raw,0.2,0.8076923076923077,66,26,1.0
vt_h2_c3,0,full,DT_weighted_identity,density,0.05,0.2692307692307692,17,26,0.6538461538461539
vt_h2_c3,0,full,DT_weighted_identity,density,0.1,0.5384615384615384,33,26,1.0
vt_h2_c3,0,full,DT_weighted_identity,density,0.2,0.6538461538461539,66,26,1.0
vt_h2_c3,0,full,FT_K1,raw,0.05,0.38461538461538464,17,26,0.6538461538461539
vt_h2_c3,0,full,FT_K1,raw,0.1,0.5384615384615384,33,26,1.0
vt_h2_c3,0,full,FT_K1,raw,0.2,0.8076923076923077,66,26,1.0
vt_h2_c3,0,full,FT_K1,density,0.05,0.6538461538461539,17,26,0.6538461538461539
vt_h2_c3,0,full,FT_K1,density,0.1,0.6538461538461539,33,26,1.0
vt_h2_c3,0,full,FT_K1,density,0.2,1.0,66,26,1.0
vt_h2_c3,0,full,FT_K3,raw,0.05,0.34615384615384615,17,26,0.6538461538461539
vt_h2_c3,0,full,FT_K3,raw,0.1,0.5384615384615384,33,26,1.0
vt_h2_c3,0,full,FT_K3,raw,0.2,0.8076923076923077,66,26,1.0
vt_h2_c3,0,full,FT_K3,density,0.05,0.6538461538461539,17,26,0.6538461538461539
vt_h2_c3,0,full,FT_K3,density,0.1,0.6538461538461539,33,26,1.0
vt_h2_c3,0,full,FT_K3,density,0.2,1.0,66,26,1.0
vt_h2_c3,0,answer_conditioned,DT_target,raw,0.05,0.15384615384615385,17,26,0.6538461538461539
vt_h2_c3,0,answer_conditioned,DT_target,raw,0.1,0.19230769230769232,33,26,1.0
vt_h2_c3,0,answer_conditioned,DT_target,raw,0.2,0.2692307692307692,66,26,1.0
vt_h2_c3,0,answer_conditioned,DT_target,density,0.05,0.34615384615384615,17,26,0.6538461538461539
vt_h2_c3,0,answer_conditioned,DT_target,density,0.1,0.34615384615384615,33,26,1.0
vt_h2_c3,0,answer_conditioned,DT_target,density,0.2,0.34615384615384615,66,26,1.0
vt_h2_c3,0,answer_conditioned,FT_K1,raw,0.05,0.5,17,26,0.6538461538461539
vt_h2_c3,0,answer_conditioned,FT_K1,raw,0.1,0.6538461538461539,33,26,1.0
vt_h2_c3,0,answer_conditioned,FT_K1,raw,0.2,0.8076923076923077,66,26,1.0
vt_h2_c3,0,answer_conditioned,FT_K1,density,0.05,0.6538461538461539,17,26,0.6538461538461539
vt_h2_c3,0,answer_conditioned,FT_K1,density,0.1,1.0,33,26,1.0
vt_h2_c3,0,answer_conditioned,FT_K1,density,0.2,1.0,66,26,1.0
vt_h2_c3,0,answer_conditioned,FT_K3,raw,0.05,0.5,17,26,0.6538461538461539
vt_h2_c3,0,answer_conditioned,FT_K3,raw,0.1,0.6538461538461539,33,26,1.0
vt_h2_c3,0,answer_conditioned,FT_K3,raw,0.2,0.7692307692307693,66,26,1.0
vt_h2_c3,0,answer_conditioned,FT_K3,density,0.05,0.6538461538461539,17,26,0.6538461538461539
vt_h2_c3,0,answer_conditioned,FT_K3,density,0.1,1.0,33,26,1.0
vt_h2_c3,0,answer_conditioned,FT_K3,density,0.2,1.0,66,26,1.0
vt_h2_c3,0,answer_only,DT_target,raw,0.05,0.6538461538461539,17,26,0.6538461538461539
vt_h2_c3,0,answer_only,DT_target,raw,0.1,0.8076923076923077,33,26,1.0
vt_h2_c3,0,answer_only,DT_target,raw,0.2,0.9615384615384616,66,26,1.0
vt_h2_c3,0,answer_only,DT_target,density,0.05,0.6538461538461539,17,26,0.6538461538461539
vt_h2_c3,0,answer_only,DT_target,density,0.1,1.0,33,26,1.0
vt_h2_c3,0,answer_only,DT_target,density,0.2,1.0,66,26,1.0
vt_h2_c3,0,answer_only,FT_K1,raw,0.05,0.5769230769230769,17,26,0.6538461538461539
vt_h2_c3,0,answer_only,FT_K1,raw,0.1,0.6538461538461539,33,26,1.0
vt_h2_c3,0,answer_only,FT_K1,raw,0.2,0.8461538461538461,66,26,1.0
vt_h2_c3,0,answer_only,FT_K1,density,0.05,0.6538461538461539,17,26,0.6538461538461539
vt_h2_c3,0,answer_only,FT_K1,density,0.1,1.0,33,26,1.0
vt_h2_c3,0,answer_only,FT_K1,density,0.2,1.0,66,26,1.0
vt_h2_c3,0,answer_only,FT_K3,raw,0.05,0.5769230769230769,17,26,0.6538461538461539
vt_h2_c3,0,answer_only,FT_K3,raw,0.1,0.6538461538461539,33,26,1.0
vt_h2_c3,0,answer_only,FT_K3,raw,0.2,0.8461538461538461,66,26,1.0
vt_h2_c3,0,answer_only,FT_K3,density,0.05,0.6538461538461539,17,26,0.6538461538461539
vt_h2_c3,0,answer_only,FT_K3,density,0.1,1.0,33,26,1.0
vt_h2_c3,0,answer_only,FT_K3,density,0.2,1.0,66,26,1.0
vt_h2_c3,1,full,DT_original,raw,0.05,0.25925925925925924,17,27,0.6296296296296297
vt_h2_c3,1,full,DT_original,raw,0.1,0.4444444444444444,33,27,1.0
vt_h2_c3,1,full,DT_original,raw,0.2,0.8518518518518519,66,27,1.0
vt_h2_c3,1,full,DT_original,density,0.05,0.0,17,27,0.6296296296296297
vt_h2_c3,1,full,DT_original,density,0.1,0.3333333333333333,33,27,1.0
vt_h2_c3,1,full,DT_original,density,0.2,1.0,66,27,1.0
vt_h2_c3,1,full,DT_target,raw,0.05,0.25925925925925924,17,27,0.6296296296296297
vt_h2_c3,1,full,DT_target,raw,0.1,0.4444444444444444,33,27,1.0
vt_h2_c3,1,full,DT_target,raw,0.2,0.8518518518518519,66,27,1.0
vt_h2_c3,1,full,DT_target,density,0.05,0.0,17,27,0.6296296296296297
vt_h2_c3,1,full,DT_target,density,0.1,0.3333333333333333,33,27,1.0
vt_h2_c3,1,full,DT_target,density,0.2,1.0,66,27,1.0
vt_h2_c3,1,full,FT_K1,raw,0.05,0.48148148148148145,17,27,0.6296296296296297
vt_h2_c3,1,full,FT_K1,raw,0.1,0.7037037037037037,33,27,1.0
vt_h2_c3,1,full,FT_K1,raw,0.2,0.9629629629629629,66,27,1.0
vt_h2_c3,1,full,FT_K1,density,0.05,0.6296296296296297,17,27,0.6296296296296297
vt_h2_c3,1,full,FT_K1,density,0.1,1.0,33,27,1.0
vt_h2_c3,1,full,FT_K1,density,0.2,1.0,66,27,1.0
vt_h2_c3,1,full,FT_K3,raw,0.05,0.5185185185185185,17,27,0.6296296296296297
vt_h2_c3,1,full,FT_K3,raw,0.1,0.7037037037037037,33,27,1.0
vt_h2_c3,1,full,FT_K3,raw,0.2,1.0,66,27,1.0
vt_h2_c3,1,full,FT_K3,density,0.05,0.6296296296296297,17,27,0.6296296296296297
vt_h2_c3,1,full,FT_K3,density,0.1,1.0,33,27,1.0
vt_h2_c3,1,full,FT_K3,density,0.2,1.0,66,27,1.0
vt_h2_c3,1,answer_conditioned,DT_target,raw,0.05,0.4074074074074074,17,27,0.6296296296296297
vt_h2_c3,1,answer_conditioned,DT_target,raw,0.1,0.5925925925925926,33,27,1.0
vt_h2_c3,1,answer_conditioned,DT_target,raw,0.2,0.6296296296296297,66,27,1.0
vt_h2_c3,1,answer_conditioned,DT_target,density,0.05,0.6296296296296297,17,27,0.6296296296296297
vt_h2_c3,1,answer_conditioned,DT_target,density,0.1,1.0,33,27,1.0
vt_h2_c3,1,answer_conditioned,DT_target,density,0.2,1.0,66,27,1.0
vt_h2_c3,1,answer_conditioned,FT_K1,raw,0.05,0.4074074074074074,17,27,0.6296296296296297
vt_h2_c3,1,answer_conditioned,FT_K1,raw,0.1,0.6666666666666666,33,27,1.0
vt_h2_c3,1,answer_conditioned,FT_K1,raw,0.2,0.9259259259259259,66,27,1.0
vt_h2_c3,1,answer_conditioned,FT_K1,density,0.05,0.6296296296296297,17,27,0.6296296296296297
vt_h2_c3,1,answer_conditioned,FT_K1,density,0.1,1.0,33,27,1.0
vt_h2_c3,1,answer_conditioned,FT_K1,density,0.2,1.0,66,27,1.0
vt_h2_c3,1,answer_conditioned,FT_K3,raw,0.05,0.4444444444444444,17,27,0.6296296296296297
vt_h2_c3,1,answer_conditioned,FT_K3,raw,0.1,0.7037037037037037,33,27,1.0
vt_h2_c3,1,answer_conditioned,FT_K3,raw,0.2,0.9259259259259259,66,27,1.0
vt_h2_c3,1,answer_conditioned,FT_K3,density,0.05,0.6296296296296297,17,27,0.6296296296296297
vt_h2_c3,1,answer_conditioned,FT_K3,density,0.1,1.0,33,27,1.0
vt_h2_c3,1,answer_conditioned,FT_K3,density,0.2,1.0,66,27,1.0
vt_h2_c3,1,answer_only,DT_target,raw,0.05,0.6296296296296297,17,27,0.6296296296296297
vt_h2_c3,1,answer_only,DT_target,raw,0.1,0.8888888888888888,33,27,1.0
vt_h2_c3,1,answer_only,DT_target,raw,0.2,0.9629629629629629,66,27,1.0
vt_h2_c3,1,answer_only,DT_target,density,0.05,0.6296296296296297,17,27,0.6296296296296297
vt_h2_c3,1,answer_only,DT_target,density,0.1,1.0,33,27,1.0
vt_h2_c3,1,answer_only,DT_target,density,0.2,1.0,66,27,1.0
vt_h2_c3,1,answer_only,FT_K1,raw,0.05,0.5925925925925926,17,27,0.6296296296296297
vt_h2_c3,1,answer_only,FT_K1,raw,0.1,0.7407407407407407,33,27,1.0
vt_h2_c3,1,answer_only,FT_K1,raw,0.2,0.9629629629629629,66,27,1.0
vt_h2_c3,1,answer_only,FT_K1,density,0.05,0.6296296296296297,17,27,0.6296296296296297
vt_h2_c3,1,answer_only,FT_K1,density,0.1,1.0,33,27,1.0
vt_h2_c3,1,answer_only,FT_K1,density,0.2,1.0,66,27,1.0
vt_h2_c3,1,answer_only,FT_K3,raw,0.05,0.5555555555555556,17,27,0.6296296296296297
vt_h2_c3,1,answer_only,FT_K3,raw,0.1,0.7407407407407407,33,27,1.0
vt_h2_c3,1,answer_only,FT_K3,raw,0.2,0.9629629629629629,66,27,1.0
vt_h2_c3,1,answer_only,FT_K3,density,0.05,0.6296296296296297,17,27,0.6296296296296297
vt_h2_c3,1,answer_only,FT_K3,density,0.1,1.0,33,27,1.0
vt_h2_c3,1,answer_only,FT_K3,density,0.2,1.0,66,27,1.0
vt_h2_c3,20,full,DT_original,raw,0.05,0.5357142857142857,17,28,0.6071428571428571
vt_h2_c3,20,full,DT_original,raw,0.1,0.75,34,28,1.0
vt_h2_c3,20,full,DT_original,raw,0.2,0.8928571428571429,67,28,1.0
vt_h2_c3,20,full,DT_original,density,0.05,0.6071428571428571,17,28,0.6071428571428571
vt_h2_c3,20,full,DT_original,density,0.1,1.0,34,28,1.0
vt_h2_c3,20,full,DT_original,density,0.2,1.0,67,28,1.0
vt_h2_c3,20,full,DT_target,raw,0.05,0.5357142857142857,17,28,0.6071428571428571
vt_h2_c3,20,full,DT_target,raw,0.1,0.75,34,28,1.0
vt_h2_c3,20,full,DT_target,raw,0.2,0.8928571428571429,67,28,1.0
vt_h2_c3,20,full,DT_target,density,0.05,0.6071428571428571,17,28,0.6071428571428571
vt_h2_c3,20,full,DT_target,density,0.1,1.0,34,28,1.0
vt_h2_c3,20,full,DT_target,density,0.2,1.0,67,28,1.0
vt_h2_c3,20,full,FT_K1,raw,0.05,0.4642857142857143,17,28,0.6071428571428571
vt_h2_c3,20,full,FT_K1,raw,0.1,0.7857142857142857,34,28,1.0
vt_h2_c3,20,full,FT_K1,raw,0.2,0.9285714285714286,67,28,1.0
vt_h2_c3,20,full,FT_K1,density,0.05,0.6071428571428571,17,28,0.6071428571428571
vt_h2_c3,20,full,FT_K1,density,0.1,1.0,34,28,1.0
vt_h2_c3,20,full,FT_K1,density,0.2,1.0,67,28,1.0
vt_h2_c3,20,full,FT_K3,raw,0.05,0.42857142857142855,17,28,0.6071428571428571
vt_h2_c3,20,full,FT_K3,raw,0.1,0.7857142857142857,34,28,1.0
vt_h2_c3,20,full,FT_K3,raw,0.2,0.9285714285714286,67,28,1.0
vt_h2_c3,20,full,FT_K3,density,0.05,0.6071428571428571,17,28,0.6071428571428571
vt_h2_c3,20,full,FT_K3,density,0.1,1.0,34,28,1.0
vt_h2_c3,20,full,FT_K3,density,0.2,1.0,67,28,1.0
vt_h2_c3,20,answer_conditioned,DT_target,raw,0.05,0.2857142857142857,17,28,0.6071428571428571
vt_h2_c3,20,answer_conditioned,DT_target,raw,0.1,0.42857142857142855,34,28,1.0
vt_h2_c3,20,answer_conditioned,DT_target,raw,0.2,0.5714285714285714,67,28,1.0
vt_h2_c3,20,answer_conditioned,DT_target,density,0.05,0.6071428571428571,17,28,0.6071428571428571
vt_h2_c3,20,answer_conditioned,DT_target,density,0.1,0.6785714285714286,34,28,1.0
vt_h2_c3,20,answer_conditioned,DT_target,density,0.2,1.0,67,28,1.0
vt_h2_c3,20,answer_conditioned,FT_K1,raw,0.05,0.5,17,28,0.6071428571428571
vt_h2_c3,20,answer_conditioned,FT_K1,raw,0.1,0.6428571428571429,34,28,1.0
vt_h2_c3,20,answer_conditioned,FT_K1,raw,0.2,0.9285714285714286,67,28,1.0
vt_h2_c3,20,answer_conditioned,FT_K1,density,0.05,0.6071428571428571,17,28,0.6071428571428571
vt_h2_c3,20,answer_conditioned,FT_K1,density,0.1,1.0,34,28,1.0
vt_h2_c3,20,answer_conditioned,FT_K1,density,0.2,1.0,67,28,1.0
vt_h2_c3,20,answer_conditioned,FT_K3,raw,0.05,0.5,17,28,0.6071428571428571
vt_h2_c3,20,answer_conditioned,FT_K3,raw,0.1,0.7142857142857143,34,28,1.0
vt_h2_c3,20,answer_conditioned,FT_K3,raw,0.2,0.9642857142857143,67,28,1.0
vt_h2_c3,20,answer_conditioned,FT_K3,density,0.05,0.6071428571428571,17,28,0.6071428571428571
vt_h2_c3,20,answer_conditioned,FT_K3,density,0.1,1.0,34,28,1.0
vt_h2_c3,20,answer_conditioned,FT_K3,density,0.2,1.0,67,28,1.0
vt_h2_c3,20,answer_only,DT_target,raw,0.05,0.6071428571428571,17,28,0.6071428571428571
vt_h2_c3,20,answer_only,DT_target,raw,0.1,0.7857142857142857,34,28,1.0
vt_h2_c3,20,answer_only,DT_target,raw,0.2,0.9642857142857143,67,28,1.0
vt_h2_c3,20,answer_only,DT_target,density,0.05,0.6071428571428571,17,28,0.6071428571428571
vt_h2_c3,20,answer_only,DT_target,density,0.1,1.0,34,28,1.0
vt_h2_c3,20,answer_only,DT_target,density,0.2,1.0,67,28,1.0
vt_h2_c3,20,answer_only,FT_K1,raw,0.05,0.6071428571428571,17,28,0.6071428571428571
vt_h2_c3,20,answer_only,FT_K1,raw,0.1,0.7142857142857143,34,28,1.0
vt_h2_c3,20,answer_only,FT_K1,raw,0.2,0.8928571428571429,67,28,1.0
vt_h2_c3,20,answer_only,FT_K1,density,0.05,0.6071428571428571,17,28,0.6071428571428571
vt_h2_c3,20,answer_only,FT_K1,density,0.1,1.0,34,28,1.0
vt_h2_c3,20,answer_only,FT_K1,density,0.2,1.0,67,28,1.0
vt_h2_c3,20,answer_only,FT_K3,raw,0.05,0.6071428571428571,17,28,0.6071428571428571
vt_h2_c3,20,answer_only,FT_K3,raw,0.1,0.7142857142857143,34,28,1.0
vt_h2_c3,20,answer_only,FT_K3,raw,0.2,0.8571428571428571,67,28,1.0
vt_h2_c3,20,answer_only,FT_K3,density,0.05,0.6071428571428571,17,28,0.6071428571428571
vt_h2_c3,20,answer_only,FT_K3,density,0.1,1.0,34,28,1.0
vt_h2_c3,20,answer_only,FT_K3,density,0.2,1.0,67,28,1.0
vt_h2_c3,28,full,DT_original,raw,0.05,0.23076923076923078,17,26,0.6538461538461539
vt_h2_c3,28,full,DT_original,raw,0.1,0.34615384615384615,33,26,1.0
vt_h2_c3,28,full,DT_original,raw,0.2,0.8076923076923077,66,26,1.0
vt_h2_c3,28,full,DT_original,density,0.05,0.2692307692307692,17,26,0.6538461538461539
vt_h2_c3,28,full,DT_original,density,0.1,0.38461538461538464,33,26,1.0
vt_h2_c3,28,full,DT_original,density,0.2,0.7307692307692307,66,26,1.0
vt_h2_c3,28,full,DT_target,raw,0.05,0.23076923076923078,17,26,0.6538461538461539
vt_h2_c3,28,full,DT_target,raw,0.1,0.34615384615384615,33,26,1.0
vt_h2_c3,28,full,DT_target,raw,0.2,0.7692307692307693,66,26,1.0
vt_h2_c3,28,full,DT_target,density,0.05,0.2692307692307692,17,26,0.6538461538461539
vt_h2_c3,28,full,DT_target,density,0.1,0.6923076923076923,33,26,1.0
vt_h2_c3,28,full,DT_target,density,0.2,0.7307692307692307,66,26,1.0
vt_h2_c3,28,full,FT_K1,raw,0.05,0.38461538461538464,17,26,0.6538461538461539
vt_h2_c3,28,full,FT_K1,raw,0.1,0.8076923076923077,33,26,1.0
vt_h2_c3,28,full,FT_K1,raw,0.2,0.9615384615384616,66,26,1.0
vt_h2_c3,28,full,FT_K1,density,0.05,0.6538461538461539,17,26,0.6538461538461539
vt_h2_c3,28,full,FT_K1,density,0.1,1.0,33,26,1.0
vt_h2_c3,28,full,FT_K1,density,0.2,1.0,66,26,1.0
vt_h2_c3,28,full,FT_K3,raw,0.05,0.38461538461538464,17,26,0.6538461538461539
vt_h2_c3,28,full,FT_K3,raw,0.1,0.7692307692307693,33,26,1.0
vt_h2_c3,28,full,FT_K3,raw,0.2,0.9615384615384616,66,26,1.0
vt_h2_c3,28,full,FT_K3,density,0.05,0.6538461538461539,17,26,0.6538461538461539
vt_h2_c3,28,full,FT_K3,density,0.1,1.0,33,26,1.0
vt_h2_c3,28,full,FT_K3,density,0.2,1.0,66,26,1.0
vt_h2_c3,28,answer_conditioned,DT_target,raw,0.05,0.2692307692307692,17,26,0.6538461538461539
vt_h2_c3,28,answer_conditioned,DT_target,raw,0.1,0.46153846153846156,33,26,1.0
vt_h2_c3,28,answer_conditioned,DT_target,raw,0.2,0.5,66,26,1.0
vt_h2_c3,28,answer_conditioned,DT_target,density,0.05,0.3076923076923077,17,26,0.6538461538461539
vt_h2_c3,28,answer_conditioned,DT_target,density,0.1,0.6923076923076923,33,26,1.0
vt_h2_c3,28,answer_conditioned,DT_target,density,0.2,1.0,66,26,1.0
vt_h2_c3,28,answer_conditioned,FT_K1,raw,0.05,0.5384615384615384,17,26,0.6538461538461539
vt_h2_c3,28,answer_conditioned,FT_K1,raw,0.1,0.7692307692307693,33,26,1.0
vt_h2_c3,28,answer_conditioned,FT_K1,raw,0.2,0.9615384615384616,66,26,1.0
vt_h2_c3,28,answer_conditioned,FT_K1,density,0.05,0.6538461538461539,17,26,0.6538461538461539
vt_h2_c3,28,answer_conditioned,FT_K1,density,0.1,1.0,33,26,1.0
vt_h2_c3,28,answer_conditioned,FT_K1,density,0.2,1.0,66,26,1.0
vt_h2_c3,28,answer_conditioned,FT_K3,raw,0.05,0.5384615384615384,17,26,0.6538461538461539
vt_h2_c3,28,answer_conditioned,FT_K3,raw,0.1,0.8461538461538461,33,26,1.0
vt_h2_c3,28,answer_conditioned,FT_K3,raw,0.2,0.9615384615384616,66,26,1.0
vt_h2_c3,28,answer_conditioned,FT_K3,density,0.05,0.6538461538461539,17,26,0.6538461538461539
vt_h2_c3,28,answer_conditioned,FT_K3,density,0.1,1.0,33,26,1.0
vt_h2_c3,28,answer_conditioned,FT_K3,density,0.2,1.0,66,26,1.0
vt_h2_c3,28,answer_only,DT_target,raw,0.05,0.6538461538461539,17,26,0.6538461538461539
vt_h2_c3,28,answer_only,DT_target,raw,0.1,0.8846153846153846,33,26,1.0
vt_h2_c3,28,answer_only,DT_target,raw,0.2,1.0,66,26,1.0
vt_h2_c3,28,answer_only,DT_target,density,0.05,0.6538461538461539,17,26,0.6538461538461539
vt_h2_c3,28,answer_only,DT_target,density,0.1,1.0,33,26,1.0
vt_h2_c3,28,answer_only,DT_target,density,0.2,1.0,66,26,1.0
vt_h2_c3,28,answer_only,FT_K1,raw,0.05,0.5769230769230769,17,26,0.6538461538461539
vt_h2_c3,28,answer_only,FT_K1,raw,0.1,0.7692307692307693,33,26,1.0
vt_h2_c3,28,answer_only,FT_K1,raw,0.2,0.9615384615384616,66,26,1.0
vt_h2_c3,28,answer_only,FT_K1,density,0.05,0.6538461538461539,17,26,0.6538461538461539
vt_h2_c3,28,answer_only,FT_K1,density,0.1,1.0,33,26,1.0
vt_h2_c3,28,answer_only,FT_K1,density,0.2,1.0,66,26,1.0
vt_h2_c3,28,answer_only,FT_K3,raw,0.05,0.5769230769230769,17,26,0.6538461538461539
vt_h2_c3,28,answer_only,FT_K3,raw,0.1,0.7307692307692307,33,26,1.0
vt_h2_c3,28,answer_only,FT_K3,raw,0.2,0.9615384615384616,66,26,1.0
vt_h2_c3,28,answer_only,FT_K3,density,0.05,0.6538461538461539,17,26,0.6538461538461539
vt_h2_c3,28,answer_only,FT_K3,density,0.1,1.0,33,26,1.0
vt_h2_c3,28,answer_only,FT_K3,density,0.2,1.0,66,26,1.0
vt_h2_c3,53,full,DT_original,raw,0.05,0.5333333333333333,17,30,0.5666666666666667
vt_h2_c3,53,full,DT_original,raw,0.1,0.8,34,30,1.0
vt_h2_c3,53,full,DT_original,raw,0.2,0.9333333333333333,67,30,1.0
vt_h2_c3,53,full,DT_original,density,0.05,0.5666666666666667,17,30,0.5666666666666667
vt_h2_c3,53,full,DT_original,density,0.1,1.0,34,30,1.0
vt_h2_c3,53,full,DT_original,density,0.2,1.0,67,30,1.0
vt_h2_c3,53,full,DT_target,raw,0.05,0.5333333333333333,17,30,0.5666666666666667
vt_h2_c3,53,full,DT_target,raw,0.1,0.8,34,30,1.0
vt_h2_c3,53,full,DT_target,raw,0.2,0.9333333333333333,67,30,1.0
vt_h2_c3,53,full,DT_target,density,0.05,0.5666666666666667,17,30,0.5666666666666667
vt_h2_c3,53,full,DT_target,density,0.1,1.0,34,30,1.0
vt_h2_c3,53,full,DT_target,density,0.2,1.0,67,30,1.0
vt_h2_c3,53,full,FT_K1,raw,0.05,0.5666666666666667,17,30,0.5666666666666667
vt_h2_c3,53,full,FT_K1,raw,0.1,0.8333333333333334,34,30,1.0
vt_h2_c3,53,full,FT_K1,raw,0.2,0.9666666666666667,67,30,1.0
vt_h2_c3,53,full,FT_K1,density,0.05,0.5666666666666667,17,30,0.5666666666666667
vt_h2_c3,53,full,FT_K1,density,0.1,1.0,34,30,1.0
vt_h2_c3,53,full,FT_K1,density,0.2,1.0,67,30,1.0
vt_h2_c3,53,full,FT_K3,raw,0.05,0.5333333333333333,17,30,0.5666666666666667
vt_h2_c3,53,full,FT_K3,raw,0.1,0.7666666666666667,34,30,1.0
vt_h2_c3,53,full,FT_K3,raw,0.2,0.9666666666666667,67,30,1.0
vt_h2_c3,53,full,FT_K3,density,0.05,0.5666666666666667,17,30,0.5666666666666667
vt_h2_c3,53,full,FT_K3,density,0.1,1.0,34,30,1.0
vt_h2_c3,53,full,FT_K3,density,0.2,1.0,67,30,1.0
vt_h2_c3,53,answer_conditioned,DT_target,raw,0.05,0.13333333333333333,17,30,0.5666666666666667
vt_h2_c3,53,answer_conditioned,DT_target,raw,0.1,0.26666666666666666,34,30,1.0
vt_h2_c3,53,answer_conditioned,DT_target,raw,0.2,0.3,67,30,1.0
vt_h2_c3,53,answer_conditioned,DT_target,density,0.05,0.26666666666666666,17,30,0.5666666666666667
vt_h2_c3,53,answer_conditioned,DT_target,density,0.1,0.4,34,30,1.0
vt_h2_c3,53,answer_conditioned,DT_target,density,0.2,0.7,67,30,1.0
vt_h2_c3,53,answer_conditioned,FT_K1,raw,0.05,0.4,17,30,0.5666666666666667
vt_h2_c3,53,answer_conditioned,FT_K1,raw,0.1,0.7,34,30,1.0
vt_h2_c3,53,answer_conditioned,FT_K1,raw,0.2,0.9333333333333333,67,30,1.0
vt_h2_c3,53,answer_conditioned,FT_K1,density,0.05,0.5666666666666667,17,30,0.5666666666666667
vt_h2_c3,53,answer_conditioned,FT_K1,density,0.1,1.0,34,30,1.0
vt_h2_c3,53,answer_conditioned,FT_K1,density,0.2,1.0,67,30,1.0
vt_h2_c3,53,answer_conditioned,FT_K3,raw,0.05,0.4666666666666667,17,30,0.5666666666666667
vt_h2_c3,53,answer_conditioned,FT_K3,raw,0.1,0.7,34,30,1.0
vt_h2_c3,53,answer_conditioned,FT_K3,raw,0.2,0.9666666666666667,67,30,1.0
vt_h2_c3,53,answer_conditioned,FT_K3,density,0.05,0.5666666666666667,17,30,0.5666666666666667
vt_h2_c3,53,answer_conditioned,FT_K3,density,0.1,1.0,34,30,1.0
vt_h2_c3,53,answer_conditioned,FT_K3,density,0.2,1.0,67,30,1.0
vt_h2_c3,53,answer_only,DT_target,raw,0.05,0.5666666666666667,17,30,0.5666666666666667
vt_h2_c3,53,answer_only,DT_target,raw,0.1,0.8333333333333334,34,30,1.0
vt_h2_c3,53,answer_only,DT_target,raw,0.2,1.0,67,30,1.0
vt_h2_c3,53,answer_only,DT_target,density,0.05,0.5666666666666667,17,30,0.5666666666666667
vt_h2_c3,53,answer_only,DT_target,density,0.1,1.0,34,30,1.0
vt_h2_c3,53,answer_only,DT_target,density,0.2,1.0,67,30,1.0
vt_h2_c3,53,answer_only,FT_K1,raw,0.05,0.5666666666666667,17,30,0.5666666666666667
vt_h2_c3,53,answer_only,FT_K1,raw,0.1,0.7666666666666667,34,30,1.0
vt_h2_c3,53,answer_only,FT_K1,raw,0.2,0.9666666666666667,67,30,1.0
vt_h2_c3,53,answer_only,FT_K1,density,0.05,0.5666666666666667,17,30,0.5666666666666667
vt_h2_c3,53,answer_only,FT_K1,density,0.1,1.0,34,30,1.0
vt_h2_c3,53,answer_only,FT_K1,density,0.2,1.0,67,30,1.0
vt_h2_c3,53,answer_only,FT_K3,raw,0.05,0.5666666666666667,17,30,0.5666666666666667
vt_h2_c3,53,answer_only,FT_K3,raw,0.1,0.7666666666666667,34,30,1.0
vt_h2_c3,53,answer_only,FT_K3,raw,0.2,0.9666666666666667,67,30,1.0
vt_h2_c3,53,answer_only,FT_K3,density,0.05,0.5666666666666667,17,30,0.5666666666666667
vt_h2_c3,53,answer_only,FT_K3,density,0.1,1.0,34,30,1.0
vt_h2_c3,53,answer_only,FT_K3,density,0.2,1.0,67,30,1.0
vt_h2_c3,59,full,DT_original,raw,0.05,0.2222222222222222,17,27,0.6296296296296297
vt_h2_c3,59,full,DT_original,raw,0.1,0.37037037037037035,33,27,1.0
vt_h2_c3,59,full,DT_original,raw,0.2,0.8148148148148148,66,27,1.0
vt_h2_c3,59,full,DT_original,density,0.05,0.25925925925925924,17,27,0.6296296296296297
vt_h2_c3,59,full,DT_original,density,0.1,0.8518518518518519,33,27,1.0
vt_h2_c3,59,full,DT_original,density,0.2,1.0,66,27,1.0
vt_h2_c3,59,full,DT_target,raw,0.05,0.2222222222222222,17,27,0.6296296296296297
vt_h2_c3,59,full,DT_target,raw,0.1,0.37037037037037035,33,27,1.0
vt_h2_c3,59,full,DT_target,raw,0.2,0.8148148148148148,66,27,1.0
vt_h2_c3,59,full,DT_target,density,0.05,0.25925925925925924,17,27,0.6296296296296297
vt_h2_c3,59,full,DT_target,density,0.1,0.8518518518518519,33,27,1.0
vt_h2_c3,59,full,DT_target,density,0.2,1.0,66,27,1.0
vt_h2_c3,59,full,FT_K1,raw,0.05,0.4074074074074074,17,27,0.6296296296296297
vt_h2_c3,59,full,FT_K1,raw,0.1,0.6666666666666666,33,27,1.0
vt_h2_c3,59,full,FT_K1,raw,0.2,0.8888888888888888,66,27,1.0
vt_h2_c3,59,full,FT_K1,density,0.05,0.6296296296296297,17,27,0.6296296296296297
vt_h2_c3,59,full,FT_K1,density,0.1,1.0,33,27,1.0
vt_h2_c3,59,full,FT_K1,density,0.2,1.0,66,27,1.0
vt_h2_c3,59,full,FT_K3,raw,0.05,0.4444444444444444,17,27,0.6296296296296297
vt_h2_c3,59,full,FT_K3,raw,0.1,0.6666666666666666,33,27,1.0
vt_h2_c3,59,full,FT_K3,raw,0.2,0.9629629629629629,66,27,1.0
vt_h2_c3,59,full,FT_K3,density,0.05,0.6296296296296297,17,27,0.6296296296296297
vt_h2_c3,59,full,FT_K3,density,0.1,1.0,33,27,1.0
vt_h2_c3,59,full,FT_K3,density,0.2,1.0,66,27,1.0
vt_h2_c3,59,answer_conditioned,DT_target,raw,0.05,0.37037037037037035,17,27,0.6296296296296297
vt_h2_c3,59,answer_conditioned,DT_target,raw,0.1,0.37037037037037035,33,27,1.0
vt_h2_c3,59,answer_conditioned,DT_target,raw,0.2,0.4444444444444444,66,27,1.0
vt_h2_c3,59,answer_conditioned,DT_target,density,0.05,0.6296296296296297,17,27,0.6296296296296297
vt_h2_c3,59,answer_conditioned,DT_target,density,0.1,1.0,33,27,1.0
vt_h2_c3,59,answer_conditioned,DT_target,density,0.2,1.0,66,27,1.0
vt_h2_c3,59,answer_conditioned,FT_K1,raw,0.05,0.48148148148148145,17,27,0.6296296296296297
vt_h2_c3,59,answer_conditioned,FT_K1,raw,0.1,0.7407407407407407,33,27,1.0
vt_h2_c3,59,answer_conditioned,FT_K1,raw,0.2,0.9259259259259259,66,27,1.0
vt_h2_c3,59,answer_conditioned,FT_K1,density,0.05,0.6296296296296297,17,27,0.6296296296296297
vt_h2_c3,59,answer_conditioned,FT_K1,density,0.1,1.0,33,27,1.0
vt_h2_c3,59,answer_conditioned,FT_K1,density,0.2,1.0,66,27,1.0
vt_h2_c3,59,answer_conditioned,FT_K3,raw,0.05,0.5185185185185185,17,27,0.6296296296296297
vt_h2_c3,59,answer_conditioned,FT_K3,raw,0.1,0.7777777777777778,33,27,1.0
vt_h2_c3,59,answer_conditioned,FT_K3,raw,0.2,0.9259259259259259,66,27,1.0
vt_h2_c3,59,answer_conditioned,FT_K3,density,0.05,0.6296296296296297,17,27,0.6296296296296297
vt_h2_c3,59,answer_conditioned,FT_K3,density,0.1,1.0,33,27,1.0
vt_h2_c3,59,answer_conditioned,FT_K3,density,0.2,1.0,66,27,1.0
vt_h2_c3,59,answer_only,DT_target,raw,0.05,0.5185185185185185,17,27,0.6296296296296297
vt_h2_c3,59,answer_only,DT_target,raw,0.1,0.7777777777777778,33,27,1.0
vt_h2_c3,59,answer_only,DT_target,raw,0.2,0.8148148148148148,66,27,1.0
vt_h2_c3,59,answer_only,DT_target,density,0.05,0.6296296296296297,17,27,0.6296296296296297
vt_h2_c3,59,answer_only,DT_target,density,0.1,1.0,33,27,1.0
vt_h2_c3,59,answer_only,DT_target,density,0.2,1.0,66,27,1.0
vt_h2_c3,59,answer_only,FT_K1,raw,0.05,0.6296296296296297,17,27,0.6296296296296297
vt_h2_c3,59,answer_only,FT_K1,raw,0.1,0.7777777777777778,33,27,1.0
vt_h2_c3,59,answer_only,FT_K1,raw,0.2,0.9629629629629629,66,27,1.0
vt_h2_c3,59,answer_only,FT_K1,density,0.05,0.6296296296296297,17,27,0.6296296296296297
vt_h2_c3,59,answer_only,FT_K1,density,0.1,1.0,33,27,1.0
vt_h2_c3,59,answer_only,FT_K1,density,0.2,1.0,66,27,1.0
vt_h2_c3,59,answer_only,FT_K3,raw,0.05,0.5925925925925926,17,27,0.6296296296296297
vt_h2_c3,59,answer_only,FT_K3,raw,0.1,0.7777777777777778,33,27,1.0
vt_h2_c3,59,answer_only,FT_K3,raw,0.2,0.9629629629629629,66,27,1.0
vt_h2_c3,59,answer_only,FT_K3,density,0.05,0.6296296296296297,17,27,0.6296296296296297
vt_h2_c3,59,answer_only,FT_K3,density,0.1,1.0,33,27,1.0
vt_h2_c3,59,answer_only,FT_K3,density,0.2,1.0,66,27,1.0
vt_h2_c3,66,full,DT_original,raw,0.05,0.22580645161290322,17,31,0.5483870967741935
vt_h2_c3,66,full,DT_original,raw,0.1,0.41935483870967744,34,31,1.0
vt_h2_c3,66,full,DT_original,raw,0.2,0.7096774193548387,67,31,1.0
vt_h2_c3,66,full,DT_original,density,0.05,0.3225806451612903,17,31,0.5483870967741935
vt_h2_c3,66,full,DT_original,density,0.1,0.3225806451612903,34,31,1.0
vt_h2_c3,66,full,DT_original,density,0.2,0.3548387096774194,67,31,1.0
vt_h2_c3,66,full,DT_target,raw,0.05,0.22580645161290322,17,31,0.5483870967741935
vt_h2_c3,66,full,DT_target,raw,0.1,0.45161290322580644,34,31,1.0
vt_h2_c3,66,full,DT_target,raw,0.2,0.7419354838709677,67,31,1.0
vt_h2_c3,66,full,DT_target,density,0.05,0.3225806451612903,17,31,0.5483870967741935
vt_h2_c3,66,full,DT_target,density,0.1,0.3225806451612903,34,31,1.0
vt_h2_c3,66,full,DT_target,density,0.2,0.6451612903225806,67,31,1.0
vt_h2_c3,66,full,FT_K1,raw,0.05,0.3225806451612903,17,31,0.5483870967741935
vt_h2_c3,66,full,FT_K1,raw,0.1,0.5483870967741935,34,31,1.0
vt_h2_c3,66,full,FT_K1,raw,0.2,0.9354838709677419,67,31,1.0
vt_h2_c3,66,full,FT_K1,density,0.05,0.5483870967741935,17,31,0.5483870967741935
vt_h2_c3,66,full,FT_K1,density,0.1,1.0,34,31,1.0
vt_h2_c3,66,full,FT_K1,density,0.2,1.0,67,31,1.0
vt_h2_c3,66,full,FT_K3,raw,0.05,0.2903225806451613,17,31,0.5483870967741935
vt_h2_c3,66,full,FT_K3,raw,0.1,0.5483870967741935,34,31,1.0
vt_h2_c3,66,full,FT_K3,raw,0.2,0.9354838709677419,67,31,1.0
vt_h2_c3,66,full,FT_K3,density,0.05,0.5483870967741935,17,31,0.5483870967741935
vt_h2_c3,66,full,FT_K3,density,0.1,0.8064516129032258,34,31,1.0
vt_h2_c3,66,full,FT_K3,density,0.2,1.0,67,31,1.0
vt_h2_c3,66,answer_conditioned,DT_target,raw,0.05,0.25806451612903225,17,31,0.5483870967741935
vt_h2_c3,66,answer_conditioned,DT_target,raw,0.1,0.2903225806451613,34,31,1.0
vt_h2_c3,66,answer_conditioned,DT_target,raw,0.2,0.3870967741935484,67,31,1.0
vt_h2_c3,66,answer_conditioned,DT_target,density,0.05,0.5483870967741935,17,31,0.5483870967741935
vt_h2_c3,66,answer_conditioned,DT_target,density,0.1,0.6451612903225806,34,31,1.0
vt_h2_c3,66,answer_conditioned,DT_target,density,0.2,0.6451612903225806,67,31,1.0
vt_h2_c3,66,answer_conditioned,FT_K1,raw,0.05,0.5161290322580645,17,31,0.5483870967741935
vt_h2_c3,66,answer_conditioned,FT_K1,raw,0.1,0.7741935483870968,34,31,1.0
vt_h2_c3,66,answer_conditioned,FT_K1,raw,0.2,0.9354838709677419,67,31,1.0
vt_h2_c3,66,answer_conditioned,FT_K1,density,0.05,0.5483870967741935,17,31,0.5483870967741935
vt_h2_c3,66,answer_conditioned,FT_K1,density,0.1,1.0,34,31,1.0
vt_h2_c3,66,answer_conditioned,FT_K1,density,0.2,1.0,67,31,1.0
vt_h2_c3,66,answer_conditioned,FT_K3,raw,0.05,0.5161290322580645,17,31,0.5483870967741935
vt_h2_c3,66,answer_conditioned,FT_K3,raw,0.1,0.7741935483870968,34,31,1.0
vt_h2_c3,66,answer_conditioned,FT_K3,raw,0.2,0.9354838709677419,67,31,1.0
vt_h2_c3,66,answer_conditioned,FT_K3,density,0.05,0.5483870967741935,17,31,0.5483870967741935
vt_h2_c3,66,answer_conditioned,FT_K3,density,0.1,1.0,34,31,1.0
vt_h2_c3,66,answer_conditioned,FT_K3,density,0.2,1.0,67,31,1.0
vt_h2_c3,66,answer_only,DT_target,raw,0.05,0.5483870967741935,17,31,0.5483870967741935
vt_h2_c3,66,answer_only,DT_target,raw,0.1,0.8387096774193549,34,31,1.0
vt_h2_c3,66,answer_only,DT_target,raw,0.2,0.967741935483871,67,31,1.0
vt_h2_c3,66,answer_only,DT_target,density,0.05,0.5483870967741935,17,31,0.5483870967741935
vt_h2_c3,66,answer_only,DT_target,density,0.1,1.0,34,31,1.0
vt_h2_c3,66,answer_only,DT_target,density,0.2,1.0,67,31,1.0
vt_h2_c3,66,answer_only,FT_K1,raw,0.05,0.5161290322580645,17,31,0.5483870967741935
vt_h2_c3,66,answer_only,FT_K1,raw,0.1,0.8387096774193549,34,31,1.0
vt_h2_c3,66,answer_only,FT_K1,raw,0.2,0.9032258064516129,67,31,1.0
vt_h2_c3,66,answer_only,FT_K1,density,0.05,0.5483870967741935,17,31,0.5483870967741935
vt_h2_c3,66,answer_only,FT_K1,density,0.1,1.0,34,31,1.0
vt_h2_c3,66,answer_only,FT_K1,density,0.2,1.0,67,31,1.0
vt_h2_c3,66,answer_only,FT_K3,raw,0.05,0.5161290322580645,17,31,0.5483870967741935
vt_h2_c3,66,answer_only,FT_K3,raw,0.1,0.8064516129032258,34,31,1.0
vt_h2_c3,66,answer_only,FT_K3,raw,0.2,0.9032258064516129,67,31,1.0
vt_h2_c3,66,answer_only,FT_K3,density,0.05,0.5483870967741935,17,31,0.5483870967741935
vt_h2_c3,66,answer_only,FT_K3,density,0.1,1.0,34,31,1.0
vt_h2_c3,66,answer_only,FT_K3,density,0.2,1.0,67,31,1.0
vt_h2_c3,83,full,DT_original,raw,0.05,0.3103448275862069,17,29,0.5862068965517241
vt_h2_c3,83,full,DT_original,raw,0.1,0.4827586206896552,34,29,1.0
vt_h2_c3,83,full,DT_original,raw,0.2,0.8620689655172413,67,29,1.0
vt_h2_c3,83,full,DT_original,density,0.05,0.3448275862068966,17,29,0.5862068965517241
vt_h2_c3,83,full,DT_original,density,0.1,0.5172413793103449,34,29,1.0
vt_h2_c3,83,full,DT_original,density,0.2,1.0,67,29,1.0
vt_h2_c3,83,full,DT_target,raw,0.05,0.27586206896551724,17,29,0.5862068965517241
vt_h2_c3,83,full,DT_target,raw,0.1,0.4827586206896552,34,29,1.0
vt_h2_c3,83,full,DT_target,raw,0.2,0.8620689655172413,67,29,1.0
vt_h2_c3,83,full,DT_target,density,0.05,0.3448275862068966,17,29,0.5862068965517241
vt_h2_c3,83,full,DT_target,density,0.1,0.5172413793103449,34,29,1.0
vt_h2_c3,83,full,DT_target,density,0.2,1.0,67,29,1.0
vt_h2_c3,83,full,FT_K1,raw,0.05,0.3793103448275862,17,29,0.5862068965517241
vt_h2_c3,83,full,FT_K1,raw,0.1,0.6551724137931034,34,29,1.0
vt_h2_c3,83,full,FT_K1,raw,0.2,0.9310344827586207,67,29,1.0
vt_h2_c3,83,full,FT_K1,density,0.05,0.5862068965517241,17,29,0.5862068965517241
vt_h2_c3,83,full,FT_K1,density,0.1,1.0,34,29,1.0
vt_h2_c3,83,full,FT_K1,density,0.2,1.0,67,29,1.0
vt_h2_c3,83,full,FT_K3,raw,0.05,0.3448275862068966,17,29,0.5862068965517241
vt_h2_c3,83,full,FT_K3,raw,0.1,0.6896551724137931,34,29,1.0
vt_h2_c3,83,full,FT_K3,raw,0.2,0.9655172413793104,67,29,1.0
vt_h2_c3,83,full,FT_K3,density,0.05,0.5862068965517241,17,29,0.5862068965517241
vt_h2_c3,83,full,FT_K3,density,0.1,1.0,34,29,1.0
vt_h2_c3,83,full,FT_K3,density,0.2,1.0,67,29,1.0
vt_h2_c3,83,answer_conditioned,DT_target,raw,0.05,0.20689655172413793,17,29,0.5862068965517241
vt_h2_c3,83,answer_conditioned,DT_target,raw,0.1,0.3793103448275862,34,29,1.0
vt_h2_c3,83,answer_conditioned,DT_target,raw,0.2,0.4482758620689655,67,29,1.0
vt_h2_c3,83,answer_conditioned,DT_target,density,0.05,0.5862068965517241,17,29,0.5862068965517241
vt_h2_c3,83,answer_conditioned,DT_target,density,0.1,0.6551724137931034,34,29,1.0
vt_h2_c3,83,answer_conditioned,DT_target,density,0.2,0.6551724137931034,67,29,1.0
vt_h2_c3,83,answer_conditioned,FT_K1,raw,0.05,0.4827586206896552,17,29,0.5862068965517241
vt_h2_c3,83,answer_conditioned,FT_K1,raw,0.1,0.7931034482758621,34,29,1.0
vt_h2_c3,83,answer_conditioned,FT_K1,raw,0.2,0.9655172413793104,67,29,1.0
vt_h2_c3,83,answer_conditioned,FT_K1,density,0.05,0.5862068965517241,17,29,0.5862068965517241
vt_h2_c3,83,answer_conditioned,FT_K1,density,0.1,1.0,34,29,1.0
vt_h2_c3,83,answer_conditioned,FT_K1,density,0.2,1.0,67,29,1.0
vt_h2_c3,83,answer_conditioned,FT_K3,raw,0.05,0.5172413793103449,17,29,0.5862068965517241
vt_h2_c3,83,answer_conditioned,FT_K3,raw,0.1,0.7931034482758621,34,29,1.0
vt_h2_c3,83,answer_conditioned,FT_K3,raw,0.2,0.9655172413793104,67,29,1.0
vt_h2_c3,83,answer_conditioned,FT_K3,density,0.05,0.5862068965517241,17,29,0.5862068965517241
vt_h2_c3,83,answer_conditioned,FT_K3,density,0.1,1.0,34,29,1.0
vt_h2_c3,83,answer_conditioned,FT_K3,density,0.2,1.0,67,29,1.0
vt_h2_c3,83,answer_only,DT_target,raw,0.05,0.5862068965517241,17,29,0.5862068965517241
vt_h2_c3,83,answer_only,DT_target,raw,0.1,0.9310344827586207,34,29,1.0
vt_h2_c3,83,answer_only,DT_target,raw,0.2,0.9310344827586207,67,29,1.0
vt_h2_c3,83,answer_only,DT_target,density,0.05,0.5862068965517241,17,29,0.5862068965517241
vt_h2_c3,83,answer_only,DT_target,density,0.1,1.0,34,29,1.0
vt_h2_c3,83,answer_only,DT_target,density,0.2,1.0,67,29,1.0
vt_h2_c3,83,answer_only,FT_K1,raw,0.05,0.5862068965517241,17,29,0.5862068965517241
vt_h2_c3,83,answer_only,FT_K1,raw,0.1,0.7931034482758621,34,29,1.0
vt_h2_c3,83,answer_only,FT_K1,raw,0.2,0.9655172413793104,67,29,1.0
vt_h2_c3,83,answer_only,FT_K1,density,0.05,0.5862068965517241,17,29,0.5862068965517241
vt_h2_c3,83,answer_only,FT_K1,density,0.1,1.0,34,29,1.0
vt_h2_c3,83,answer_only,FT_K1,density,0.2,1.0,67,29,1.0
vt_h2_c3,83,answer_only,FT_K3,raw,0.05,0.5862068965517241,17,29,0.5862068965517241
vt_h2_c3,83,answer_only,FT_K3,raw,0.1,0.7931034482758621,34,29,1.0
vt_h2_c3,83,answer_only,FT_K3,raw,0.2,0.9310344827586207,67,29,1.0
vt_h2_c3,83,answer_only,FT_K3,density,0.05,0.5862068965517241,17,29,0.5862068965517241
vt_h2_c3,83,answer_only,FT_K3,density,0.1,1.0,34,29,1.0
vt_h2_c3,83,answer_only,FT_K3,density,0.2,1.0,67,29,1.0
hotpotqa_long,8,full,DT_original,raw,0.05,0.3384615384615385,37,65,0.5692307692307692
hotpotqa_long,8,full,DT_original,raw,0.1,0.46153846153846156,74,65,1.0
hotpotqa_long,8,full,DT_original,raw,0.2,0.676923076923077,147,65,1.0
hotpotqa_long,8,full,DT_original,density,0.05,0.5538461538461539,37,65,0.5692307692307692
hotpotqa_long,8,full,DT_original,density,0.1,0.8,74,65,1.0
hotpotqa_long,8,full,DT_original,density,0.2,0.9076923076923077,147,65,1.0
hotpotqa_long,8,full,DT_target,raw,0.05,0.36923076923076925,37,65,0.5692307692307692
hotpotqa_long,8,full,DT_target,raw,0.1,0.5076923076923077,74,65,1.0
hotpotqa_long,8,full,DT_target,raw,0.2,0.7076923076923077,147,65,1.0
hotpotqa_long,8,full,DT_target,density,0.05,0.5538461538461539,37,65,0.5692307692307692
hotpotqa_long,8,full,DT_target,density,0.1,0.8,74,65,1.0
hotpotqa_long,8,full,DT_target,density,0.2,0.9846153846153847,147,65,1.0
hotpotqa_long,8,full,DT_weighted_identity,raw,0.05,0.3384615384615385,37,65,0.5692307692307692
hotpotqa_long,8,full,DT_weighted_identity,raw,0.1,0.46153846153846156,74,65,1.0
hotpotqa_long,8,full,DT_weighted_identity,raw,0.2,0.676923076923077,147,65,1.0
hotpotqa_long,8,full,DT_weighted_identity,density,0.05,0.5538461538461539,37,65,0.5692307692307692
hotpotqa_long,8,full,DT_weighted_identity,density,0.1,0.8,74,65,1.0
hotpotqa_long,8,full,DT_weighted_identity,density,0.2,0.9076923076923077,147,65,1.0
hotpotqa_long,8,full,FT_K1,raw,0.05,0.4,37,65,0.5692307692307692
hotpotqa_long,8,full,FT_K1,raw,0.1,0.5538461538461539,74,65,1.0
hotpotqa_long,8,full,FT_K1,raw,0.2,0.7384615384615385,147,65,1.0
hotpotqa_long,8,full,FT_K1,density,0.05,0.5384615384615384,37,65,0.5692307692307692
hotpotqa_long,8,full,FT_K1,density,0.1,0.7846153846153846,74,65,1.0
hotpotqa_long,8,full,FT_K1,density,0.2,0.9076923076923077,147,65,1.0
hotpotqa_long,8,full,FT_K3,raw,0.05,0.4153846153846154,37,65,0.5692307692307692
hotpotqa_long,8,full,FT_K3,raw,0.1,0.5692307692307692,74,65,1.0
hotpotqa_long,8,full,FT_K3,raw,0.2,0.7384615384615385,147,65,1.0
hotpotqa_long,8,full,FT_K3,density,0.05,0.5384615384615384,37,65,0.5692307692307692
hotpotqa_long,8,full,FT_K3,density,0.1,0.7230769230769231,74,65,1.0
hotpotqa_long,8,full,FT_K3,density,0.2,0.9076923076923077,147,65,1.0
hotpotqa_long,8,answer_conditioned,DT_target,raw,0.05,0.12307692307692308,37,65,0.5692307692307692
hotpotqa_long,8,answer_conditioned,DT_target,raw,0.1,0.26153846153846155,74,65,1.0
hotpotqa_long,8,answer_conditioned,DT_target,raw,0.2,0.3384615384615385,147,65,1.0
hotpotqa_long,8,answer_conditioned,DT_target,density,0.05,0.18461538461538463,37,65,0.5692307692307692
hotpotqa_long,8,answer_conditioned,DT_target,density,0.1,0.5692307692307692,74,65,1.0
hotpotqa_long,8,answer_conditioned,DT_target,density,0.2,0.8153846153846154,147,65,1.0
hotpotqa_long,8,answer_conditioned,FT_K1,raw,0.05,0.4,37,65,0.5692307692307692
hotpotqa_long,8,answer_conditioned,FT_K1,raw,0.1,0.5538461538461539,74,65,1.0
hotpotqa_long,8,answer_conditioned,FT_K1,raw,0.2,0.7538461538461538,147,65,1.0
hotpotqa_long,8,answer_conditioned,FT_K1,density,0.05,0.5384615384615384,37,65,0.5692307692307692
hotpotqa_long,8,answer_conditioned,FT_K1,density,0.1,0.7846153846153846,74,65,1.0
hotpotqa_long,8,answer_conditioned,FT_K1,density,0.2,0.9076923076923077,147,65,1.0
hotpotqa_long,8,answer_conditioned,FT_K3,raw,0.05,0.4153846153846154,37,65,0.5692307692307692
hotpotqa_long,8,answer_conditioned,FT_K3,raw,0.1,0.5692307692307692,74,65,1.0
hotpotqa_long,8,answer_conditioned,FT_K3,raw,0.2,0.7384615384615385,147,65,1.0
hotpotqa_long,8,answer_conditioned,FT_K3,density,0.05,0.5384615384615384,37,65,0.5692307692307692
hotpotqa_long,8,answer_conditioned,FT_K3,density,0.1,0.7846153846153846,74,65,1.0
hotpotqa_long,8,answer_conditioned,FT_K3,density,0.2,0.9076923076923077,147,65,1.0
hotpotqa_long,8,answer_only,DT_target,raw,0.05,0.35384615384615387,37,65,0.5692307692307692
hotpotqa_long,8,answer_only,DT_target,raw,0.1,0.5076923076923077,74,65,1.0
hotpotqa_long,8,answer_only,DT_target,raw,0.2,0.7230769230769231,147,65,1.0
hotpotqa_long,8,answer_only,DT_target,density,0.05,0.5538461538461539,37,65,0.5692307692307692
hotpotqa_long,8,answer_only,DT_target,density,0.1,0.9076923076923077,74,65,1.0
hotpotqa_long,8,answer_only,DT_target,density,0.2,0.9076923076923077,147,65,1.0
hotpotqa_long,8,answer_only,FT_K1,raw,0.05,0.4,37,65,0.5692307692307692
hotpotqa_long,8,answer_only,FT_K1,raw,0.1,0.5692307692307692,74,65,1.0
hotpotqa_long,8,answer_only,FT_K1,raw,0.2,0.7538461538461538,147,65,1.0
hotpotqa_long,8,answer_only,FT_K1,density,0.05,0.5384615384615384,37,65,0.5692307692307692
hotpotqa_long,8,answer_only,FT_K1,density,0.1,0.7230769230769231,74,65,1.0
hotpotqa_long,8,answer_only,FT_K1,density,0.2,0.9076923076923077,147,65,1.0
hotpotqa_long,8,answer_only,FT_K3,raw,0.05,0.4,37,65,0.5692307692307692
hotpotqa_long,8,answer_only,FT_K3,raw,0.1,0.5846153846153846,74,65,1.0
hotpotqa_long,8,answer_only,FT_K3,raw,0.2,0.7692307692307693,147,65,1.0
hotpotqa_long,8,answer_only,FT_K3,density,0.05,0.5384615384615384,37,65,0.5692307692307692
hotpotqa_long,8,answer_only,FT_K3,density,0.1,0.7230769230769231,74,65,1.0
hotpotqa_long,8,answer_only,FT_K3,density,0.2,0.9076923076923077,147,65,1.0
hotpotqa_long,9,full,DT_original,raw,0.05,0.4032258064516129,48,62,0.7741935483870968
hotpotqa_long,9,full,DT_original,raw,0.1,0.5967741935483871,95,62,1.0
hotpotqa_long,9,full,DT_original,raw,0.2,0.6612903225806451,190,62,1.0
hotpotqa_long,9,full,DT_original,density,0.05,0.6451612903225806,48,62,0.7741935483870968
hotpotqa_long,9,full,DT_original,density,0.1,0.9354838709677419,95,62,1.0
hotpotqa_long,9,full,DT_original,density,0.2,1.0,190,62,1.0
hotpotqa_long,9,full,DT_target,raw,0.05,0.4032258064516129,48,62,0.7741935483870968
hotpotqa_long,9,full,DT_target,raw,0.1,0.5483870967741935,95,62,1.0
hotpotqa_long,9,full,DT_target,raw,0.2,0.6451612903225806,190,62,1.0
hotpotqa_long,9,full,DT_target,density,0.05,0.6451612903225806,48,62,0.7741935483870968
hotpotqa_long,9,full,DT_target,density,0.1,0.9354838709677419,95,62,1.0
hotpotqa_long,9,full,DT_target,density,0.2,0.9354838709677419,190,62,1.0
hotpotqa_long,9,full,FT_K1,raw,0.05,0.4838709677419355,48,62,0.7741935483870968
hotpotqa_long,9,full,FT_K1,raw,0.1,0.7580645161290323,95,62,1.0
hotpotqa_long,9,full,FT_K1,raw,0.2,0.9838709677419355,190,62,1.0
hotpotqa_long,9,full,FT_K1,density,0.05,0.6451612903225806,48,62,0.7741935483870968
hotpotqa_long,9,full,FT_K1,density,0.1,1.0,95,62,1.0
hotpotqa_long,9,full,FT_K1,density,0.2,1.0,190,62,1.0
hotpotqa_long,9,full,FT_K3,raw,0.05,0.4838709677419355,48,62,0.7741935483870968
hotpotqa_long,9,full,FT_K3,raw,0.1,0.7580645161290323,95,62,1.0
hotpotqa_long,9,full,FT_K3,raw,0.2,0.9838709677419355,190,62,1.0
hotpotqa_long,9,full,FT_K3,density,0.05,0.6451612903225806,48,62,0.7741935483870968
hotpotqa_long,9,full,FT_K3,density,0.1,1.0,95,62,1.0
hotpotqa_long,9,full,FT_K3,density,0.2,1.0,190,62,1.0
hotpotqa_long,9,answer_conditioned,DT_target,raw,0.05,0.20967741935483872,48,62,0.7741935483870968
hotpotqa_long,9,answer_conditioned,DT_target,raw,0.1,0.4032258064516129,95,62,1.0
hotpotqa_long,9,answer_conditioned,DT_target,raw,0.2,0.5645161290322581,190,62,1.0
hotpotqa_long,9,answer_conditioned,DT_target,density,0.05,0.4838709677419355,48,62,0.7741935483870968
hotpotqa_long,9,answer_conditioned,DT_target,density,0.1,0.4838709677419355,95,62,1.0
hotpotqa_long,9,answer_conditioned,DT_target,density,0.2,0.6612903225806451,190,62,1.0
hotpotqa_long,9,answer_conditioned,FT_K1,raw,0.05,0.2903225806451613,48,62,0.7741935483870968
hotpotqa_long,9,answer_conditioned,FT_K1,raw,0.1,0.5,95,62,1.0
hotpotqa_long,9,answer_conditioned,FT_K1,raw,0.2,0.8387096774193549,190,62,1.0
hotpotqa_long,9,answer_conditioned,FT_K1,density,0.05,0.5483870967741935,48,62,0.7741935483870968
hotpotqa_long,9,answer_conditioned,FT_K1,density,0.1,0.7258064516129032,95,62,1.0
hotpotqa_long,9,answer_conditioned,FT_K1,density,0.2,1.0,190,62,1.0
hotpotqa_long,9,answer_conditioned,FT_K3,raw,0.05,0.3387096774193548,48,62,0.7741935483870968
hotpotqa_long,9,answer_conditioned,FT_K3,raw,0.1,0.5806451612903226,95,62,1.0
hotpotqa_long,9,answer_conditioned,FT_K3,raw,0.2,0.9354838709677419,190,62,1.0
hotpotqa_long,9,answer_conditioned,FT_K3,density,0.05,0.5483870967741935,48,62,0.7741935483870968
hotpotqa_long,9,answer_conditioned,FT_K3,density,0.1,0.9516129032258065,95,62,1.0
hotpotqa_long,9,answer_conditioned,FT_K3,density,0.2,1.0,190,62,1.0
hotpotqa_long,9,answer_only,DT_target,raw,0.05,0.3870967741935484,48,62,0.7741935483870968
hotpotqa_long,9,answer_only,DT_target,raw,0.1,0.5967741935483871,95,62,1.0
hotpotqa_long,9,answer_only,DT_target,raw,0.2,0.8064516129032258,190,62,1.0
hotpotqa_long,9,answer_only,DT_target,density,0.05,0.6290322580645161,48,62,0.7741935483870968
hotpotqa_long,9,answer_only,DT_target,density,0.1,0.7258064516129032,95,62,1.0
hotpotqa_long,9,answer_only,DT_target,density,0.2,1.0,190,62,1.0
hotpotqa_long,9,answer_only,FT_K1,raw,0.05,0.3064516129032258,48,62,0.7741935483870968
hotpotqa_long,9,answer_only,FT_K1,raw,0.1,0.532258064516129,95,62,1.0
hotpotqa_long,9,answer_only,FT_K1,raw,0.2,0.8870967741935484,190,62,1.0
hotpotqa_long,9,answer_only,FT_K1,density,0.05,0.5483870967741935,48,62,0.7741935483870968
hotpotqa_long,9,answer_only,FT_K1,density,0.1,0.7258064516129032,95,62,1.0
hotpotqa_long,9,answer_only,FT_K1,density,0.2,1.0,190,62,1.0
hotpotqa_long,9,answer_only,FT_K3,raw,0.05,0.3064516129032258,48,62,0.7741935483870968
hotpotqa_long,9,answer_only,FT_K3,raw,0.1,0.532258064516129,95,62,1.0
hotpotqa_long,9,answer_only,FT_K3,raw,0.2,0.8870967741935484,190,62,1.0
hotpotqa_long,9,answer_only,FT_K3,density,0.05,0.5483870967741935,48,62,0.7741935483870968
hotpotqa_long,9,answer_only,FT_K3,density,0.1,0.7258064516129032,95,62,1.0
hotpotqa_long,9,answer_only,FT_K3,density,0.2,1.0,190,62,1.0
hotpotqa_long,10,full,DT_original,raw,0.05,0.2222222222222222,64,144,0.4444444444444444
hotpotqa_long,10,full,DT_original,raw,0.1,0.3333333333333333,127,144,0.8819444444444444
hotpotqa_long,10,full,DT_original,raw,0.2,0.4583333333333333,253,144,1.0
hotpotqa_long,10,full,DT_original,density,0.05,0.3819444444444444,64,144,0.4444444444444444
hotpotqa_long,10,full,DT_original,density,0.1,0.7569444444444444,127,144,0.8819444444444444
hotpotqa_long,10,full,DT_original,density,0.2,0.8819444444444444,253,144,1.0
hotpotqa_long,10,full,DT_target,raw,0.05,0.25,64,144,0.4444444444444444
hotpotqa_long,10,full,DT_target,raw,0.1,0.3472222222222222,127,144,0.8819444444444444
hotpotqa_long,10,full,DT_target,raw,0.2,0.4930555555555556,253,144,1.0
hotpotqa_long,10,full,DT_target,density,0.05,0.3819444444444444,64,144,0.4444444444444444
hotpotqa_long,10,full,DT_target,density,0.1,0.7569444444444444,127,144,0.8819444444444444
hotpotqa_long,10,full,DT_target,density,0.2,0.9652777777777778,253,144,1.0
hotpotqa_long,10,full,FT_K1,raw,0.05,0.3125,64,144,0.4444444444444444
hotpotqa_long,10,full,FT_K1,raw,0.1,0.4097222222222222,127,144,0.8819444444444444
hotpotqa_long,10,full,FT_K1,raw,0.2,0.5902777777777778,253,144,1.0
hotpotqa_long,10,full,FT_K1,density,0.05,0.4027777777777778,64,144,0.4444444444444444
hotpotqa_long,10,full,FT_K1,density,0.1,0.7569444444444444,127,144,0.8819444444444444
hotpotqa_long,10,full,FT_K1,density,0.2,0.9930555555555556,253,144,1.0
hotpotqa_long,10,full,FT_K3,raw,0.05,0.3125,64,144,0.4444444444444444
hotpotqa_long,10,full,FT_K3,raw,0.1,0.3888888888888889,127,144,0.8819444444444444
hotpotqa_long,10,full,FT_K3,raw,0.2,0.5833333333333334,253,144,1.0
hotpotqa_long,10,full,FT_K3,density,0.05,0.4027777777777778,64,144,0.4444444444444444
hotpotqa_long,10,full,FT_K3,density,0.1,0.7569444444444444,127,144,0.8819444444444444
hotpotqa_long,10,full,FT_K3,density,0.2,0.9930555555555556,253,144,1.0
hotpotqa_long,10,answer_conditioned,DT_target,raw,0.05,0.18055555555555555,64,144,0.4444444444444444
hotpotqa_long,10,answer_conditioned,DT_target,raw,0.1,0.25,127,144,0.8819444444444444
hotpotqa_long,10,answer_conditioned,DT_target,raw,0.2,0.3680555555555556,253,144,1.0
hotpotqa_long,10,answer_conditioned,DT_target,density,0.05,0.11805555555555555,64,144,0.4444444444444444
hotpotqa_long,10,answer_conditioned,DT_target,density,0.1,0.4861111111111111,127,144,0.8819444444444444
hotpotqa_long,10,answer_conditioned,DT_target,density,0.2,0.7638888888888888,253,144,1.0
hotpotqa_long,10,answer_conditioned,FT_K1,raw,0.05,0.19444444444444445,64,144,0.4444444444444444
hotpotqa_long,10,answer_conditioned,FT_K1,raw,0.1,0.2777777777777778,127,144,0.8819444444444444
hotpotqa_long,10,answer_conditioned,FT_K1,raw,0.2,0.4722222222222222,253,144,1.0
hotpotqa_long,10,answer_conditioned,FT_K1,density,0.05,0.4444444444444444,64,144,0.4444444444444444
hotpotqa_long,10,answer_conditioned,FT_K1,density,0.1,0.7569444444444444,127,144,0.8819444444444444
hotpotqa_long,10,answer_conditioned,FT_K1,density,0.2,0.8125,253,144,1.0
hotpotqa_long,10,answer_conditioned,FT_K3,raw,0.05,0.2152777777777778,64,144,0.4444444444444444
hotpotqa_long,10,answer_conditioned,FT_K3,raw,0.1,0.3333333333333333,127,144,0.8819444444444444
hotpotqa_long,10,answer_conditioned,FT_K3,raw,0.2,0.5,253,144,1.0
hotpotqa_long,10,answer_conditioned,FT_K3,density,0.05,0.4444444444444444,64,144,0.4444444444444444
hotpotqa_long,10,answer_conditioned,FT_K3,density,0.1,0.7083333333333334,127,144,0.8819444444444444
hotpotqa_long,10,answer_conditioned,FT_K3,density,0.2,0.8125,253,144,1.0
hotpotqa_long,10,answer_only,DT_target,raw,0.05,0.22916666666666666,64,144,0.4444444444444444
hotpotqa_long,10,answer_only,DT_target,raw,0.1,0.3333333333333333,127,144,0.8819444444444444
hotpotqa_long,10,answer_only,DT_target,raw,0.2,0.5277777777777778,253,144,1.0
hotpotqa_long,10,answer_only,DT_target,density,0.05,0.3819444444444444,64,144,0.4444444444444444
hotpotqa_long,10,answer_only,DT_target,density,0.1,0.5763888888888888,127,144,0.8819444444444444
hotpotqa_long,10,answer_only,DT_target,density,0.2,0.8125,253,144,1.0
hotpotqa_long,10,answer_only,FT_K1,raw,0.05,0.20833333333333334,64,144,0.4444444444444444
hotpotqa_long,10,answer_only,FT_K1,raw,0.1,0.3194444444444444,127,144,0.8819444444444444
hotpotqa_long,10,answer_only,FT_K1,raw,0.2,0.4722222222222222,253,144,1.0
hotpotqa_long,10,answer_only,FT_K1,density,0.05,0.4236111111111111,64,144,0.4444444444444444
hotpotqa_long,10,answer_only,FT_K1,density,0.1,0.7083333333333334,127,144,0.8819444444444444
hotpotqa_long,10,answer_only,FT_K1,density,0.2,0.8125,253,144,1.0
hotpotqa_long,10,answer_only,FT_K3,raw,0.05,0.20833333333333334,64,144,0.4444444444444444
hotpotqa_long,10,answer_only,FT_K3,raw,0.1,0.3125,127,144,0.8819444444444444
hotpotqa_long,10,answer_only,FT_K3,raw,0.2,0.4722222222222222,253,144,1.0
hotpotqa_long,10,answer_only,FT_K3,density,0.05,0.3958333333333333,64,144,0.4444444444444444
hotpotqa_long,10,answer_only,FT_K3,density,0.1,0.7083333333333334,127,144,0.8819444444444444
hotpotqa_long,10,answer_only,FT_K3,density,0.2,0.8125,253,144,1.0
hotpotqa_long,25,full,DT_original,raw,0.05,0.6666666666666666,85,69,1.0
hotpotqa_long,25,full,DT_original,raw,0.1,0.8405797101449275,169,69,1.0
hotpotqa_long,25,full,DT_original,raw,0.2,0.927536231884058,337,69,1.0
hotpotqa_long,25,full,DT_original,density,0.05,0.7246376811594203,85,69,1.0
hotpotqa_long,25,full,DT_original,density,0.1,1.0,169,69,1.0
hotpotqa_long,25,full,DT_original,density,0.2,1.0,337,69,1.0
hotpotqa_long,25,full,DT_target,raw,0.05,0.6666666666666666,85,69,1.0
hotpotqa_long,25,full,DT_target,raw,0.1,0.8260869565217391,169,69,1.0
hotpotqa_long,25,full,DT_target,raw,0.2,0.9565217391304348,337,69,1.0
hotpotqa_long,25,full,DT_target,density,0.05,0.7246376811594203,85,69,1.0
hotpotqa_long,25,full,DT_target,density,0.1,1.0,169,69,1.0
hotpotqa_long,25,full,DT_target,density,0.2,1.0,337,69,1.0
hotpotqa_long,25,full,FT_K1,raw,0.05,0.5797101449275363,85,69,1.0
hotpotqa_long,25,full,FT_K1,raw,0.1,0.7681159420289855,169,69,1.0
hotpotqa_long,25,full,FT_K1,raw,0.2,0.8840579710144928,337,69,1.0
hotpotqa_long,25,full,FT_K1,density,0.05,0.7246376811594203,85,69,1.0
hotpotqa_long,25,full,FT_K1,density,0.1,0.9855072463768116,169,69,1.0
hotpotqa_long,25,full,FT_K1,density,0.2,0.9855072463768116,337,69,1.0
hotpotqa_long,25,full,FT_K3,raw,0.05,0.5652173913043478,85,69,1.0
hotpotqa_long,25,full,FT_K3,raw,0.1,0.7536231884057971,169,69,1.0
hotpotqa_long,25,full,FT_K3,raw,0.2,0.8985507246376812,337,69,1.0
hotpotqa_long,25,full,FT_K3,density,0.05,0.7246376811594203,85,69,1.0
hotpotqa_long,25,full,FT_K3,density,0.1,0.9855072463768116,169,69,1.0
hotpotqa_long,25,full,FT_K3,density,0.2,0.9855072463768116,337,69,1.0
hotpotqa_long,25,answer_conditioned,DT_target,raw,0.05,0.2753623188405797,85,69,1.0
hotpotqa_long,25,answer_conditioned,DT_target,raw,0.1,0.4057971014492754,169,69,1.0
hotpotqa_long,25,answer_conditioned,DT_target,raw,0.2,0.4927536231884058,337,69,1.0
hotpotqa_long,25,answer_conditioned,DT_target,density,0.05,0.2463768115942029,85,69,1.0
hotpotqa_long,25,answer_conditioned,DT_target,density,0.1,0.4927536231884058,169,69,1.0
hotpotqa_long,25,answer_conditioned,DT_target,density,0.2,0.8260869565217391,337,69,1.0
hotpotqa_long,25,answer_conditioned,FT_K1,raw,0.05,0.30434782608695654,85,69,1.0
hotpotqa_long,25,answer_conditioned,FT_K1,raw,0.1,0.4782608695652174,169,69,1.0
hotpotqa_long,25,answer_conditioned,FT_K1,raw,0.2,0.6086956521739131,337,69,1.0
hotpotqa_long,25,answer_conditioned,FT_K1,density,0.05,0.2463768115942029,85,69,1.0
hotpotqa_long,25,answer_conditioned,FT_K1,density,0.1,0.42028985507246375,169,69,1.0
hotpotqa_long,25,answer_conditioned,FT_K1,density,0.2,1.0,337,69,1.0
hotpotqa_long,25,answer_conditioned,FT_K3,raw,0.05,0.391304347826087,85,69,1.0
hotpotqa_long,25,answer_conditioned,FT_K3,raw,0.1,0.5072463768115942,169,69,1.0
hotpotqa_long,25,answer_conditioned,FT_K3,raw,0.2,0.7246376811594203,337,69,1.0
hotpotqa_long,25,answer_conditioned,FT_K3,density,0.05,0.2463768115942029,85,69,1.0
hotpotqa_long,25,answer_conditioned,FT_K3,density,0.1,0.4927536231884058,169,69,1.0
hotpotqa_long,25,answer_conditioned,FT_K3,density,0.2,1.0,337,69,1.0
hotpotqa_long,25,answer_only,DT_target,raw,0.05,0.34782608695652173,85,69,1.0
hotpotqa_long,25,answer_only,DT_target,raw,0.1,0.5507246376811594,169,69,1.0
hotpotqa_long,25,answer_only,DT_target,raw,0.2,0.6956521739130435,337,69,1.0
hotpotqa_long,25,answer_only,DT_target,density,0.05,0.6521739130434783,85,69,1.0
hotpotqa_long,25,answer_only,DT_target,density,0.1,0.6666666666666666,169,69,1.0
hotpotqa_long,25,answer_only,DT_target,density,0.2,1.0,337,69,1.0
hotpotqa_long,25,answer_only,FT_K1,raw,0.05,0.391304347826087,85,69,1.0
hotpotqa_long,25,answer_only,FT_K1,raw,0.1,0.4782608695652174,169,69,1.0
hotpotqa_long,25,answer_only,FT_K1,raw,0.2,0.6231884057971014,337,69,1.0
hotpotqa_long,25,answer_only,FT_K1,density,0.05,0.463768115942029,85,69,1.0
hotpotqa_long,25,answer_only,FT_K1,density,0.1,0.8260869565217391,169,69,1.0
hotpotqa_long,25,answer_only,FT_K1,density,0.2,0.9855072463768116,337,69,1.0
hotpotqa_long,25,answer_only,FT_K3,raw,0.05,0.391304347826087,85,69,1.0
hotpotqa_long,25,answer_only,FT_K3,raw,0.1,0.4782608695652174,169,69,1.0
hotpotqa_long,25,answer_only,FT_K3,raw,0.2,0.6231884057971014,337,69,1.0
hotpotqa_long,25,answer_only,FT_K3,density,0.05,0.4927536231884058,85,69,1.0
hotpotqa_long,25,answer_only,FT_K3,density,0.1,0.8260869565217391,169,69,1.0
hotpotqa_long,25,answer_only,FT_K3,density,0.2,0.9855072463768116,337,69,1.0
hotpotqa_long,27,full,DT_original,raw,0.05,0.3283582089552239,83,67,1.0
hotpotqa_long,27,full,DT_original,raw,0.1,0.43283582089552236,165,67,1.0
hotpotqa_long,27,full,DT_original,raw,0.2,0.6268656716417911,330,67,1.0
hotpotqa_long,27,full,DT_original,density,0.05,0.6417910447761194,83,67,1.0
hotpotqa_long,27,full,DT_original,density,0.1,1.0,165,67,1.0
hotpotqa_long,27,full,DT_original,density,0.2,1.0,330,67,1.0
hotpotqa_long,27,full,DT_target,raw,0.05,0.31343283582089554,83,67,1.0
hotpotqa_long,27,full,DT_target,raw,0.1,0.47761194029850745,165,67,1.0
hotpotqa_long,27,full,DT_target,raw,0.2,0.6716417910447762,330,67,1.0
hotpotqa_long,27,full,DT_target,density,0.05,0.6119402985074627,83,67,1.0
hotpotqa_long,27,full,DT_target,density,0.1,1.0,165,67,1.0
hotpotqa_long,27,full,DT_target,density,0.2,1.0,330,67,1.0
hotpotqa_long,27,full,FT_K1,raw,0.05,0.29850746268656714,83,67,1.0
hotpotqa_long,27,full,FT_K1,raw,0.1,0.47761194029850745,165,67,1.0
hotpotqa_long,27,full,FT_K1,raw,0.2,0.6268656716417911,330,67,1.0
hotpotqa_long,27,full,FT_K1,density,0.05,0.5522388059701493,83,67,1.0
hotpotqa_long,27,full,FT_K1,density,0.1,1.0,165,67,1.0
hotpotqa_long,27,full,FT_K1,density,0.2,1.0,330,67,1.0
hotpotqa_long,27,full,FT_K3,raw,0.05,0.29850746268656714,83,67,1.0
hotpotqa_long,27,full,FT_K3,raw,0.1,0.47761194029850745,165,67,1.0
hotpotqa_long,27,full,FT_K3,raw,0.2,0.6268656716417911,330,67,1.0
hotpotqa_long,27,full,FT_K3,density,0.05,0.5522388059701493,83,67,1.0
hotpotqa_long,27,full,FT_K3,density,0.1,1.0,165,67,1.0
hotpotqa_long,27,full,FT_K3,density,0.2,1.0,330,67,1.0
hotpotqa_long,27,answer_conditioned,DT_target,raw,0.05,0.31343283582089554,83,67,1.0
hotpotqa_long,27,answer_conditioned,DT_target,raw,0.1,0.4925373134328358,165,67,1.0
hotpotqa_long,27,answer_conditioned,DT_target,raw,0.2,0.5970149253731343,330,67,1.0
hotpotqa_long,27,answer_conditioned,DT_target,density,0.05,0.7910447761194029,83,67,1.0
hotpotqa_long,27,answer_conditioned,DT_target,density,0.1,0.9850746268656716,165,67,1.0
hotpotqa_long,27,answer_conditioned,DT_target,density,0.2,0.9850746268656716,330,67,1.0
hotpotqa_long,27,answer_conditioned,FT_K1,raw,0.05,0.19402985074626866,83,67,1.0
hotpotqa_long,27,answer_conditioned,FT_K1,raw,0.1,0.373134328358209,165,67,1.0
hotpotqa_long,27,answer_conditioned,FT_K1,raw,0.2,0.5522388059701493,330,67,1.0
hotpotqa_long,27,answer_conditioned,FT_K1,density,0.05,0.43283582089552236,83,67,1.0
hotpotqa_long,27,answer_conditioned,FT_K1,density,0.1,0.43283582089552236,165,67,1.0
hotpotqa_long,27,answer_conditioned,FT_K1,density,0.2,1.0,330,67,1.0
hotpotqa_long,27,answer_conditioned,FT_K3,raw,0.05,0.22388059701492538,83,67,1.0
hotpotqa_long,27,answer_conditioned,FT_K3,raw,0.1,0.417910447761194,165,67,1.0
hotpotqa_long,27,answer_conditioned,FT_K3,raw,0.2,0.5522388059701493,330,67,1.0
hotpotqa_long,27,answer_conditioned,FT_K3,density,0.05,0.43283582089552236,83,67,1.0
hotpotqa_long,27,answer_conditioned,FT_K3,density,0.1,0.43283582089552236,165,67,1.0
hotpotqa_long,27,answer_conditioned,FT_K3,density,0.2,1.0,330,67,1.0
hotpotqa_long,27,answer_only,DT_target,raw,0.05,0.2835820895522388,83,67,1.0
hotpotqa_long,27,answer_only,DT_target,raw,0.1,0.40298507462686567,165,67,1.0
hotpotqa_long,27,answer_only,DT_target,raw,0.2,0.582089552238806,330,67,1.0
hotpotqa_long,27,answer_only,DT_target,density,0.05,0.7313432835820896,83,67,1.0
hotpotqa_long,27,answer_only,DT_target,density,0.1,1.0,165,67,1.0
hotpotqa_long,27,answer_only,DT_target,density,0.2,1.0,330,67,1.0
hotpotqa_long,27,answer_only,FT_K1,raw,0.05,0.31343283582089554,83,67,1.0
hotpotqa_long,27,answer_only,FT_K1,raw,0.1,0.4925373134328358,165,67,1.0
hotpotqa_long,27,answer_only,FT_K1,raw,0.2,0.6417910447761194,330,67,1.0
hotpotqa_long,27,answer_only,FT_K1,density,0.05,0.835820895522388,83,67,1.0
hotpotqa_long,27,answer_only,FT_K1,density,0.1,1.0,165,67,1.0
hotpotqa_long,27,answer_only,FT_K1,density,0.2,1.0,330,67,1.0
hotpotqa_long,27,answer_only,FT_K3,raw,0.05,0.31343283582089554,83,67,1.0
hotpotqa_long,27,answer_only,FT_K3,raw,0.1,0.4925373134328358,165,67,1.0
hotpotqa_long,27,answer_only,FT_K3,raw,0.2,0.6417910447761194,330,67,1.0
hotpotqa_long,27,answer_only,FT_K3,density,0.05,0.7910447761194029,83,67,1.0
hotpotqa_long,27,answer_only,FT_K3,density,0.1,1.0,165,67,1.0
hotpotqa_long,27,answer_only,FT_K3,density,0.2,1.0,330,67,1.0
hotpotqa_long,40,full,DT_original,raw,0.05,0.15625,66,128,0.515625
hotpotqa_long,40,full,DT_original,raw,0.1,0.2578125,131,128,1.0
hotpotqa_long,40,full,DT_original,raw,0.2,0.3671875,261,128,1.0
hotpotqa_long,40,full,DT_original,density,0.05,0.3671875,66,128,0.515625
hotpotqa_long,40,full,DT_original,density,0.1,0.4140625,131,128,1.0
hotpotqa_long,40,full,DT_original,density,0.2,0.5625,261,128,1.0
hotpotqa_long,40,full,DT_target,raw,0.05,0.1640625,66,128,0.515625
hotpotqa_long,40,full,DT_target,raw,0.1,0.25,131,128,1.0
hotpotqa_long,40,full,DT_target,raw,0.2,0.375,261,128,1.0
hotpotqa_long,40,full,DT_target,density,0.05,0.4140625,66,128,0.515625
hotpotqa_long,40,full,DT_target,density,0.1,0.421875,131,128,1.0
hotpotqa_long,40,full,DT_target,density,0.2,0.5625,261,128,1.0
hotpotqa_long,40,full,FT_K1,raw,0.05,0.234375,66,128,0.515625
hotpotqa_long,40,full,FT_K1,raw,0.1,0.34375,131,128,1.0
hotpotqa_long,40,full,FT_K1,raw,0.2,0.4375,261,128,1.0
hotpotqa_long,40,full,FT_K1,density,0.05,0.4140625,66,128,0.515625
hotpotqa_long,40,full,FT_K1,density,0.1,0.421875,131,128,1.0
hotpotqa_long,40,full,FT_K1,density,0.2,0.5625,261,128,1.0
hotpotqa_long,40,full,FT_K3,raw,0.05,0.234375,66,128,0.515625
hotpotqa_long,40,full,FT_K3,raw,0.1,0.3515625,131,128,1.0
hotpotqa_long,40,full,FT_K3,raw,0.2,0.4296875,261,128,1.0
hotpotqa_long,40,full,FT_K3,density,0.05,0.4140625,66,128,0.515625
hotpotqa_long,40,full,FT_K3,density,0.1,0.421875,131,128,1.0
hotpotqa_long,40,full,FT_K3,density,0.2,0.5625,261,128,1.0
hotpotqa_long,40,answer_conditioned,DT_target,raw,0.05,0.046875,66,128,0.515625
hotpotqa_long,40,answer_conditioned,DT_target,raw,0.1,0.0703125,131,128,1.0
hotpotqa_long,40,answer_conditioned,DT_target,raw,0.2,0.21875,261,128,1.0
hotpotqa_long,40,answer_conditioned,DT_target,density,0.05,0.140625,66,128,0.515625
hotpotqa_long,40,answer_conditioned,DT_target,density,0.1,0.1484375,131,128,1.0
hotpotqa_long,40,answer_conditioned,DT_target,density,0.2,0.1484375,261,128,1.0
hotpotqa_long,40,answer_conditioned,FT_K1,raw,0.05,0.1171875,66,128,0.515625
hotpotqa_long,40,answer_conditioned,FT_K1,raw,0.1,0.140625,131,128,1.0
hotpotqa_long,40,answer_conditioned,FT_K1,raw,0.2,0.265625,261,128,1.0
hotpotqa_long,40,answer_conditioned,FT_K1,density,0.05,0.140625,66,128,0.515625
hotpotqa_long,40,answer_conditioned,FT_K1,density,0.1,0.1640625,131,128,1.0
hotpotqa_long,40,answer_conditioned,FT_K1,density,0.2,0.359375,261,128,1.0
hotpotqa_long,40,answer_conditioned,FT_K3,raw,0.05,0.109375,66,128,0.515625
hotpotqa_long,40,answer_conditioned,FT_K3,raw,0.1,0.203125,131,128,1.0
hotpotqa_long,40,answer_conditioned,FT_K3,raw,0.2,0.3203125,261,128,1.0
hotpotqa_long,40,answer_conditioned,FT_K3,density,0.05,0.140625,66,128,0.515625
hotpotqa_long,40,answer_conditioned,FT_K3,density,0.1,0.25,131,128,1.0
hotpotqa_long,40,answer_conditioned,FT_K3,density,0.2,0.484375,261,128,1.0
hotpotqa_long,40,answer_only,DT_target,raw,0.05,0.109375,66,128,0.515625
hotpotqa_long,40,answer_only,DT_target,raw,0.1,0.203125,131,128,1.0
hotpotqa_long,40,answer_only,DT_target,raw,0.2,0.3671875,261,128,1.0
hotpotqa_long,40,answer_only,DT_target,density,0.05,0.140625,66,128,0.515625
hotpotqa_long,40,answer_only,DT_target,density,0.1,0.359375,131,128,1.0
hotpotqa_long,40,answer_only,DT_target,density,0.2,0.359375,261,128,1.0
hotpotqa_long,40,answer_only,FT_K1,raw,0.05,0.125,66,128,0.515625
hotpotqa_long,40,answer_only,FT_K1,raw,0.1,0.21875,131,128,1.0
hotpotqa_long,40,answer_only,FT_K1,raw,0.2,0.3359375,261,128,1.0
hotpotqa_long,40,answer_only,FT_K1,density,0.05,0.1484375,66,128,0.515625
hotpotqa_long,40,answer_only,FT_K1,density,0.1,0.359375,131,128,1.0
hotpotqa_long,40,answer_only,FT_K1,density,0.2,0.3671875,261,128,1.0
hotpotqa_long,40,answer_only,FT_K3,raw,0.05,0.125,66,128,0.515625
hotpotqa_long,40,answer_only,FT_K3,raw,0.1,0.21875,131,128,1.0
hotpotqa_long,40,answer_only,FT_K3,raw,0.2,0.328125,261,128,1.0
hotpotqa_long,40,answer_only,FT_K3,density,0.05,0.1484375,66,128,0.515625
hotpotqa_long,40,answer_only,FT_K3,density,0.1,0.359375,131,128,1.0
hotpotqa_long,40,answer_only,FT_K3,density,0.2,0.3671875,261,128,1.0
hotpotqa_long,42,full,DT_original,raw,0.05,0.1375,67,80,0.8375
hotpotqa_long,42,full,DT_original,raw,0.1,0.1875,133,80,1.0
hotpotqa_long,42,full,DT_original,raw,0.2,0.2625,265,80,1.0
hotpotqa_long,42,full,DT_original,density,0.05,0.4625,67,80,0.8375
hotpotqa_long,42,full,DT_original,density,0.1,1.0,133,80,1.0
hotpotqa_long,42,full,DT_original,density,0.2,1.0,265,80,1.0
hotpotqa_long,42,full,DT_target,raw,0.05,0.125,67,80,0.8375
hotpotqa_long,42,full,DT_target,raw,0.1,0.1625,133,80,1.0
hotpotqa_long,42,full,DT_target,raw,0.2,0.325,265,80,1.0
hotpotqa_long,42,full,DT_target,density,0.05,0.5,67,80,0.8375
hotpotqa_long,42,full,DT_target,density,0.1,0.6625,133,80,1.0
hotpotqa_long,42,full,DT_target,density,0.2,1.0,265,80,1.0
hotpotqa_long,42,full,FT_K1,raw,0.05,0.225,67,80,0.8375
hotpotqa_long,42,full,FT_K1,raw,0.1,0.3875,133,80,1.0
hotpotqa_long,42,full,FT_K1,raw,0.2,0.5625,265,80,1.0
hotpotqa_long,42,full,FT_K1,density,0.05,0.525,67,80,0.8375
hotpotqa_long,42,full,FT_K1,density,0.1,0.525,133,80,1.0
hotpotqa_long,42,full,FT_K1,density,0.2,1.0,265,80,1.0
hotpotqa_long,42,full,FT_K3,raw,0.05,0.225,67,80,0.8375
hotpotqa_long,42,full,FT_K3,raw,0.1,0.3875,133,80,1.0
hotpotqa_long,42,full,FT_K3,raw,0.2,0.5625,265,80,1.0
hotpotqa_long,42,full,FT_K3,density,0.05,0.525,67,80,0.8375
hotpotqa_long,42,full,FT_K3,density,0.1,0.525,133,80,1.0
hotpotqa_long,42,full,FT_K3,density,0.2,1.0,265,80,1.0
hotpotqa_long,42,answer_conditioned,DT_target,raw,0.05,0.075,67,80,0.8375
hotpotqa_long,42,answer_conditioned,DT_target,raw,0.1,0.2,133,80,1.0
hotpotqa_long,42,answer_conditioned,DT_target,raw,0.2,0.35,265,80,1.0
hotpotqa_long,42,answer_conditioned,DT_target,density,0.05,0.3375,67,80,0.8375
hotpotqa_long,42,answer_conditioned,DT_target,density,0.1,0.525,133,80,1.0
hotpotqa_long,42,answer_conditioned,DT_target,density,0.2,0.525,265,80,1.0
hotpotqa_long,42,answer_conditioned,FT_K1,raw,0.05,0.275,67,80,0.8375
hotpotqa_long,42,answer_conditioned,FT_K1,raw,0.1,0.3875,133,80,1.0
hotpotqa_long,42,answer_conditioned,FT_K1,raw,0.2,0.5875,265,80,1.0
hotpotqa_long,42,answer_conditioned,FT_K1,density,0.05,0.525,67,80,0.8375
hotpotqa_long,42,answer_conditioned,FT_K1,density,0.1,0.525,133,80,1.0
hotpotqa_long,42,answer_conditioned,FT_K1,density,0.2,0.525,265,80,1.0
hotpotqa_long,42,answer_conditioned,FT_K3,raw,0.05,0.2625,67,80,0.8375
hotpotqa_long,42,answer_conditioned,FT_K3,raw,0.1,0.3875,133,80,1.0
hotpotqa_long,42,answer_conditioned,FT_K3,raw,0.2,0.5875,265,80,1.0
hotpotqa_long,42,answer_conditioned,FT_K3,density,0.05,0.525,67,80,0.8375
hotpotqa_long,42,answer_conditioned,FT_K3,density,0.1,0.525,133,80,1.0
hotpotqa_long,42,answer_conditioned,FT_K3,density,0.2,0.525,265,80,1.0
hotpotqa_long,42,answer_only,DT_target,raw,0.05,0.1125,67,80,0.8375
hotpotqa_long,42,answer_only,DT_target,raw,0.1,0.2,133,80,1.0
hotpotqa_long,42,answer_only,DT_target,raw,0.2,0.375,265,80,1.0
hotpotqa_long,42,answer_only,DT_target,density,0.05,0.525,67,80,0.8375
hotpotqa_long,42,answer_only,DT_target,density,0.1,0.525,133,80,1.0
hotpotqa_long,42,answer_only,DT_target,density,0.2,0.525,265,80,1.0
hotpotqa_long,42,answer_only,FT_K1,raw,0.05,0.2375,67,80,0.8375
hotpotqa_long,42,answer_only,FT_K1,raw,0.1,0.325,133,80,1.0
hotpotqa_long,42,answer_only,FT_K1,raw,0.2,0.4875,265,80,1.0
hotpotqa_long,42,answer_only,FT_K1,density,0.05,0.525,67,80,0.8375
hotpotqa_long,42,answer_only,FT_K1,density,0.1,0.525,133,80,1.0
hotpotqa_long,42,answer_only,FT_K1,density,0.2,0.525,265,80,1.0
hotpotqa_long,42,answer_only,FT_K3,raw,0.05,0.2375,67,80,0.8375
hotpotqa_long,42,answer_only,FT_K3,raw,0.1,0.3375,133,80,1.0
hotpotqa_long,42,answer_only,FT_K3,raw,0.2,0.4875,265,80,1.0
hotpotqa_long,42,answer_only,FT_K3,density,0.05,0.525,67,80,0.8375
hotpotqa_long,42,answer_only,FT_K3,density,0.1,0.525,133,80,1.0
hotpotqa_long,42,answer_only,FT_K3,density,0.2,0.525,265,80,1.0
hotpotqa_long,45,full,DT_original,raw,0.05,0.3246753246753247,86,77,1.0
hotpotqa_long,45,full,DT_original,raw,0.1,0.5584415584415584,171,77,1.0
hotpotqa_long,45,full,DT_original,raw,0.2,0.7142857142857143,341,77,1.0
hotpotqa_long,45,full,DT_original,density,0.05,0.7012987012987013,86,77,1.0
hotpotqa_long,45,full,DT_original,density,0.1,0.987012987012987,171,77,1.0
hotpotqa_long,45,full,DT_original,density,0.2,0.987012987012987,341,77,1.0
hotpotqa_long,45,full,DT_target,raw,0.05,0.2987012987012987,86,77,1.0
hotpotqa_long,45,full,DT_target,raw,0.1,0.5844155844155844,171,77,1.0
hotpotqa_long,45,full,DT_target,raw,0.2,0.7532467532467533,341,77,1.0
hotpotqa_long,45,full,DT_target,density,0.05,0.5844155844155844,86,77,1.0
hotpotqa_long,45,full,DT_target,density,0.1,0.987012987012987,171,77,1.0
hotpotqa_long,45,full,DT_target,density,0.2,0.987012987012987,341,77,1.0
hotpotqa_long,45,full,FT_K1,raw,0.05,0.37662337662337664,86,77,1.0
hotpotqa_long,45,full,FT_K1,raw,0.1,0.6363636363636364,171,77,1.0
hotpotqa_long,45,full,FT_K1,raw,0.2,0.7922077922077922,341,77,1.0
hotpotqa_long,45,full,FT_K1,density,0.05,0.8571428571428571,86,77,1.0
hotpotqa_long,45,full,FT_K1,density,0.1,1.0,171,77,1.0
hotpotqa_long,45,full,FT_K1,density,0.2,1.0,341,77,1.0
hotpotqa_long,45,full,FT_K3,raw,0.05,0.37662337662337664,86,77,1.0
hotpotqa_long,45,full,FT_K3,raw,0.1,0.6233766233766234,171,77,1.0
hotpotqa_long,45,full,FT_K3,raw,0.2,0.7792207792207793,341,77,1.0
hotpotqa_long,45,full,FT_K3,density,0.05,0.8571428571428571,86,77,1.0
hotpotqa_long,45,full,FT_K3,density,0.1,1.0,171,77,1.0
hotpotqa_long,45,full,FT_K3,density,0.2,1.0,341,77,1.0
hotpotqa_long,45,answer_conditioned,DT_target,raw,0.05,0.06493506493506493,86,77,1.0
hotpotqa_long,45,answer_conditioned,DT_target,raw,0.1,0.11688311688311688,171,77,1.0
hotpotqa_long,45,answer_conditioned,DT_target,raw,0.2,0.16883116883116883,341,77,1.0
hotpotqa_long,45,answer_conditioned,DT_target,density,0.05,0.0,86,77,1.0
hotpotqa_long,45,answer_conditioned,DT_target,density,0.1,0.0,171,77,1.0
hotpotqa_long,45,answer_conditioned,DT_target,density,0.2,0.0,341,77,1.0
hotpotqa_long,45,answer_conditioned,FT_K1,raw,0.05,0.35064935064935066,86,77,1.0
hotpotqa_long,45,answer_conditioned,FT_K1,raw,0.1,0.5064935064935064,171,77,1.0
hotpotqa_long,45,answer_conditioned,FT_K1,raw,0.2,0.7012987012987013,341,77,1.0
hotpotqa_long,45,answer_conditioned,FT_K1,density,0.05,0.8051948051948052,86,77,1.0
hotpotqa_long,45,answer_conditioned,FT_K1,density,0.1,1.0,171,77,1.0
hotpotqa_long,45,answer_conditioned,FT_K1,density,0.2,1.0,341,77,1.0
hotpotqa_long,45,answer_conditioned,FT_K3,raw,0.05,0.33766233766233766,86,77,1.0
hotpotqa_long,45,answer_conditioned,FT_K3,raw,0.1,0.5324675324675324,171,77,1.0
hotpotqa_long,45,answer_conditioned,FT_K3,raw,0.2,0.7272727272727273,341,77,1.0
hotpotqa_long,45,answer_conditioned,FT_K3,density,0.05,0.8571428571428571,86,77,1.0
hotpotqa_long,45,answer_conditioned,FT_K3,density,0.1,1.0,171,77,1.0
hotpotqa_long,45,answer_conditioned,FT_K3,density,0.2,1.0,341,77,1.0
hotpotqa_long,45,answer_only,DT_target,raw,0.05,0.3246753246753247,86,77,1.0
hotpotqa_long,45,answer_only,DT_target,raw,0.1,0.5974025974025974,171,77,1.0
hotpotqa_long,45,answer_only,DT_target,raw,0.2,0.8181818181818182,341,77,1.0
hotpotqa_long,45,answer_only,DT_target,density,0.05,0.7012987012987013,86,77,1.0
hotpotqa_long,45,answer_only,DT_target,density,0.1,0.987012987012987,171,77,1.0
hotpotqa_long,45,answer_only,DT_target,density,0.2,0.987012987012987,341,77,1.0
hotpotqa_long,45,answer_only,FT_K1,raw,0.05,0.44155844155844154,86,77,1.0
hotpotqa_long,45,answer_only,FT_K1,raw,0.1,0.6493506493506493,171,77,1.0
hotpotqa_long,45,answer_only,FT_K1,raw,0.2,0.8181818181818182,341,77,1.0
hotpotqa_long,45,answer_only,FT_K1,density,0.05,0.8571428571428571,86,77,1.0
hotpotqa_long,45,answer_only,FT_K1,density,0.1,1.0,171,77,1.0
hotpotqa_long,45,answer_only,FT_K1,density,0.2,1.0,341,77,1.0
hotpotqa_long,45,answer_only,FT_K3,raw,0.05,0.44155844155844154,86,77,1.0
hotpotqa_long,45,answer_only,FT_K3,raw,0.1,0.6493506493506493,171,77,1.0
hotpotqa_long,45,answer_only,FT_K3,raw,0.2,0.7792207792207793,341,77,1.0
hotpotqa_long,45,answer_only,FT_K3,density,0.05,0.8571428571428571,86,77,1.0
hotpotqa_long,45,answer_only,FT_K3,density,0.1,1.0,171,77,1.0
hotpotqa_long,45,answer_only,FT_K3,density,0.2,1.0,341,77,1.0
