dataset,index,method,target,rise,endpoint_gap,mas
niah_mq_q2,11,DT_original,full,0.15851498637602182,183.5,
niah_mq_q2,11,DT_original,answer,0.0,-2.625,
niah_mq_q2,11,DT_original,answer_content,0.0,-3.375,
niah_mq_q2,11,DT_original,full_fp64,0.15848381909246193,184.08402061462402,
niah_mq_q2,11,DT_original,answer_fp64,0.0,-2.5947251319885254,
niah_mq_q2,11,DT_original,answer_content_fp64,0.0,-3.352348804473877,
niah_mq_q2,11,DT_original_restore_query,full,0.07277777777777776,67.5,
niah_mq_q2,11,DT_original_restore_query,answer,0.0,-1.9375,
niah_mq_q2,11,DT_original_restore_query,answer_content,0.0,-1.8125,
niah_mq_q2,11,DT_original_restore_query,full_fp64,0.07213825184172429,67.47736465930939,
niah_mq_q2,11,DT_original_restore_query,answer_fp64,0.0,-1.9218924045562744,
niah_mq_q2,11,DT_original_restore_query,answer_content_fp64,0.0,-1.7964613437652588,
niah_mq_q2,11,DT_original_only_query,full,0.22115384615384617,32.5,
niah_mq_q2,11,DT_original_only_query,answer,0.0,-0.5,
niah_mq_q2,11,DT_original_only_query,answer_content,0.0,-1.9375,
niah_mq_q2,11,DT_original_only_query,full_fp64,0.21870256590427442,32.603159070014954,
niah_mq_q2,11,DT_original_only_query,answer_fp64,0.0,-0.5074492692947388,
niah_mq_q2,11,DT_original_only_query,answer_content_fp64,0.0,-1.9002143144607544,
niah_mq_q2,11,FT_answer_K1,full,0.12908719346049047,183.5,
niah_mq_q2,11,FT_answer_K1,answer,0.0,-2.625,
niah_mq_q2,11,FT_answer_K1,answer_content,0.0,-3.375,
niah_mq_q2,11,FT_answer_K1,full_fp64,0.1290171743289661,184.08402061462402,
niah_mq_q2,11,FT_answer_K1,answer_fp64,0.0,-2.5947251319885254,
niah_mq_q2,11,FT_answer_K1,answer_content_fp64,0.0,-3.352348804473877,
niah_mq_q2,11,FT_answer_K1_restore_query,full,0.05981481481481481,67.5,
niah_mq_q2,11,FT_answer_K1_restore_query,answer,0.0,-1.9375,
niah_mq_q2,11,FT_answer_K1_restore_query,answer_content,0.0,-1.8125,
niah_mq_q2,11,FT_answer_K1_restore_query,full_fp64,0.059013054485272665,67.47736465930939,
niah_mq_q2,11,FT_answer_K1_restore_query,answer_fp64,0.0,-1.9218924045562744,
niah_mq_q2,11,FT_answer_K1_restore_query,answer_content_fp64,0.0,-1.7964613437652588,
niah_mq_q2,11,FT_answer_K1_only_query,full,0.1473076923076923,32.5,
niah_mq_q2,11,FT_answer_K1_only_query,answer,0.0,-0.5,
niah_mq_q2,11,FT_answer_K1_only_query,answer_content,0.0,-1.9375,
niah_mq_q2,11,FT_answer_K1_only_query,full_fp64,0.14693845187461313,32.603159070014954,
niah_mq_q2,11,FT_answer_K1_only_query,answer_fp64,0.0,-0.5074492692947388,
niah_mq_q2,11,FT_answer_K1_only_query,answer_content_fp64,0.0,-1.9002143144607544,
niah_mq_q2,11,DT_full_content,full,0.16532697547683922,183.5,
niah_mq_q2,11,DT_full_content,answer,0.0,-2.625,
niah_mq_q2,11,DT_full_content,answer_content,0.0,-3.375,
niah_mq_q2,11,DT_full_content,full_fp64,0.16496561376683563,184.08402061462402,
niah_mq_q2,11,DT_full_content,answer_fp64,0.0,-2.5947251319885254,
niah_mq_q2,11,DT_full_content,answer_content_fp64,0.0,-3.352348804473877,
niah_mq_q2,11,DT_full_content_positive,full,0.16532697547683922,183.5,0.21970026756445532
niah_mq_q2,11,DT_full_content_positive,answer,0.0,-2.625,
niah_mq_q2,11,DT_full_content_positive,answer_content,0.0,-3.375,
niah_mq_q2,11,DT_full_content_positive,full_fp64,0.16496561376683563,184.08402061462402,
niah_mq_q2,11,DT_full_content_positive,answer_fp64,0.0,-2.5947251319885254,
niah_mq_q2,11,DT_full_content_positive,answer_content_fp64,0.0,-3.352348804473877,
niah_mq_q2,11,DT_answer_content,full,0.5271798365122616,183.5,
niah_mq_q2,11,DT_answer_content,answer,0.0,-2.625,
niah_mq_q2,11,DT_answer_content,answer_content,0.0,-3.375,
niah_mq_q2,11,DT_answer_content,full_fp64,0.5277984976276731,184.08402061462402,
niah_mq_q2,11,DT_answer_content,answer_fp64,0.0,-2.5947251319885254,
niah_mq_q2,11,DT_answer_content,answer_content_fp64,0.0,-3.352348804473877,
niah_mq_q2,11,DT_answer_content_positive,full,0.4737738419618527,183.5,0.7630109057375858
niah_mq_q2,11,DT_answer_content_positive,answer,0.0,-2.625,
niah_mq_q2,11,DT_answer_content_positive,answer_content,0.0,-3.375,
niah_mq_q2,11,DT_answer_content_positive,full_fp64,0.4735899215456298,184.08402061462402,
niah_mq_q2,11,DT_answer_content_positive,answer_fp64,0.0,-2.5947251319885254,
niah_mq_q2,11,DT_answer_content_positive,answer_content_fp64,0.0,-3.352348804473877,
niah_mq_q2,11,FT_full_K1,full,0.13235694822888283,183.5,
niah_mq_q2,11,FT_full_K1,answer,0.0,-2.625,
niah_mq_q2,11,FT_full_K1,answer_content,0.0,-3.375,
niah_mq_q2,11,FT_full_K1,full_fp64,0.13291912391442262,184.08402061462402,
niah_mq_q2,11,FT_full_K1,answer_fp64,0.0,-2.5947251319885254,
niah_mq_q2,11,FT_full_K1,answer_content_fp64,0.0,-3.352348804473877,
niah_mq_q2,11,DT_fixed_query,full,0.02944444444444444,67.5,
niah_mq_q2,11,DT_fixed_query,answer,0.0,-1.9375,
niah_mq_q2,11,DT_fixed_query,answer_content,0.0,-1.8125,
niah_mq_q2,11,DT_fixed_query,full_fp64,0.029148509086956664,67.47736465930939,
niah_mq_q2,11,DT_fixed_query,answer_fp64,0.0,-1.9218924045562744,
niah_mq_q2,11,DT_fixed_query,answer_content_fp64,0.0,-1.7964613437652588,
niah_mq_q2,11,DT_old_reference_fixed_query,full,0.04648148148148148,67.5,
niah_mq_q2,11,DT_old_reference_fixed_query,answer,0.0,-1.9375,
niah_mq_q2,11,DT_old_reference_fixed_query,answer_content,0.0,-1.8125,
niah_mq_q2,11,DT_old_reference_fixed_query,full_fp64,0.04657389601919779,67.47736465930939,
niah_mq_q2,11,DT_old_reference_fixed_query,answer_fp64,0.0,-1.9218924045562744,
niah_mq_q2,11,DT_old_reference_fixed_query,answer_content_fp64,0.0,-1.7964613437652588,
niah_mq_q2,11,FT_fixed_query,full,0.03388888888888889,67.5,0.30065883596803455
niah_mq_q2,11,FT_fixed_query,answer,0.0,-1.9375,
niah_mq_q2,11,FT_fixed_query,answer_content,0.0,-1.8125,
niah_mq_q2,11,FT_fixed_query,full_fp64,0.03393575803050125,67.47736465930939,
niah_mq_q2,11,FT_fixed_query,answer_fp64,0.0,-1.9218924045562744,
niah_mq_q2,11,FT_fixed_query,answer_content_fp64,0.0,-1.7964613437652588,
niah_mq_q2,37,DT_original,full,0.13884180790960454,177.0,
niah_mq_q2,37,DT_original,answer,0.13545197740112996,11.0625,
niah_mq_q2,37,DT_original,answer_content,0.15424791086350972,11.21875,
niah_mq_q2,37,DT_original,full_fp64,0.13936173756214107,177.41592717170715,
niah_mq_q2,37,DT_original,answer_fp64,0.13345885788064396,11.03671646118164,
niah_mq_q2,37,DT_original,answer_content_fp64,0.15417625155117642,11.233294486999512,
niah_mq_q2,37,DT_original_restore_query,full,0.05859375,64.0,
niah_mq_q2,37,DT_original_restore_query,answer,0.0,-1.5625,
niah_mq_q2,37,DT_original_restore_query,answer_content,0.0,-1.46875,
niah_mq_q2,37,DT_original_restore_query,full_fp64,0.05874056904654198,64.13097369670868,
niah_mq_q2,37,DT_original_restore_query,answer_fp64,0.0,-1.5555310249328613,
niah_mq_q2,37,DT_original_restore_query,answer_content_fp64,0.0,-1.4714484214782715,
niah_mq_q2,37,DT_original_only_query,full,0.19329268292682925,41.0,
niah_mq_q2,37,DT_original_only_query,answer,0.1546969696969697,10.3125,
niah_mq_q2,37,DT_original_only_query,answer_content,0.16716300940438872,9.96875,
niah_mq_q2,37,DT_original_only_query,full_fp64,0.1914702785698772,40.85031175613403,
niah_mq_q2,37,DT_original_only_query,answer_fp64,0.1600092594422829,10.361018419265747,
niah_mq_q2,37,DT_original_only_query,answer_content_fp64,0.167375014208793,9.99437928199768,
niah_mq_q2,37,FT_answer_K1,full,0.125,177.0,
niah_mq_q2,37,FT_answer_K1,answer,0.0730225988700565,11.0625,
niah_mq_q2,37,FT_answer_K1,answer_content,0.08321727019498608,11.21875,
niah_mq_q2,37,FT_answer_K1,full_fp64,0.12602242998528607,177.41592717170715,
niah_mq_q2,37,FT_answer_K1,answer_fp64,0.06965752711781278,11.03671646118164,
niah_mq_q2,37,FT_answer_K1,answer_content_fp64,0.08430396525568506,11.233294486999512,
niah_mq_q2,37,FT_answer_K1_restore_query,full,0.0671875,64.0,
niah_mq_q2,37,FT_answer_K1_restore_query,answer,0.0,-1.5625,
niah_mq_q2,37,FT_answer_K1_restore_query,answer_content,0.0,-1.46875,
niah_mq_q2,37,FT_answer_K1_restore_query,full_fp64,0.06696723214837277,64.13097369670868,
niah_mq_q2,37,FT_answer_K1_restore_query,answer_fp64,0.0,-1.5555310249328613,
niah_mq_q2,37,FT_answer_K1_restore_query,answer_content_fp64,0.0,-1.4714484214782715,
niah_mq_q2,37,FT_answer_K1_only_query,full,0.11829268292682926,41.0,
niah_mq_q2,37,FT_answer_K1_only_query,answer,0.08469696969696969,10.3125,
niah_mq_q2,37,FT_answer_K1_only_query,answer_content,0.08456112852664574,9.96875,
niah_mq_q2,37,FT_answer_K1_only_query,full_fp64,0.11781052466826716,40.85031175613403,
niah_mq_q2,37,FT_answer_K1_only_query,answer_fp64,0.08598748262114357,10.361018419265747,
niah_mq_q2,37,FT_answer_K1_only_query,answer_content_fp64,0.0846296958942582,9.99437928199768,
niah_mq_q2,37,DT_full_content,full,0.14025423728813557,177.0,
niah_mq_q2,37,DT_full_content,answer,0.12274011299435028,11.0625,
niah_mq_q2,37,DT_full_content,answer_content,0.12332869080779943,11.21875,
niah_mq_q2,37,DT_full_content,full_fp64,0.14009236110636195,177.41592717170715,
niah_mq_q2,37,DT_full_content,answer_fp64,0.12225746027162228,11.03671646118164,
niah_mq_q2,37,DT_full_content,answer_content_fp64,0.1236111797362807,11.233294486999512,
niah_mq_q2,37,DT_full_content_positive,full,0.14025423728813557,177.0,0.17484876580866857
niah_mq_q2,37,DT_full_content_positive,answer,0.12274011299435028,11.0625,
niah_mq_q2,37,DT_full_content_positive,answer_content,0.12332869080779943,11.21875,
niah_mq_q2,37,DT_full_content_positive,full_fp64,0.14009236110636195,177.41592717170715,
niah_mq_q2,37,DT_full_content_positive,answer_fp64,0.12225746027162228,11.03671646118164,
niah_mq_q2,37,DT_full_content_positive,answer_content_fp64,0.1236111797362807,11.233294486999512,
niah_mq_q2,37,DT_answer_content,full,0.2841807909604519,177.0,
niah_mq_q2,37,DT_answer_content,answer,0.036581920903954804,11.0625,
niah_mq_q2,37,DT_answer_content,answer_content,0.04171309192200558,11.21875,
niah_mq_q2,37,DT_answer_content,full_fp64,0.28629515769121844,177.41592717170715,
niah_mq_q2,37,DT_answer_content,answer_fp64,0.03635993372756687,11.03671646118164,
niah_mq_q2,37,DT_answer_content,answer_content_fp64,0.04180000607863358,11.233294486999512,
niah_mq_q2,37,DT_answer_content_positive,full,0.3005649717514124,177.0,0.49412116204395307
niah_mq_q2,37,DT_answer_content_positive,answer,0.036581920903954804,11.0625,
niah_mq_q2,37,DT_answer_content_positive,answer_content,0.04171309192200558,11.21875,
niah_mq_q2,37,DT_answer_content_positive,full_fp64,0.30114842225423233,177.41592717170715,
niah_mq_q2,37,DT_answer_content_positive,answer_fp64,0.03635993372756687,11.03671646118164,
niah_mq_q2,37,DT_answer_content_positive,answer_content_fp64,0.04180000607863358,11.233294486999512,
niah_mq_q2,37,FT_full_K1,full,0.11935028248587572,177.0,
niah_mq_q2,37,FT_full_K1,answer,0.18036723163841809,11.0625,
niah_mq_q2,37,FT_full_K1,answer_content,0.19129526462395546,11.21875,
niah_mq_q2,37,FT_full_K1,full_fp64,0.12065458353314942,177.41592717170715,
niah_mq_q2,37,FT_full_K1,answer_fp64,0.17949533556424715,11.03671646118164,
niah_mq_q2,37,FT_full_K1,answer_content_fp64,0.19149482482031735,11.233294486999512,
niah_mq_q2,37,DT_fixed_query,full,0.03359375,64.0,
niah_mq_q2,37,DT_fixed_query,answer,0.0,-1.5625,
niah_mq_q2,37,DT_fixed_query,answer_content,0.0,-1.46875,
niah_mq_q2,37,DT_fixed_query,full_fp64,0.03387608939032259,64.13097369670868,
niah_mq_q2,37,DT_fixed_query,answer_fp64,0.0,-1.5555310249328613,
niah_mq_q2,37,DT_fixed_query,answer_content_fp64,0.0,-1.4714484214782715,
niah_mq_q2,37,DT_old_reference_fixed_query,full,0.04375,64.0,
niah_mq_q2,37,DT_old_reference_fixed_query,answer,0.0,-1.5625,
niah_mq_q2,37,DT_old_reference_fixed_query,answer_content,0.0,-1.46875,
niah_mq_q2,37,DT_old_reference_fixed_query,full_fp64,0.0439691493143277,64.13097369670868,
niah_mq_q2,37,DT_old_reference_fixed_query,answer_fp64,0.0,-1.5555310249328613,
niah_mq_q2,37,DT_old_reference_fixed_query,answer_content_fp64,0.0,-1.4714484214782715,
niah_mq_q2,37,FT_fixed_query,full,0.0375,64.0,0.28551627746691893
niah_mq_q2,37,FT_fixed_query,answer,0.0,-1.5625,
niah_mq_q2,37,FT_fixed_query,answer_content,0.0,-1.46875,
niah_mq_q2,37,FT_fixed_query,full_fp64,0.03791104527637072,64.13097369670868,
niah_mq_q2,37,FT_fixed_query,answer_fp64,0.0,-1.5555310249328613,
niah_mq_q2,37,FT_fixed_query,answer_content_fp64,0.0,-1.4714484214782715,
niah_mq_q2,63,DT_original,full,0.09388888888888887,180.0,
niah_mq_q2,63,DT_original,answer,0.06329787234042553,2.9375,
niah_mq_q2,63,DT_original,answer_content,0.14464285714285713,0.875,
niah_mq_q2,63,DT_original,full_fp64,0.09674957807635871,180.9036637544632,
niah_mq_q2,63,DT_original,answer_fp64,0.06304280518313514,2.963139533996582,
niah_mq_q2,63,DT_original,answer_content_fp64,0.14194050192572527,0.8787832260131836,
niah_mq_q2,63,DT_original_restore_query,full,0.025,74.0,
niah_mq_q2,63,DT_original_restore_query,answer,0.0,-0.125,
niah_mq_q2,63,DT_original_restore_query,answer_content,0.0,-0.34375,
niah_mq_q2,63,DT_original_restore_query,full_fp64,0.025,73.85647082328796,
niah_mq_q2,63,DT_original_restore_query,answer_fp64,0.0,-0.14100384712219238,
niah_mq_q2,63,DT_original_restore_query,answer_content_fp64,0.0,-0.3299839496612549,
niah_mq_q2,63,DT_original_only_query,full,0.06693548387096775,31.0,
niah_mq_q2,63,DT_original_only_query,answer,0.07428057553956834,8.6875,
niah_mq_q2,63,DT_original_only_query,answer_content,0.17327586206896553,0.90625,
niah_mq_q2,63,DT_original_only_query,full_fp64,0.06832636080251027,31.026306629180908,
niah_mq_q2,63,DT_original_only_query,answer_fp64,0.07428000534158423,8.717997312545776,
niah_mq_q2,63,DT_original_only_query,answer_content_fp64,0.17226023711059146,0.9103744029998779,
niah_mq_q2,63,FT_answer_K1,full,0.056666666666666664,180.0,
niah_mq_q2,63,FT_answer_K1,answer,0.025,2.9375,
niah_mq_q2,63,FT_answer_K1,answer_content,0.5107142857142858,0.875,
niah_mq_q2,63,FT_answer_K1,full_fp64,0.06103663390304907,180.9036637544632,
niah_mq_q2,63,FT_answer_K1,answer_fp64,0.025,2.963139533996582,
niah_mq_q2,63,FT_answer_K1,answer_content_fp64,0.5037352030069313,0.8787832260131836,
niah_mq_q2,63,FT_answer_K1_restore_query,full,0.03581081081081081,74.0,
niah_mq_q2,63,FT_answer_K1_restore_query,answer,0.0,-0.125,
niah_mq_q2,63,FT_answer_K1_restore_query,answer_content,0.0,-0.34375,
niah_mq_q2,63,FT_answer_K1_restore_query,full_fp64,0.035711246322433166,73.85647082328796,
niah_mq_q2,63,FT_answer_K1_restore_query,answer_fp64,0.0,-0.14100384712219238,
niah_mq_q2,63,FT_answer_K1_restore_query,answer_content_fp64,0.0,-0.3299839496612549,
niah_mq_q2,63,FT_answer_K1_only_query,full,0.031451612903225803,31.0,
niah_mq_q2,63,FT_answer_K1_only_query,answer,0.04334532374100719,8.6875,
niah_mq_q2,63,FT_answer_K1_only_query,answer_content,0.075,0.90625,
niah_mq_q2,63,FT_answer_K1_only_query,full_fp64,0.03185049683724659,31.026306629180908,
niah_mq_q2,63,FT_answer_K1_only_query,answer_fp64,0.04337177685972223,8.717997312545776,
niah_mq_q2,63,FT_answer_K1_only_query,answer_content_fp64,0.075,0.9103744029998779,
niah_mq_q2,63,DT_full_content,full,0.09749999999999996,180.0,
niah_mq_q2,63,DT_full_content,answer,0.07712765957446807,2.9375,
niah_mq_q2,63,DT_full_content,answer_content,0.1607142857142857,0.875,
niah_mq_q2,63,DT_full_content,full_fp64,0.10347501574896463,180.9036637544632,
niah_mq_q2,63,DT_full_content,answer_fp64,0.07766125726848738,2.963139533996582,
niah_mq_q2,63,DT_full_content,answer_content_fp64,0.15869948023323577,0.8787832260131836,
niah_mq_q2,63,DT_full_content_positive,full,0.0958333333333333,180.0,0.12395709615265078
niah_mq_q2,63,DT_full_content_positive,answer,0.07712765957446807,2.9375,
niah_mq_q2,63,DT_full_content_positive,answer_content,0.1607142857142857,0.875,
niah_mq_q2,63,DT_full_content_positive,full_fp64,0.10147308424965151,180.9036637544632,
niah_mq_q2,63,DT_full_content_positive,answer_fp64,0.07766125726848738,2.963139533996582,
niah_mq_q2,63,DT_full_content_positive,answer_content_fp64,0.15869948023323577,0.8787832260131836,
niah_mq_q2,63,DT_answer_content,full,0.4041666666666665,180.0,
niah_mq_q2,63,DT_answer_content,answer,0.025,2.9375,
niah_mq_q2,63,DT_answer_content,answer_content,0.025,0.875,
niah_mq_q2,63,DT_answer_content,full_fp64,0.4079269763044099,180.9036637544632,
niah_mq_q2,63,DT_answer_content,answer_fp64,0.025,2.963139533996582,
niah_mq_q2,63,DT_answer_content,answer_content_fp64,0.025,0.8787832260131836,
niah_mq_q2,63,DT_answer_content_positive,full,0.3286111111111111,180.0,0.5668764509091375
niah_mq_q2,63,DT_answer_content_positive,answer,0.025,2.9375,
niah_mq_q2,63,DT_answer_content_positive,answer_content,0.025,0.875,
niah_mq_q2,63,DT_answer_content_positive,full_fp64,0.3312520212739845,180.9036637544632,
niah_mq_q2,63,DT_answer_content_positive,answer_fp64,0.025,2.963139533996582,
niah_mq_q2,63,DT_answer_content_positive,answer_content_fp64,0.025,0.8787832260131836,
niah_mq_q2,63,FT_full_K1,full,0.06805555555555556,180.0,
niah_mq_q2,63,FT_full_K1,answer,0.05053191489361701,2.9375,
niah_mq_q2,63,FT_full_K1,answer_content,0.4124999999999999,0.875,
niah_mq_q2,63,FT_full_K1,full_fp64,0.07259021380771839,180.9036637544632,
niah_mq_q2,63,FT_full_K1,answer_fp64,0.05111341986374975,2.963139533996582,
niah_mq_q2,63,FT_full_K1,answer_content_fp64,0.40527950011449076,0.8787832260131836,
niah_mq_q2,63,DT_fixed_query,full,0.025,74.0,
niah_mq_q2,63,DT_fixed_query,answer,0.0,-0.125,
niah_mq_q2,63,DT_fixed_query,answer_content,0.0,-0.34375,
niah_mq_q2,63,DT_fixed_query,full_fp64,0.025,73.85647082328796,
niah_mq_q2,63,DT_fixed_query,answer_fp64,0.0,-0.14100384712219238,
niah_mq_q2,63,DT_fixed_query,answer_content_fp64,0.0,-0.3299839496612549,
niah_mq_q2,63,DT_old_reference_fixed_query,full,0.025,74.0,
niah_mq_q2,63,DT_old_reference_fixed_query,answer,0.0,-0.125,
niah_mq_q2,63,DT_old_reference_fixed_query,answer_content,0.0,-0.34375,
niah_mq_q2,63,DT_old_reference_fixed_query,full_fp64,0.025,73.85647082328796,
niah_mq_q2,63,DT_old_reference_fixed_query,answer_fp64,0.0,-0.14100384712219238,
niah_mq_q2,63,DT_old_reference_fixed_query,answer_content_fp64,0.0,-0.3299839496612549,
niah_mq_q2,63,FT_fixed_query,full,0.02567567567567568,74.0,0.2799129350425139
niah_mq_q2,63,FT_fixed_query,answer,0.0,-0.125,
niah_mq_q2,63,FT_fixed_query,answer_content,0.0,-0.34375,
niah_mq_q2,63,FT_fixed_query,full_fp64,0.025263065879327817,73.85647082328796,
niah_mq_q2,63,FT_fixed_query,answer_fp64,0.0,-0.14100384712219238,
niah_mq_q2,63,FT_fixed_query,answer_content_fp64,0.0,-0.3299839496612549,
niah_mq_q2,89,DT_original,full,0.121,175.0,
niah_mq_q2,89,DT_original,answer,0.0,-3.09375,
niah_mq_q2,89,DT_original,answer_content,0.0,-0.15625,
niah_mq_q2,89,DT_original,full_fp64,0.12123076772746519,175.7552877664566,
niah_mq_q2,89,DT_original,answer_fp64,0.0,-3.114986538887024,
niah_mq_q2,89,DT_original,answer_content_fp64,0.0,-0.1493912935256958,
niah_mq_q2,89,DT_original_restore_query,full,0.05234375,64.0,
niah_mq_q2,89,DT_original_restore_query,answer,0.0,-2.4375,
niah_mq_q2,89,DT_original_restore_query,answer_content,0.0,-0.640625,
niah_mq_q2,89,DT_original_restore_query,full_fp64,0.05183666340511114,64.44039046764374,
niah_mq_q2,89,DT_original_restore_query,answer_fp64,0.0,-2.431753635406494,
niah_mq_q2,89,DT_original_restore_query,answer_content_fp64,0.0,-0.634188175201416,
niah_mq_q2,89,DT_original_only_query,full,0.16759259259259257,54.0,
niah_mq_q2,89,DT_original_only_query,answer,0.0,-2.71875,
niah_mq_q2,89,DT_original_only_query,answer_content,0.025,0.25,
niah_mq_q2,89,DT_original_only_query,full_fp64,0.16663978774720684,54.78570055961609,
niah_mq_q2,89,DT_original_only_query,answer_fp64,0.0,-2.724725127220154,
niah_mq_q2,89,DT_original_only_query,answer_content_fp64,0.025,0.24014151096343994,
niah_mq_q2,89,FT_answer_K1,full,0.11842857142857144,175.0,
niah_mq_q2,89,FT_answer_K1,answer,0.0,-3.09375,
niah_mq_q2,89,FT_answer_K1,answer_content,0.0,-0.15625,
niah_mq_q2,89,FT_answer_K1,full_fp64,0.11809349314547504,175.7552877664566,
niah_mq_q2,89,FT_answer_K1,answer_fp64,0.0,-3.114986538887024,
niah_mq_q2,89,FT_answer_K1,answer_content_fp64,0.0,-0.1493912935256958,
niah_mq_q2,89,FT_answer_K1_restore_query,full,0.090625,64.0,
niah_mq_q2,89,FT_answer_K1_restore_query,answer,0.0,-2.4375,
niah_mq_q2,89,FT_answer_K1_restore_query,answer_content,0.0,-0.640625,
niah_mq_q2,89,FT_answer_K1_restore_query,full_fp64,0.09022454734528544,64.44039046764374,
niah_mq_q2,89,FT_answer_K1_restore_query,answer_fp64,0.0,-2.431753635406494,
niah_mq_q2,89,FT_answer_K1_restore_query,answer_content_fp64,0.0,-0.634188175201416,
niah_mq_q2,89,FT_answer_K1_only_query,full,0.11111111111111112,54.0,
niah_mq_q2,89,FT_answer_K1_only_query,answer,0.0,-2.71875,
niah_mq_q2,89,FT_answer_K1_only_query,answer_content,0.025,0.25,
niah_mq_q2,89,FT_answer_K1_only_query,full_fp64,0.1118501872877257,54.78570055961609,
niah_mq_q2,89,FT_answer_K1_only_query,answer_fp64,0.0,-2.724725127220154,
niah_mq_q2,89,FT_answer_K1_only_query,answer_content_fp64,0.025,0.24014151096343994,
niah_mq_q2,89,DT_full_content,full,0.12728571428571428,175.0,
niah_mq_q2,89,DT_full_content,answer,0.0,-3.09375,
niah_mq_q2,89,DT_full_content,answer_content,0.0,-0.15625,
niah_mq_q2,89,DT_full_content,full_fp64,0.12791592966822285,175.7552877664566,
niah_mq_q2,89,DT_full_content,answer_fp64,0.0,-3.114986538887024,
niah_mq_q2,89,DT_full_content,answer_content_fp64,0.0,-0.1493912935256958,
niah_mq_q2,89,DT_full_content_positive,full,0.12728571428571428,175.0,0.14889729708340482
niah_mq_q2,89,DT_full_content_positive,answer,0.0,-3.09375,
niah_mq_q2,89,DT_full_content_positive,answer_content,0.0,-0.15625,
niah_mq_q2,89,DT_full_content_positive,full_fp64,0.12791592966822285,175.7552877664566,
niah_mq_q2,89,DT_full_content_positive,answer_fp64,0.0,-3.114986538887024,
niah_mq_q2,89,DT_full_content_positive,answer_content_fp64,0.0,-0.1493912935256958,
niah_mq_q2,89,DT_answer_content,full,0.5267142857142857,175.0,
niah_mq_q2,89,DT_answer_content,answer,0.0,-3.09375,
niah_mq_q2,89,DT_answer_content,answer_content,0.0,-0.15625,
niah_mq_q2,89,DT_answer_content,full_fp64,0.5257883443814818,175.7552877664566,
niah_mq_q2,89,DT_answer_content,answer_fp64,0.0,-3.114986538887024,
niah_mq_q2,89,DT_answer_content,answer_content_fp64,0.0,-0.1493912935256958,
niah_mq_q2,89,DT_answer_content_positive,full,0.5507142857142858,175.0,0.8567142843825822
niah_mq_q2,89,DT_answer_content_positive,answer,0.0,-3.09375,
niah_mq_q2,89,DT_answer_content_positive,answer_content,0.0,-0.15625,
niah_mq_q2,89,DT_answer_content_positive,full_fp64,0.5497996771221798,175.7552877664566,
niah_mq_q2,89,DT_answer_content_positive,answer_fp64,0.0,-3.114986538887024,
niah_mq_q2,89,DT_answer_content_positive,answer_content_fp64,0.0,-0.1493912935256958,
niah_mq_q2,89,FT_full_K1,full,0.12471428571428571,175.0,
niah_mq_q2,89,FT_full_K1,answer,0.0,-3.09375,
niah_mq_q2,89,FT_full_K1,answer_content,0.0,-0.15625,
niah_mq_q2,89,FT_full_K1,full_fp64,0.12462144161980933,175.7552877664566,
niah_mq_q2,89,FT_full_K1,answer_fp64,0.0,-3.114986538887024,
niah_mq_q2,89,FT_full_K1,answer_content_fp64,0.0,-0.1493912935256958,
niah_mq_q2,89,DT_fixed_query,full,0.03125,64.0,
niah_mq_q2,89,DT_fixed_query,answer,0.0,-2.4375,
niah_mq_q2,89,DT_fixed_query,answer_content,0.0,-0.640625,
niah_mq_q2,89,DT_fixed_query,full_fp64,0.031188298478532217,64.44039046764374,
niah_mq_q2,89,DT_fixed_query,answer_fp64,0.0,-2.431753635406494,
niah_mq_q2,89,DT_fixed_query,answer_content_fp64,0.0,-0.634188175201416,
niah_mq_q2,89,DT_old_reference_fixed_query,full,0.04296875,64.0,
niah_mq_q2,89,DT_old_reference_fixed_query,answer,0.0,-2.4375,
niah_mq_q2,89,DT_old_reference_fixed_query,answer_content,0.0,-0.640625,
niah_mq_q2,89,DT_old_reference_fixed_query,full_fp64,0.042768258748817845,64.44039046764374,
niah_mq_q2,89,DT_old_reference_fixed_query,answer_fp64,0.0,-2.431753635406494,
niah_mq_q2,89,DT_old_reference_fixed_query,answer_content_fp64,0.0,-0.634188175201416,
niah_mq_q2,89,FT_fixed_query,full,0.03671875,64.0,0.3067128054651952
niah_mq_q2,89,FT_fixed_query,answer,0.0,-2.4375,
niah_mq_q2,89,FT_fixed_query,answer_content,0.0,-0.640625,
niah_mq_q2,89,FT_fixed_query,full_fp64,0.0369598864281259,64.44039046764374,
niah_mq_q2,89,FT_fixed_query,answer_fp64,0.0,-2.431753635406494,
niah_mq_q2,89,FT_fixed_query,answer_content_fp64,0.0,-0.634188175201416,
niah_mq_q4,11,DT_original,full,0.14549180327868852,244.0,
niah_mq_q4,11,DT_original,answer,0.075,0.5,
niah_mq_q4,11,DT_original,answer_content,0.0,-0.4375,
niah_mq_q4,11,DT_original,full_fp64,0.1446738862349825,242.98353922367096,
niah_mq_q4,11,DT_original,answer_fp64,0.075,0.5431147813796997,
niah_mq_q4,11,DT_original,answer_content_fp64,0.0,-0.42769038677215576,
niah_mq_q4,11,DT_original_restore_query,full,0.05752427184466019,103.0,
niah_mq_q4,11,DT_original_restore_query,answer,0.09375,1.0,
niah_mq_q4,11,DT_original_restore_query,answer_content,0.06745283018867924,1.65625,
niah_mq_q4,11,DT_original_restore_query,full_fp64,0.05730960826296405,102.59613609313965,
niah_mq_q4,11,DT_original_restore_query,answer_fp64,0.09174979134324426,1.005090594291687,
niah_mq_q4,11,DT_original_restore_query,answer_content_fp64,0.06781286645167454,1.6694347858428955,
niah_mq_q4,11,DT_original_only_query,full,0.22954545454545458,22.0,
niah_mq_q4,11,DT_original_only_query,answer,0.12,0.625,
niah_mq_q4,11,DT_original_only_query,answer_content,0.0,-0.1875,
niah_mq_q4,11,DT_original_only_query,full_fp64,0.23236680174122487,22.09149742126465,
niah_mq_q4,11,DT_original_only_query,answer_fp64,0.1202537006584318,0.6388722658157349,
niah_mq_q4,11,DT_original_only_query,answer_content_fp64,0.0,-0.19718754291534424,
niah_mq_q4,11,FT_answer_K1,full,0.09446721311475408,244.0,
niah_mq_q4,11,FT_answer_K1,answer,0.025,0.5,
niah_mq_q4,11,FT_answer_K1,answer_content,0.0,-0.4375,
niah_mq_q4,11,FT_answer_K1,full_fp64,0.09368348581397075,242.98353922367096,
niah_mq_q4,11,FT_answer_K1,answer_fp64,0.025,0.5431147813796997,
niah_mq_q4,11,FT_answer_K1,answer_content_fp64,0.0,-0.42769038677215576,
niah_mq_q4,11,FT_answer_K1_restore_query,full,0.05315533980582524,103.0,
niah_mq_q4,11,FT_answer_K1_restore_query,answer,0.084375,1.0,
niah_mq_q4,11,FT_answer_K1_restore_query,answer_content,0.075,1.65625,
niah_mq_q4,11,FT_answer_K1_restore_query,full_fp64,0.05296052849899041,102.59613609313965,
niah_mq_q4,11,FT_answer_K1_restore_query,answer_fp64,0.08191493292087079,1.005090594291687,
niah_mq_q4,11,FT_answer_K1_restore_query,answer_content_fp64,0.075,1.6694347858428955,
niah_mq_q4,11,FT_answer_K1_only_query,full,0.09431818181818181,22.0,
niah_mq_q4,11,FT_answer_K1_only_query,answer,0.025,0.625,
niah_mq_q4,11,FT_answer_K1_only_query,answer_content,0.0,-0.1875,
niah_mq_q4,11,FT_answer_K1_only_query,full_fp64,0.09599806654451484,22.09149742126465,
niah_mq_q4,11,FT_answer_K1_only_query,answer_fp64,0.025,0.6388722658157349,
niah_mq_q4,11,FT_answer_K1_only_query,answer_content_fp64,0.0,-0.19718754291534424,
niah_mq_q4,11,DT_full_content,full,0.13790983606557378,244.0,
niah_mq_q4,11,DT_full_content,answer,0.075,0.5,
niah_mq_q4,11,DT_full_content,answer_content,0.0,-0.4375,
niah_mq_q4,11,DT_full_content,full_fp64,0.13585259843723763,242.98353922367096,
niah_mq_q4,11,DT_full_content,answer_fp64,0.075,0.5431147813796997,
niah_mq_q4,11,DT_full_content,answer_content_fp64,0.0,-0.42769038677215576,
niah_mq_q4,11,DT_full_content_positive,full,0.13790983606557378,244.0,0.19586498586262371
niah_mq_q4,11,DT_full_content_positive,answer,0.075,0.5,
niah_mq_q4,11,DT_full_content_positive,answer_content,0.0,-0.4375,
niah_mq_q4,11,DT_full_content_positive,full_fp64,0.13585259843723763,242.98353922367096,
niah_mq_q4,11,DT_full_content_positive,answer_fp64,0.075,0.5431147813796997,
niah_mq_q4,11,DT_full_content_positive,answer_content_fp64,0.0,-0.42769038677215576,
niah_mq_q4,11,DT_answer_content,full,0.4432377049180329,244.0,
niah_mq_q4,11,DT_answer_content,answer,0.0625,0.5,
niah_mq_q4,11,DT_answer_content,answer_content,0.0,-0.4375,
niah_mq_q4,11,DT_answer_content,full_fp64,0.44129299317140924,242.98353922367096,
niah_mq_q4,11,DT_answer_content,answer_fp64,0.06753341270160056,0.5431147813796997,
niah_mq_q4,11,DT_answer_content,answer_content_fp64,0.0,-0.42769038677215576,
niah_mq_q4,11,DT_answer_content_positive,full,0.40061475409836067,244.0,0.6551985926307207
niah_mq_q4,11,DT_answer_content_positive,answer,0.0625,0.5,
niah_mq_q4,11,DT_answer_content_positive,answer_content,0.0,-0.4375,
niah_mq_q4,11,DT_answer_content_positive,full_fp64,0.3985308036902146,242.98353922367096,
niah_mq_q4,11,DT_answer_content_positive,answer_fp64,0.06753341270160056,0.5431147813796997,
niah_mq_q4,11,DT_answer_content_positive,answer_content_fp64,0.0,-0.42769038677215576,
niah_mq_q4,11,FT_full_K1,full,0.0930327868852459,244.0,
niah_mq_q4,11,FT_full_K1,answer,0.075,0.5,
niah_mq_q4,11,FT_full_K1,answer_content,0.0,-0.4375,
niah_mq_q4,11,FT_full_K1,full_fp64,0.09263746148941195,242.98353922367096,
niah_mq_q4,11,FT_full_K1,answer_fp64,0.075,0.5431147813796997,
niah_mq_q4,11,FT_full_K1,answer_content_fp64,0.0,-0.42769038677215576,
niah_mq_q4,11,DT_fixed_query,full,0.029854368932038834,103.0,
niah_mq_q4,11,DT_fixed_query,answer,0.075,1.0,
niah_mq_q4,11,DT_fixed_query,answer_content,0.0570754716981132,1.65625,
niah_mq_q4,11,DT_fixed_query,full_fp64,0.02989400135876752,102.59613609313965,
niah_mq_q4,11,DT_fixed_query,answer_fp64,0.075,1.005090594291687,
niah_mq_q4,11,DT_fixed_query,answer_content_fp64,0.056725208961803976,1.6694347858428955,
niah_mq_q4,11,DT_old_reference_fixed_query,full,0.041990291262135916,103.0,
niah_mq_q4,11,DT_old_reference_fixed_query,answer,0.0875,1.0,
niah_mq_q4,11,DT_old_reference_fixed_query,answer_content,0.05141509433962264,1.65625,
niah_mq_q4,11,DT_old_reference_fixed_query,full_fp64,0.041596737192299005,102.59613609313965,
niah_mq_q4,11,DT_old_reference_fixed_query,answer_fp64,0.084758844146539,1.005090594291687,
niah_mq_q4,11,DT_old_reference_fixed_query,answer_content_fp64,0.051184970202583016,1.6694347858428955,
niah_mq_q4,11,FT_fixed_query,full,0.030339805825242715,103.0,0.2835008681253848
niah_mq_q4,11,FT_fixed_query,answer,0.0625,1.0,
niah_mq_q4,11,FT_fixed_query,answer_content,0.037264150943396225,1.65625,
niah_mq_q4,11,FT_fixed_query,full_fp64,0.030205736211966695,102.59613609313965,
niah_mq_q4,11,FT_fixed_query,answer_fp64,0.06036559142463135,1.005090594291687,
niah_mq_q4,11,FT_fixed_query,answer_content_fp64,0.03743014077028419,1.6694347858428955,
niah_mq_q4,37,DT_original,full,0.1535416666666667,240.0,
niah_mq_q4,37,DT_original,answer,0.2375,0.5,
niah_mq_q4,37,DT_original,answer_content,0.0,-0.8125,
niah_mq_q4,37,DT_original,full_fp64,0.1522688396114901,239.1354157924652,
niah_mq_q4,37,DT_original,answer_fp64,0.25261934569591427,0.505813717842102,
niah_mq_q4,37,DT_original,answer_content_fp64,0.0,-0.7988923788070679,
niah_mq_q4,37,DT_original_restore_query,full,0.04308510638297872,94.0,
niah_mq_q4,37,DT_original_restore_query,answer,0.075,0.5,
niah_mq_q4,37,DT_original_restore_query,answer_content,0.075,0.4375,
niah_mq_q4,37,DT_original_restore_query,full_fp64,0.04324591108825473,94.09716069698334,
niah_mq_q4,37,DT_original_restore_query,answer_fp64,0.075,0.4547734260559082,
niah_mq_q4,37,DT_original_restore_query,answer_content_fp64,0.075,0.4458169937133789,
niah_mq_q4,37,DT_original_only_query,full,0.2,6.0,
niah_mq_q4,37,DT_original_only_query,answer,,0.0,
niah_mq_q4,37,DT_original_only_query,answer_content,0.0,-3.15625,
niah_mq_q4,37,DT_original_only_query,full_fp64,0.18419497033835203,5.810969233512878,
niah_mq_q4,37,DT_original_only_query,answer_fp64,0.0,-0.009024620056152344,
niah_mq_q4,37,DT_original_only_query,answer_content_fp64,0.0,-3.1656241416931152,
niah_mq_q4,37,FT_answer_K1,full,0.07208333333333332,240.0,
niah_mq_q4,37,FT_answer_K1,answer,0.45,0.5,
niah_mq_q4,37,FT_answer_K1,answer_content,0.0,-0.8125,
niah_mq_q4,37,FT_answer_K1,full_fp64,0.07160865960915068,239.1354157924652,
niah_mq_q4,37,FT_answer_K1,answer_fp64,0.4535016189917072,0.505813717842102,
niah_mq_q4,37,FT_answer_K1,answer_content_fp64,0.0,-0.7988923788070679,
niah_mq_q4,37,FT_answer_K1_restore_query,full,0.03776595744680851,94.0,
niah_mq_q4,37,FT_answer_K1_restore_query,answer,0.2375,0.5,
niah_mq_q4,37,FT_answer_K1_restore_query,answer_content,0.1107142857142857,0.4375,
niah_mq_q4,37,FT_answer_K1_restore_query,full_fp64,0.037853468251578135,94.09716069698334,
niah_mq_q4,37,FT_answer_K1_restore_query,answer_fp64,0.24035261851112844,0.4547734260559082,
niah_mq_q4,37,FT_answer_K1_restore_query,answer_content_fp64,0.12376958134480494,0.4458169937133789,
niah_mq_q4,37,FT_answer_K1_only_query,full,0.125,6.0,
niah_mq_q4,37,FT_answer_K1_only_query,answer,,0.0,
niah_mq_q4,37,FT_answer_K1_only_query,answer_content,0.0,-3.15625,
niah_mq_q4,37,FT_answer_K1_only_query,full_fp64,0.125,5.810969233512878,
niah_mq_q4,37,FT_answer_K1_only_query,answer_fp64,0.0,-0.009024620056152344,
niah_mq_q4,37,FT_answer_K1_only_query,answer_content_fp64,0.0,-3.1656241416931152,
niah_mq_q4,37,DT_full_content,full,0.15791666666666665,240.0,
niah_mq_q4,37,DT_full_content,answer,0.33125,0.5,
niah_mq_q4,37,DT_full_content,answer_content,0.0,-0.8125,
niah_mq_q4,37,DT_full_content,full_fp64,0.15666321021062124,239.1354157924652,
niah_mq_q4,37,DT_full_content,answer_fp64,0.36327365213843843,0.505813717842102,
niah_mq_q4,37,DT_full_content,answer_content_fp64,0.0,-0.7988923788070679,
niah_mq_q4,37,DT_full_content_positive,full,0.15791666666666665,240.0,0.23340289644208054
niah_mq_q4,37,DT_full_content_positive,answer,0.2875,0.5,
niah_mq_q4,37,DT_full_content_positive,answer_content,0.0,-0.8125,
niah_mq_q4,37,DT_full_content_positive,full_fp64,0.15666321021062124,239.1354157924652,
niah_mq_q4,37,DT_full_content_positive,answer_fp64,0.30948544250829524,0.505813717842102,
niah_mq_q4,37,DT_full_content_positive,answer_content_fp64,0.0,-0.7988923788070679,
niah_mq_q4,37,DT_answer_content,full,0.42750000000000005,240.0,
niah_mq_q4,37,DT_answer_content,answer,0.41875,0.5,
niah_mq_q4,37,DT_answer_content,answer_content,0.0,-0.8125,
niah_mq_q4,37,DT_answer_content,full_fp64,0.4255266798679818,239.1354157924652,
niah_mq_q4,37,DT_answer_content,answer_fp64,0.425873388225939,0.505813717842102,
niah_mq_q4,37,DT_answer_content,answer_content_fp64,0.0,-0.7988923788070679,
niah_mq_q4,37,DT_answer_content_positive,full,0.3429166666666667,240.0,0.5779359685698409
niah_mq_q4,37,DT_answer_content_positive,answer,0.41875,0.5,
niah_mq_q4,37,DT_answer_content_positive,answer_content,0.0,-0.8125,
niah_mq_q4,37,DT_answer_content_positive,full_fp64,0.34076712215674276,239.1354157924652,
niah_mq_q4,37,DT_answer_content_positive,answer_fp64,0.425873388225939,0.505813717842102,
niah_mq_q4,37,DT_answer_content_positive,answer_content_fp64,0.0,-0.7988923788070679,
niah_mq_q4,37,FT_full_K1,full,0.08833333333333333,240.0,
niah_mq_q4,37,FT_full_K1,answer,0.43125,0.5,
niah_mq_q4,37,FT_full_K1,answer_content,0.0,-0.8125,
niah_mq_q4,37,FT_full_K1,full_fp64,0.08808930451627295,239.1354157924652,
niah_mq_q4,37,FT_full_K1,answer_fp64,0.4331234402519118,0.505813717842102,
niah_mq_q4,37,FT_full_K1,answer_content_fp64,0.0,-0.7988923788070679,
niah_mq_q4,37,DT_fixed_query,full,0.025,94.0,
niah_mq_q4,37,DT_fixed_query,answer,0.075,0.5,
niah_mq_q4,37,DT_fixed_query,answer_content,0.06071428571428572,0.4375,
niah_mq_q4,37,DT_fixed_query,full_fp64,0.025,94.09716069698334,
niah_mq_q4,37,DT_fixed_query,answer_fp64,0.075,0.4547734260559082,
niah_mq_q4,37,DT_fixed_query,answer_content_fp64,0.06247883567607113,0.4458169937133789,
niah_mq_q4,37,DT_old_reference_fixed_query,full,0.03457446808510638,94.0,
niah_mq_q4,37,DT_old_reference_fixed_query,answer,0.075,0.5,
niah_mq_q4,37,DT_old_reference_fixed_query,answer_content,0.075,0.4375,
niah_mq_q4,37,DT_old_reference_fixed_query,full_fp64,0.034787932626780135,94.09716069698334,
niah_mq_q4,37,DT_old_reference_fixed_query,answer_fp64,0.075,0.4547734260559082,
niah_mq_q4,37,DT_old_reference_fixed_query,answer_content_fp64,0.075,0.4458169937133789,
niah_mq_q4,37,FT_fixed_query,full,0.025,94.0,0.2824514562518934
niah_mq_q4,37,FT_fixed_query,answer,0.15,0.5,
niah_mq_q4,37,FT_fixed_query,answer_content,0.06785714285714287,0.4375,
niah_mq_q4,37,FT_fixed_query,full_fp64,0.025,94.09716069698334,
niah_mq_q4,37,FT_fixed_query,answer_fp64,0.14850376784180833,0.4547734260559082,
niah_mq_q4,37,FT_fixed_query,answer_content_fp64,0.0667564757750715,0.4458169937133789,
niah_mq_q4,63,DT_original,full,0.1315040650406504,246.0,
niah_mq_q4,63,DT_original,answer,0.1891509433962264,3.3125,
niah_mq_q4,63,DT_original,answer_content,0.2567460317460317,1.96875,
niah_mq_q4,63,DT_original,full_fp64,0.1328304266098144,246.4749720096588,
niah_mq_q4,63,DT_original,answer_fp64,0.19760593660198192,3.3302927017211914,
niah_mq_q4,63,DT_original,answer_content_fp64,0.2529004825503208,1.977185606956482,
niah_mq_q4,63,DT_original_restore_query,full,0.03480392156862745,102.0,
niah_mq_q4,63,DT_original_restore_query,answer,0.025,0.4375,
niah_mq_q4,63,DT_original_restore_query,answer_content,0.025,1.4375,
niah_mq_q4,63,DT_original_restore_query,full_fp64,0.035089471130625285,102.25000631809235,
niah_mq_q4,63,DT_original_restore_query,answer_fp64,0.025,0.44455623626708984,
niah_mq_q4,63,DT_original_restore_query,answer_content_fp64,0.025,1.4453538656234741,
niah_mq_q4,63,DT_original_only_query,full,0.22045454545454551,22.0,
niah_mq_q4,63,DT_original_only_query,answer,0.1228813559322034,7.375,
niah_mq_q4,63,DT_original_only_query,answer_content,0.2625,3.125,
niah_mq_q4,63,DT_original_only_query,full_fp64,0.21351104316452432,21.719462156295776,
niah_mq_q4,63,DT_original_only_query,answer_fp64,0.12291616379670942,7.402626395225525,
niah_mq_q4,63,DT_original_only_query,answer_content_fp64,0.26731983753276867,3.165252447128296,
niah_mq_q4,63,FT_answer_K1,full,0.08658536585365857,246.0,
niah_mq_q4,63,FT_answer_K1,answer,0.2231132075471698,3.3125,
niah_mq_q4,63,FT_answer_K1,answer_content,0.2003968253968254,1.96875,
niah_mq_q4,63,FT_answer_K1,full_fp64,0.0878106519592601,246.4749720096588,
niah_mq_q4,63,FT_answer_K1,answer_fp64,0.22558741926338705,3.3302927017211914,
niah_mq_q4,63,FT_answer_K1,answer_content_fp64,0.2010847494262423,1.977185606956482,
niah_mq_q4,63,FT_answer_K1_restore_query,full,0.04215686274509804,102.0,
niah_mq_q4,63,FT_answer_K1_restore_query,answer,0.075,0.4375,
niah_mq_q4,63,FT_answer_K1_restore_query,answer_content,0.075,1.4375,
niah_mq_q4,63,FT_answer_K1_restore_query,full_fp64,0.042328721948331885,102.25000631809235,
niah_mq_q4,63,FT_answer_K1_restore_query,answer_fp64,0.075,0.44455623626708984,
niah_mq_q4,63,FT_answer_K1_restore_query,answer_content_fp64,0.075,1.4453538656234741,
niah_mq_q4,63,FT_answer_K1_only_query,full,0.10795454545454544,22.0,
niah_mq_q4,63,FT_answer_K1_only_query,answer,0.09576271186440677,7.375,
niah_mq_q4,63,FT_answer_K1_only_query,answer_content,0.1075,3.125,
niah_mq_q4,63,FT_answer_K1_only_query,full_fp64,0.10726640051161591,21.719462156295776,
niah_mq_q4,63,FT_answer_K1_only_query,answer_fp64,0.09671118941527831,7.402626395225525,
niah_mq_q4,63,FT_answer_K1_only_query,answer_content_fp64,0.10847102194925577,3.165252447128296,
niah_mq_q4,63,DT_full_content,full,0.12621951219512195,246.0,
niah_mq_q4,63,DT_full_content,answer,0.16933962264150942,3.3125,
niah_mq_q4,63,DT_full_content,answer_content,0.1281746031746032,1.96875,
niah_mq_q4,63,DT_full_content,full_fp64,0.126618901729786,246.4749720096588,
niah_mq_q4,63,DT_full_content,answer_fp64,0.17373661250578096,3.3302927017211914,
niah_mq_q4,63,DT_full_content,answer_content_fp64,0.12420758888533498,1.977185606956482,
niah_mq_q4,63,DT_full_content_positive,full,0.12621951219512195,246.0,0.18097336824440807
niah_mq_q4,63,DT_full_content_positive,answer,0.16933962264150942,3.3125,
niah_mq_q4,63,DT_full_content_positive,answer_content,0.15674603174603174,1.96875,
niah_mq_q4,63,DT_full_content_positive,full_fp64,0.126618901729786,246.4749720096588,
niah_mq_q4,63,DT_full_content_positive,answer_fp64,0.17584087960848377,3.3302927017211914,
niah_mq_q4,63,DT_full_content_positive,answer_content_fp64,0.15038307537727225,1.977185606956482,
niah_mq_q4,63,DT_answer_content,full,0.44227642276422785,246.0,
niah_mq_q4,63,DT_answer_content,answer,0.39764150943396226,3.3125,
niah_mq_q4,63,DT_answer_content,answer_content,0.10357142857142856,1.96875,
niah_mq_q4,63,DT_answer_content,full_fp64,0.4432549645304936,246.4749720096588,
niah_mq_q4,63,DT_answer_content,answer_fp64,0.3941788937920686,3.3302927017211914,
niah_mq_q4,63,DT_answer_content,answer_content_fp64,0.10353803863356895,1.977185606956482,
niah_mq_q4,63,DT_answer_content_positive,full,0.39430894308943093,246.0,0.661500620610336
niah_mq_q4,63,DT_answer_content_positive,answer,0.3957547169811321,3.3125,
niah_mq_q4,63,DT_answer_content_positive,answer_content,0.16071428571428573,1.96875,
niah_mq_q4,63,DT_answer_content_positive,full_fp64,0.3943635558397962,246.4749720096588,
niah_mq_q4,63,DT_answer_content_positive,answer_fp64,0.3937356764550488,3.3302927017211914,
niah_mq_q4,63,DT_answer_content_positive,answer_content_fp64,0.1602208616569501,1.977185606956482,
niah_mq_q4,63,FT_full_K1,full,0.08373983739837398,246.0,
niah_mq_q4,63,FT_full_K1,answer,0.25235849056603776,3.3125,
niah_mq_q4,63,FT_full_K1,answer_content,0.23134920634920633,1.96875,
niah_mq_q4,63,FT_full_K1,full_fp64,0.08405652828105932,246.4749720096588,
niah_mq_q4,63,FT_full_K1,answer_fp64,0.2574798883325483,3.3302927017211914,
niah_mq_q4,63,FT_full_K1,answer_content_fp64,0.22821054381645545,1.977185606956482,
niah_mq_q4,63,DT_fixed_query,full,0.025,102.0,
niah_mq_q4,63,DT_fixed_query,answer,0.03214285714285714,0.4375,
niah_mq_q4,63,DT_fixed_query,answer_content,0.05543478260869565,1.4375,
niah_mq_q4,63,DT_fixed_query,full_fp64,0.025,102.25000631809235,
niah_mq_q4,63,DT_fixed_query,answer_fp64,0.030462272418164925,0.44455623626708984,
niah_mq_q4,63,DT_fixed_query,answer_content_fp64,0.05563858596477367,1.4453538656234741,
niah_mq_q4,63,DT_old_reference_fixed_query,full,0.032352941176470584,102.0,
niah_mq_q4,63,DT_old_reference_fixed_query,answer,0.025,0.4375,
niah_mq_q4,63,DT_old_reference_fixed_query,answer_content,0.025,1.4375,
niah_mq_q4,63,DT_old_reference_fixed_query,full_fp64,0.03274729244795697,102.25000631809235,
niah_mq_q4,63,DT_old_reference_fixed_query,answer_fp64,0.025,0.44455623626708984,
niah_mq_q4,63,DT_old_reference_fixed_query,answer_content_fp64,0.025,1.4453538656234741,
niah_mq_q4,63,FT_fixed_query,full,0.025,102.0,0.26897716289592843
niah_mq_q4,63,FT_fixed_query,answer,0.06785714285714287,0.4375,
niah_mq_q4,63,FT_fixed_query,answer_content,0.04782608695652174,1.4375,
niah_mq_q4,63,FT_fixed_query,full_fp64,0.025,102.25000631809235,
niah_mq_q4,63,FT_fixed_query,answer_fp64,0.0662745011809478,0.44455623626708984,
niah_mq_q4,63,FT_fixed_query,answer_content_fp64,0.04714176625903223,1.4453538656234741,
niah_mq_q4,89,DT_original,full,0.14326241134751772,282.0,
niah_mq_q4,89,DT_original,answer,0.0,-1.125,
niah_mq_q4,89,DT_original,answer_content,0.025,0.921875,
niah_mq_q4,89,DT_original,full_fp64,0.14101079463670804,281.64454460144043,
niah_mq_q4,89,DT_original,answer_fp64,0.0,-1.128533959388733,
niah_mq_q4,89,DT_original,answer_content_fp64,0.025,0.9121177196502686,
niah_mq_q4,89,DT_original_restore_query,full,0.047164948453608246,97.0,
niah_mq_q4,89,DT_original_restore_query,answer,0.975,0.59375,
niah_mq_q4,89,DT_original_restore_query,answer_content,0.5837378640776699,1.609375,
niah_mq_q4,89,DT_original_restore_query,full_fp64,0.04679045129613648,96.86373388767242,
niah_mq_q4,89,DT_original_restore_query,answer_fp64,0.975,0.5957715511322021,
niah_mq_q4,89,DT_original_restore_query,answer_content_fp64,0.5844198207254013,1.6152387857437134,
niah_mq_q4,89,DT_original_only_query,full,0.11648936170212765,47.0,
niah_mq_q4,89,DT_original_only_query,answer,0.0,-0.90625,
niah_mq_q4,89,DT_original_only_query,answer_content,0.05099999999999999,1.171875,
niah_mq_q4,89,DT_original_only_query,full_fp64,0.11408554430801492,46.967047929763794,
niah_mq_q4,89,DT_original_only_query,answer_fp64,0.0,-0.8941295146942139,
niah_mq_q4,89,DT_original_only_query,answer_content_fp64,0.04918045891232485,1.173279881477356,
niah_mq_q4,89,FT_answer_K1,full,0.10939716312056733,282.0,
niah_mq_q4,89,FT_answer_K1,answer,0.0,-1.125,
niah_mq_q4,89,FT_answer_K1,answer_content,0.025,0.921875,
niah_mq_q4,89,FT_answer_K1,full_fp64,0.10762535445610208,281.64454460144043,
niah_mq_q4,89,FT_answer_K1,answer_fp64,0.0,-1.128533959388733,
niah_mq_q4,89,FT_answer_K1,answer_content_fp64,0.025,0.9121177196502686,
niah_mq_q4,89,FT_answer_K1_restore_query,full,0.0595360824742268,97.0,
niah_mq_q4,89,FT_answer_K1_restore_query,answer,0.975,0.59375,
niah_mq_q4,89,FT_answer_K1_restore_query,answer_content,0.6900485436893204,1.609375,
niah_mq_q4,89,FT_answer_K1_restore_query,full_fp64,0.059204227433877876,96.86373388767242,
niah_mq_q4,89,FT_answer_K1_restore_query,answer_fp64,0.975,0.5957715511322021,
niah_mq_q4,89,FT_answer_K1_restore_query,answer_content_fp64,0.6893755777382439,1.6152387857437134,
niah_mq_q4,89,FT_answer_K1_only_query,full,0.0526595744680851,47.0,
niah_mq_q4,89,FT_answer_K1_only_query,answer,0.0,-0.90625,
niah_mq_q4,89,FT_answer_K1_only_query,answer_content,0.053000000000000005,1.171875,
niah_mq_q4,89,FT_answer_K1_only_query,full_fp64,0.05158944410800738,46.967047929763794,
niah_mq_q4,89,FT_answer_K1_only_query,answer_fp64,0.0,-0.8941295146942139,
niah_mq_q4,89,FT_answer_K1_only_query,answer_content_fp64,0.0525868163421029,1.173279881477356,
niah_mq_q4,89,DT_full_content,full,0.13971631205673757,282.0,
niah_mq_q4,89,DT_full_content,answer,0.0,-1.125,
niah_mq_q4,89,DT_full_content,answer_content,0.025,0.921875,
niah_mq_q4,89,DT_full_content,full_fp64,0.13751858022706523,281.64454460144043,
niah_mq_q4,89,DT_full_content,answer_fp64,0.0,-1.128533959388733,
niah_mq_q4,89,DT_full_content,answer_content_fp64,0.025,0.9121177196502686,
niah_mq_q4,89,DT_full_content_positive,full,0.14113475177304963,282.0,0.19877536661327752
niah_mq_q4,89,DT_full_content_positive,answer,0.0,-1.125,
niah_mq_q4,89,DT_full_content_positive,answer_content,0.025,0.921875,
niah_mq_q4,89,DT_full_content_positive,full_fp64,0.13850043076168345,281.64454460144043,
niah_mq_q4,89,DT_full_content_positive,answer_fp64,0.0,-1.128533959388733,
niah_mq_q4,89,DT_full_content_positive,answer_content_fp64,0.025,0.9121177196502686,
niah_mq_q4,89,DT_answer_content,full,0.552304964539007,282.0,
niah_mq_q4,89,DT_answer_content,answer,0.0,-1.125,
niah_mq_q4,89,DT_answer_content,answer_content,0.025,0.921875,
niah_mq_q4,89,DT_answer_content,full_fp64,0.5500676125945824,281.64454460144043,
niah_mq_q4,89,DT_answer_content,answer_fp64,0.0,-1.128533959388733,
niah_mq_q4,89,DT_answer_content,answer_content_fp64,0.025,0.9121177196502686,
niah_mq_q4,89,DT_answer_content_positive,full,0.46897163120567376,282.0,0.7774822550983979
niah_mq_q4,89,DT_answer_content_positive,answer,0.0,-1.125,
niah_mq_q4,89,DT_answer_content_positive,answer_content,0.025,0.921875,
niah_mq_q4,89,DT_answer_content_positive,full_fp64,0.46664793642162083,281.64454460144043,
niah_mq_q4,89,DT_answer_content_positive,answer_fp64,0.0,-1.128533959388733,
niah_mq_q4,89,DT_answer_content_positive,answer_content_fp64,0.025,0.9121177196502686,
niah_mq_q4,89,FT_full_K1,full,0.09361702127659574,282.0,
niah_mq_q4,89,FT_full_K1,answer,0.0,-1.125,
niah_mq_q4,89,FT_full_K1,answer_content,0.07161016949152543,0.921875,
niah_mq_q4,89,FT_full_K1,full_fp64,0.0929873690983423,281.64454460144043,
niah_mq_q4,89,FT_full_K1,answer_fp64,0.0,-1.128533959388733,
niah_mq_q4,89,FT_full_K1,answer_content_fp64,0.06774673726291588,0.9121177196502686,
niah_mq_q4,89,DT_fixed_query,full,0.025,97.0,
niah_mq_q4,89,DT_fixed_query,answer,0.9592105263157894,0.59375,
niah_mq_q4,89,DT_fixed_query,answer_content,0.5910194174757281,1.609375,
niah_mq_q4,89,DT_fixed_query,full_fp64,0.025,96.86373388767242,
niah_mq_q4,89,DT_fixed_query,answer_fp64,0.960394864111328,0.5957715511322021,
niah_mq_q4,89,DT_fixed_query,answer_content_fp64,0.5883241670144628,1.6152387857437134,
niah_mq_q4,89,DT_old_reference_fixed_query,full,0.04097938144329897,97.0,
niah_mq_q4,89,DT_old_reference_fixed_query,answer,0.9644736842105264,0.59375,
niah_mq_q4,89,DT_old_reference_fixed_query,answer_content,0.5686893203883496,1.609375,
niah_mq_q4,89,DT_old_reference_fixed_query,full_fp64,0.04076490813738096,96.86373388767242,
niah_mq_q4,89,DT_old_reference_fixed_query,answer_fp64,0.9657489734265443,0.5957715511322021,
niah_mq_q4,89,DT_old_reference_fixed_query,answer_content_fp64,0.5690912447263223,1.6152387857437134,
niah_mq_q4,89,FT_fixed_query,full,0.03427835051546392,97.0,0.2945217982965144
niah_mq_q4,89,FT_fixed_query,answer,0.975,0.59375,
niah_mq_q4,89,FT_fixed_query,answer_content,0.7172330097087378,1.609375,
niah_mq_q4,89,FT_fixed_query,full_fp64,0.03416573970740845,96.86373388767242,
niah_mq_q4,89,FT_fixed_query,answer_fp64,0.975,0.5957715511322021,
niah_mq_q4,89,FT_fixed_query,answer_content_fp64,0.7170561632608476,1.6152387857437134,
niah_mv_v2,11,DT_original,full,0.15842696629213485,178.0,
niah_mv_v2,11,DT_original,answer,0.06810344827586207,1.8125,
niah_mv_v2,11,DT_original,answer_content,0.090625,2.0,
niah_mv_v2,11,DT_original,full_fp64,0.16166207252283665,178.53406476974487,
niah_mv_v2,11,DT_original,answer_fp64,0.0683697927078799,1.8151555061340332,
niah_mv_v2,11,DT_original,answer_content_fp64,0.09270510264997105,2.0120768547058105,
niah_mv_v2,11,DT_original_restore_query,full,0.06911764705882353,102.0,
niah_mv_v2,11,DT_original_restore_query,answer,,0.0,
niah_mv_v2,11,DT_original_restore_query,answer_content,0.0,-0.078125,
niah_mv_v2,11,DT_original_restore_query,full_fp64,0.0688602899639579,102.11471593379974,
niah_mv_v2,11,DT_original_restore_query,answer_fp64,0.975,0.007754802703857422,
niah_mv_v2,11,DT_original_restore_query,answer_content_fp64,0.0,-0.08645009994506836,
niah_mv_v2,11,DT_original_only_query,full,0.17833333333333337,30.0,
niah_mv_v2,11,DT_original_only_query,answer,0.04318181818181819,0.6875,
niah_mv_v2,11,DT_original_only_query,answer_content,0.075,0.84375,
niah_mv_v2,11,DT_original_only_query,full_fp64,0.1762392274740756,29.85101044178009,
niah_mv_v2,11,DT_original_only_query,answer_fp64,0.04138071664562666,0.6876437664031982,
niah_mv_v2,11,DT_original_only_query,answer_content_fp64,0.07458221868674926,0.853891134262085,
niah_mv_v2,11,FT_answer_K1,full,0.20252808988764048,178.0,
niah_mv_v2,11,FT_answer_K1,answer,0.225,1.8125,
niah_mv_v2,11,FT_answer_K1,answer_content,0.196484375,2.0,
niah_mv_v2,11,FT_answer_K1,full_fp64,0.2025631511005662,178.53406476974487,
niah_mv_v2,11,FT_answer_K1,answer_fp64,0.22353339820214954,1.8151555061340332,
niah_mv_v2,11,FT_answer_K1,answer_content_fp64,0.19749255918349257,2.0120768547058105,
niah_mv_v2,11,FT_answer_K1_restore_query,full,0.18872549019607837,102.0,
niah_mv_v2,11,FT_answer_K1_restore_query,answer,,0.0,
niah_mv_v2,11,FT_answer_K1_restore_query,answer_content,0.0,-0.078125,
niah_mv_v2,11,FT_answer_K1_restore_query,full_fp64,0.18489182466138296,102.11471593379974,
niah_mv_v2,11,FT_answer_K1_restore_query,answer_fp64,0.975,0.007754802703857422,
niah_mv_v2,11,FT_answer_K1_restore_query,answer_content_fp64,0.0,-0.08645009994506836,
niah_mv_v2,11,FT_answer_K1_only_query,full,0.07666666666666669,30.0,
niah_mv_v2,11,FT_answer_K1_only_query,answer,0.1977272727272727,0.6875,
niah_mv_v2,11,FT_answer_K1_only_query,answer_content,0.17962962962962964,0.84375,
niah_mv_v2,11,FT_answer_K1_only_query,full_fp64,0.07389401105414085,29.85101044178009,
niah_mv_v2,11,FT_answer_K1_only_query,answer_fp64,0.19595854048298533,0.6876437664031982,
niah_mv_v2,11,FT_answer_K1_only_query,answer_content_fp64,0.18275436628275635,0.853891134262085,
niah_mv_v2,11,DT_full_content,full,0.15280898876404497,178.0,
niah_mv_v2,11,DT_full_content,answer,0.18879310344827585,1.8125,
niah_mv_v2,11,DT_full_content,answer_content,0.18046875,2.0,
niah_mv_v2,11,DT_full_content,full_fp64,0.15299146126765426,178.53406476974487,
niah_mv_v2,11,DT_full_content,answer_fp64,0.18771780593838633,1.8151555061340332,
niah_mv_v2,11,DT_full_content,answer_content_fp64,0.18188567910322018,2.0120768547058105,
niah_mv_v2,11,DT_full_content_positive,full,0.14775280898876406,178.0,0.17800257186984347
niah_mv_v2,11,DT_full_content_positive,answer,0.18879310344827585,1.8125,
niah_mv_v2,11,DT_full_content_positive,answer_content,0.18046875,2.0,
niah_mv_v2,11,DT_full_content_positive,full_fp64,0.14780359691288664,178.53406476974487,
niah_mv_v2,11,DT_full_content_positive,answer_fp64,0.18771780593838633,1.8151555061340332,
niah_mv_v2,11,DT_full_content_positive,answer_content_fp64,0.18188567910322018,2.0120768547058105,
niah_mv_v2,11,DT_answer_content,full,0.44747191011235943,178.0,
niah_mv_v2,11,DT_answer_content,answer,0.17672413793103453,1.8125,
niah_mv_v2,11,DT_answer_content,answer_content,0.1359375,2.0,
niah_mv_v2,11,DT_answer_content,full_fp64,0.44786020274249455,178.53406476974487,
niah_mv_v2,11,DT_answer_content,answer_fp64,0.17956239556124967,1.8151555061340332,
niah_mv_v2,11,DT_answer_content,answer_content_fp64,0.1411531956230296,2.0120768547058105,
niah_mv_v2,11,DT_answer_content_positive,full,0.38904494382022464,178.0,0.6722403437283796
niah_mv_v2,11,DT_answer_content_positive,answer,0.16120689655172415,1.8125,
niah_mv_v2,11,DT_answer_content_positive,answer_content,0.13125,2.0,
niah_mv_v2,11,DT_answer_content_positive,full_fp64,0.38961063261063344,178.53406476974487,
niah_mv_v2,11,DT_answer_content_positive,answer_fp64,0.16283216481022586,1.8151555061340332,
niah_mv_v2,11,DT_answer_content_positive,answer_content_fp64,0.13449975839119582,2.0120768547058105,
niah_mv_v2,11,FT_full_K1,full,0.1867977528089888,178.0,
niah_mv_v2,11,FT_full_K1,answer,0.24568965517241378,1.8125,
niah_mv_v2,11,FT_full_K1,answer_content,0.224609375,2.0,
niah_mv_v2,11,FT_full_K1,full_fp64,0.18481743817111554,178.53406476974487,
niah_mv_v2,11,FT_full_K1,answer_fp64,0.24460688866898175,1.8151555061340332,
niah_mv_v2,11,FT_full_K1,answer_content_fp64,0.2248613385862413,2.0120768547058105,
niah_mv_v2,11,DT_fixed_query,full,0.053431372549019605,102.0,
niah_mv_v2,11,DT_fixed_query,answer,,0.0,
niah_mv_v2,11,DT_fixed_query,answer_content,0.0,-0.078125,
niah_mv_v2,11,DT_fixed_query,full_fp64,0.052752558995941445,102.11471593379974,
niah_mv_v2,11,DT_fixed_query,answer_fp64,0.875,0.007754802703857422,
niah_mv_v2,11,DT_fixed_query,answer_content_fp64,0.0,-0.08645009994506836,
niah_mv_v2,11,DT_old_reference_fixed_query,full,0.06764705882352942,102.0,
niah_mv_v2,11,DT_old_reference_fixed_query,answer,,0.0,
niah_mv_v2,11,DT_old_reference_fixed_query,answer_content,0.0,-0.078125,
niah_mv_v2,11,DT_old_reference_fixed_query,full_fp64,0.06783878141848423,102.11471593379974,
niah_mv_v2,11,DT_old_reference_fixed_query,answer_fp64,0.975,0.007754802703857422,
niah_mv_v2,11,DT_old_reference_fixed_query,answer_content_fp64,0.0,-0.08645009994506836,
niah_mv_v2,11,FT_fixed_query,full,0.14362745098039215,102.0,0.30201428739411756
niah_mv_v2,11,FT_fixed_query,answer,,0.0,
niah_mv_v2,11,FT_fixed_query,answer_content,0.0,-0.078125,
niah_mv_v2,11,FT_fixed_query,full_fp64,0.14387255516479647,102.11471593379974,
niah_mv_v2,11,FT_fixed_query,answer_fp64,0.975,0.007754802703857422,
niah_mv_v2,11,FT_fixed_query,answer_content_fp64,0.0,-0.08645009994506836,
niah_mv_v2,37,DT_original,full,0.0523972602739726,146.0,
niah_mv_v2,37,DT_original,answer,0.03036741214057508,12.2265625,
niah_mv_v2,37,DT_original,answer_content,0.030464895635673627,10.29296875,
niah_mv_v2,37,DT_original,full_fp64,0.051568817446601266,145.63540363311768,
niah_mv_v2,37,DT_original,answer_fp64,0.030441915548305866,12.21033787727356,
niah_mv_v2,37,DT_original,answer_content_fp64,0.03013494869781517,10.310002565383911,
niah_mv_v2,37,DT_original_restore_query,full,0.025,72.0,
niah_mv_v2,37,DT_original_restore_query,answer,0.6218292682926829,1.6015625,
niah_mv_v2,37,DT_original_restore_query,answer_content,0.5545774647887323,1.38671875,
niah_mv_v2,37,DT_original_restore_query,full_fp64,0.025,72.0094279050827,
niah_mv_v2,37,DT_original_restore_query,answer_fp64,0.621466390574031,1.6050434112548828,
niah_mv_v2,37,DT_original_restore_query,answer_content_fp64,0.5542387732353269,1.3851375579833984,
niah_mv_v2,37,DT_original_only_query,full,0.16944444444444445,27.0,
niah_mv_v2,37,DT_original_only_query,answer,0.03334546336729742,16.1015625,
niah_mv_v2,37,DT_original_only_query,answer_content,0.032809359747344245,13.60546875,
niah_mv_v2,37,DT_original_only_query,full_fp64,0.16926722554389226,27.65475285053253,
niah_mv_v2,37,DT_original_only_query,answer_fp64,0.03350008265510085,16.143821358680725,
niah_mv_v2,37,DT_original_only_query,answer_content_fp64,0.032805415230500345,13.609845757484436,
niah_mv_v2,37,FT_answer_K1,full,0.049657534246575354,146.0,
niah_mv_v2,37,FT_answer_K1,answer,0.025,12.2265625,
niah_mv_v2,37,FT_answer_K1,answer_content,0.025,10.29296875,
niah_mv_v2,37,FT_answer_K1,full_fp64,0.04915426582443906,145.63540363311768,
niah_mv_v2,37,FT_answer_K1,answer_fp64,0.025,12.21033787727356,
niah_mv_v2,37,FT_answer_K1,answer_content_fp64,0.025,10.310002565383911,
niah_mv_v2,37,FT_answer_K1_restore_query,full,0.02847222222222222,72.0,
niah_mv_v2,37,FT_answer_K1_restore_query,answer,0.4676829268292684,1.6015625,
niah_mv_v2,37,FT_answer_K1_restore_query,answer_content,0.37485915492957744,1.38671875,
niah_mv_v2,37,FT_answer_K1_restore_query,full_fp64,0.027927377046034662,72.0094279050827,
niah_mv_v2,37,FT_answer_K1_restore_query,answer_fp64,0.4675960110159775,1.6050434112548828,
niah_mv_v2,37,FT_answer_K1_restore_query,answer_content_fp64,0.3757514388035984,1.3851375579833984,
niah_mv_v2,37,FT_answer_K1_only_query,full,0.036111111111111115,27.0,
niah_mv_v2,37,FT_answer_K1_only_query,answer,0.025,16.1015625,
niah_mv_v2,37,FT_answer_K1_only_query,answer_content,0.025,13.60546875,
niah_mv_v2,37,FT_answer_K1_only_query,full_fp64,0.03699588670608237,27.65475285053253,
niah_mv_v2,37,FT_answer_K1_only_query,answer_fp64,0.025,16.143821358680725,
niah_mv_v2,37,FT_answer_K1_only_query,answer_content_fp64,0.025,13.609845757484436,
niah_mv_v2,37,DT_full_content,full,0.05616438356164384,146.0,
niah_mv_v2,37,DT_full_content,answer,0.03369009584664536,12.2265625,
niah_mv_v2,37,DT_full_content,answer_content,0.03684060721062619,10.29296875,
niah_mv_v2,37,DT_full_content,full_fp64,0.05555120872113837,145.63540363311768,
niah_mv_v2,37,DT_full_content,answer_fp64,0.03363170482198874,12.21033787727356,
niah_mv_v2,37,DT_full_content,answer_content_fp64,0.037620199876119496,10.310002565383911,
niah_mv_v2,37,DT_full_content_positive,full,0.05616438356164384,146.0,0.08378340814305915
niah_mv_v2,37,DT_full_content_positive,answer,0.03369009584664536,12.2265625,
niah_mv_v2,37,DT_full_content_positive,answer_content,0.03684060721062619,10.29296875,
niah_mv_v2,37,DT_full_content_positive,full_fp64,0.05555120872113837,145.63540363311768,
niah_mv_v2,37,DT_full_content_positive,answer_fp64,0.03363170482198874,12.21033787727356,
niah_mv_v2,37,DT_full_content_positive,answer_content_fp64,0.037620199876119496,10.310002565383911,
niah_mv_v2,37,DT_answer_content,full,0.33561643835616434,146.0,
niah_mv_v2,37,DT_answer_content,answer,0.025511182108626195,12.2265625,
niah_mv_v2,37,DT_answer_content,answer_content,0.025,10.29296875,
niah_mv_v2,37,DT_answer_content,full_fp64,0.3308669888215222,145.63540363311768,
niah_mv_v2,37,DT_answer_content,answer_fp64,0.025182111802566597,12.21033787727356,
niah_mv_v2,37,DT_answer_content,answer_content_fp64,0.025,10.310002565383911,
niah_mv_v2,37,DT_answer_content_positive,full,0.31027397260273976,146.0,0.4862070239662429
niah_mv_v2,37,DT_answer_content_positive,answer,0.025511182108626195,12.2265625,
niah_mv_v2,37,DT_answer_content_positive,answer_content,0.025,10.29296875,
niah_mv_v2,37,DT_answer_content_positive,full_fp64,0.3056513012731621,145.63540363311768,
niah_mv_v2,37,DT_answer_content_positive,answer_fp64,0.025182111802566597,12.21033787727356,
niah_mv_v2,37,DT_answer_content_positive,answer_content_fp64,0.025,10.310002565383911,
niah_mv_v2,37,FT_full_K1,full,0.043835616438356165,146.0,
niah_mv_v2,37,FT_full_K1,answer,0.0758626198083067,12.2265625,
niah_mv_v2,37,FT_full_K1,answer_content,0.07175521821631879,10.29296875,
niah_mv_v2,37,FT_full_K1,full_fp64,0.04371349697824545,145.63540363311768,
niah_mv_v2,37,FT_full_K1,answer_fp64,0.07399313162612262,12.21033787727356,
niah_mv_v2,37,FT_full_K1,answer_content_fp64,0.07218061370684488,10.310002565383911,
niah_mv_v2,37,DT_fixed_query,full,0.025,72.0,
niah_mv_v2,37,DT_fixed_query,answer,0.5323170731707317,1.6015625,
niah_mv_v2,37,DT_fixed_query,answer_content,0.4517605633802817,1.38671875,
niah_mv_v2,37,DT_fixed_query,full_fp64,0.025,72.0094279050827,
niah_mv_v2,37,DT_fixed_query,answer_fp64,0.5315695948033583,1.6050434112548828,
niah_mv_v2,37,DT_fixed_query,answer_content_fp64,0.4507552514007639,1.3851375579833984,
niah_mv_v2,37,DT_old_reference_fixed_query,full,0.025,72.0,
niah_mv_v2,37,DT_old_reference_fixed_query,answer,0.640609756097561,1.6015625,
niah_mv_v2,37,DT_old_reference_fixed_query,answer_content,0.5796478873239436,1.38671875,
niah_mv_v2,37,DT_old_reference_fixed_query,full_fp64,0.025,72.0094279050827,
niah_mv_v2,37,DT_old_reference_fixed_query,answer_fp64,0.6391519621095537,1.6050434112548828,
niah_mv_v2,37,DT_old_reference_fixed_query,answer_content_fp64,0.578524952630847,1.3851375579833984,
niah_mv_v2,37,FT_fixed_query,full,0.025,72.0,0.2728622248100252
niah_mv_v2,37,FT_fixed_query,answer,0.4359756097560975,1.6015625,
niah_mv_v2,37,FT_fixed_query,answer_content,0.33880281690140845,1.38671875,
niah_mv_v2,37,FT_fixed_query,full_fp64,0.025,72.0094279050827,
niah_mv_v2,37,FT_fixed_query,answer_fp64,0.4357525839121574,1.6050434112548828,
niah_mv_v2,37,FT_fixed_query,answer_content_fp64,0.33798108865742876,1.3851375579833984,
niah_mv_v2,63,DT_original,full,0.04206484641638225,146.5,
niah_mv_v2,63,DT_original,answer,0.04786634460547504,9.703125,
niah_mv_v2,63,DT_original,answer_content,0.04744094488188977,7.9375,
niah_mv_v2,63,DT_original,full_fp64,0.04198909926569675,146.44597566127777,
niah_mv_v2,63,DT_original,answer_fp64,0.047830864514059004,9.689702987670898,
niah_mv_v2,63,DT_original,answer_content_fp64,0.047451417624046796,7.935372829437256,
niah_mv_v2,63,DT_original_restore_query,full,0.025,64.5,
niah_mv_v2,63,DT_original_restore_query,answer,0.0894736842105263,0.59375,
niah_mv_v2,63,DT_original_restore_query,answer_content,0.025,0.15625,
niah_mv_v2,63,DT_original_restore_query,full_fp64,0.025,64.16054093837738,
niah_mv_v2,63,DT_original_restore_query,answer_fp64,0.09125010125039974,0.5931006669998169,
niah_mv_v2,63,DT_original_restore_query,answer_content_fp64,0.025,0.15770399570465088,
niah_mv_v2,63,DT_original_only_query,full,0.10111940298507464,33.5,
niah_mv_v2,63,DT_original_only_query,answer,0.057771338250790304,14.828125,
niah_mv_v2,63,DT_original_only_query,answer_content,0.060125000000000005,12.5,
niah_mv_v2,63,DT_original_only_query,full_fp64,0.0896995239683975,32.945281863212585,
niah_mv_v2,63,DT_original_only_query,answer_fp64,0.057652923703154016,14.771697759628296,
niah_mv_v2,63,DT_original_only_query,answer_content_fp64,0.060087639802183436,12.517398118972778,
niah_mv_v2,63,FT_answer_K1,full,0.04718430034129693,146.5,
niah_mv_v2,63,FT_answer_K1,answer,0.025,9.703125,
niah_mv_v2,63,FT_answer_K1,answer_content,0.025,7.9375,
niah_mv_v2,63,FT_answer_K1,full_fp64,0.0471653610348311,146.44597566127777,
niah_mv_v2,63,FT_answer_K1,answer_fp64,0.025,9.689702987670898,
niah_mv_v2,63,FT_answer_K1,answer_content_fp64,0.025,7.935372829437256,
niah_mv_v2,63,FT_answer_K1_restore_query,full,0.029651162790697672,64.5,
niah_mv_v2,63,FT_answer_K1_restore_query,answer,0.6440789473684212,0.59375,
niah_mv_v2,63,FT_answer_K1_restore_query,answer_content,0.27999999999999997,0.15625,
niah_mv_v2,63,FT_answer_K1_restore_query,full_fp64,0.029521018688226652,64.16054093837738,
niah_mv_v2,63,FT_answer_K1_restore_query,answer_fp64,0.6440814744630915,0.5931006669998169,
niah_mv_v2,63,FT_answer_K1_restore_query,answer_content_fp64,0.26642055019324723,0.15770399570465088,
niah_mv_v2,63,FT_answer_K1_only_query,full,0.04291044776119403,33.5,
niah_mv_v2,63,FT_answer_K1_only_query,answer,0.025,14.828125,
niah_mv_v2,63,FT_answer_K1_only_query,answer_content,0.025,12.5,
niah_mv_v2,63,FT_answer_K1_only_query,full_fp64,0.0425545473721343,32.945281863212585,
niah_mv_v2,63,FT_answer_K1_only_query,answer_fp64,0.025,14.771697759628296,
niah_mv_v2,63,FT_answer_K1_only_query,answer_content_fp64,0.025,12.517398118972778,
niah_mv_v2,63,DT_full_content,full,0.04206484641638225,146.5,
niah_mv_v2,63,DT_full_content,answer,0.04786634460547504,9.703125,
niah_mv_v2,63,DT_full_content,answer_content,0.04744094488188977,7.9375,
niah_mv_v2,63,DT_full_content,full_fp64,0.04198909926569675,146.44597566127777,
niah_mv_v2,63,DT_full_content,answer_fp64,0.047830864514059004,9.689702987670898,
niah_mv_v2,63,DT_full_content,answer_content_fp64,0.047451417624046796,7.935372829437256,
niah_mv_v2,63,DT_full_content_positive,full,0.04206484641638225,146.5,0.0725622565261628
niah_mv_v2,63,DT_full_content_positive,answer,0.04786634460547504,9.703125,
niah_mv_v2,63,DT_full_content_positive,answer_content,0.04744094488188977,7.9375,
niah_mv_v2,63,DT_full_content_positive,full_fp64,0.04198909926569675,146.44597566127777,
niah_mv_v2,63,DT_full_content_positive,answer_fp64,0.047830864514059004,9.689702987670898,
niah_mv_v2,63,DT_full_content_positive,answer_content_fp64,0.047451417624046796,7.935372829437256,
niah_mv_v2,63,DT_answer_content,full,0.3632252559726962,146.5,
niah_mv_v2,63,DT_answer_content,answer,0.025,9.703125,
niah_mv_v2,63,DT_answer_content,answer_content,0.025,7.9375,
niah_mv_v2,63,DT_answer_content,full_fp64,0.3642154532585915,146.44597566127777,
niah_mv_v2,63,DT_answer_content,answer_fp64,0.025,9.689702987670898,
niah_mv_v2,63,DT_answer_content,answer_content_fp64,0.025,7.935372829437256,
niah_mv_v2,63,DT_answer_content_positive,full,0.3775597269624574,146.5,0.6101324436193213
niah_mv_v2,63,DT_answer_content_positive,answer,0.025,9.703125,
niah_mv_v2,63,DT_answer_content_positive,answer_content,0.025,7.9375,
niah_mv_v2,63,DT_answer_content_positive,full_fp64,0.37845963562617924,146.44597566127777,
niah_mv_v2,63,DT_answer_content_positive,answer_fp64,0.025,9.689702987670898,
niah_mv_v2,63,DT_answer_content_positive,answer_content_fp64,0.025,7.935372829437256,
niah_mv_v2,63,FT_full_K1,full,0.04479522184300342,146.5,
niah_mv_v2,63,FT_full_K1,answer,0.025,9.703125,
niah_mv_v2,63,FT_full_K1,answer_content,0.025,7.9375,
niah_mv_v2,63,FT_full_K1,full_fp64,0.04473263799491618,146.44597566127777,
niah_mv_v2,63,FT_full_K1,answer_fp64,0.025,9.689702987670898,
niah_mv_v2,63,FT_full_K1,answer_content_fp64,0.025,7.935372829437256,
niah_mv_v2,63,DT_fixed_query,full,0.025,64.5,
niah_mv_v2,63,DT_fixed_query,answer,0.6526315789473685,0.59375,
niah_mv_v2,63,DT_fixed_query,answer_content,0.025,0.15625,
niah_mv_v2,63,DT_fixed_query,full_fp64,0.025,64.16054093837738,
niah_mv_v2,63,DT_fixed_query,answer_fp64,0.6552793365370333,0.5931006669998169,
niah_mv_v2,63,DT_fixed_query,answer_content_fp64,0.025,0.15770399570465088,
niah_mv_v2,63,DT_old_reference_fixed_query,full,0.025,64.5,
niah_mv_v2,63,DT_old_reference_fixed_query,answer,0.046052631578947366,0.59375,
niah_mv_v2,63,DT_old_reference_fixed_query,answer_content,0.025,0.15625,
niah_mv_v2,63,DT_old_reference_fixed_query,full_fp64,0.025,64.16054093837738,
niah_mv_v2,63,DT_old_reference_fixed_query,answer_fp64,0.04840672069501893,0.5931006669998169,
niah_mv_v2,63,DT_old_reference_fixed_query,answer_content_fp64,0.025,0.15770399570465088,
niah_mv_v2,63,FT_fixed_query,full,0.025,64.5,0.27753411770138153
niah_mv_v2,63,FT_fixed_query,answer,0.6230263157894738,0.59375,
niah_mv_v2,63,FT_fixed_query,answer_content,0.2725,0.15625,
niah_mv_v2,63,FT_fixed_query,full_fp64,0.025,64.16054093837738,
niah_mv_v2,63,FT_fixed_query,answer_fp64,0.6232969130034457,0.5931006669998169,
niah_mv_v2,63,FT_fixed_query,answer_content_fp64,0.2706997680126569,0.15770399570465088,
niah_mv_v2,89,DT_original,full,0.049324324324324334,185.0,
niah_mv_v2,89,DT_original,answer,0.025478468899521534,13.0625,
niah_mv_v2,89,DT_original,answer_content,0.025,10.58203125,
niah_mv_v2,89,DT_original,full_fp64,0.049438435858968524,186.17313432693481,
niah_mv_v2,89,DT_original,answer_fp64,0.02550200628039532,13.09116530418396,
niah_mv_v2,89,DT_original,answer_content_fp64,0.025,10.552481889724731,
niah_mv_v2,89,DT_original_restore_query,full,0.025,97.0,
niah_mv_v2,89,DT_original_restore_query,answer,0.3639473684210526,1.484375,
niah_mv_v2,89,DT_original_restore_query,answer_content,0.26815789473684204,1.11328125,
niah_mv_v2,89,DT_original_restore_query,full_fp64,0.025,98.11844503879547,
niah_mv_v2,89,DT_original_restore_query,answer_fp64,0.36734913475286446,1.487417221069336,
niah_mv_v2,89,DT_original_restore_query,answer_content_fp64,0.27148994709130264,1.1167330741882324,
niah_mv_v2,89,DT_original_only_query,full,0.1375,32.0,
niah_mv_v2,89,DT_original_only_query,answer,0.056023102310231054,18.9375,
niah_mv_v2,89,DT_original_only_query,answer_content,0.05138398115429919,16.58203125,
niah_mv_v2,89,DT_original_only_query,full_fp64,0.11792646708063588,31.999322772026062,
niah_mv_v2,89,DT_original_only_query,answer_fp64,0.05614536603021133,18.901782512664795,
niah_mv_v2,89,DT_original_only_query,answer_content_fp64,0.05461818759922804,16.608296394348145,
niah_mv_v2,89,FT_answer_K1,full,0.06013513513513513,185.0,
niah_mv_v2,89,FT_answer_K1,answer,0.025,13.0625,
niah_mv_v2,89,FT_answer_K1,answer_content,0.025,10.58203125,
niah_mv_v2,89,FT_answer_K1,full_fp64,0.0633088727656139,186.17313432693481,
niah_mv_v2,89,FT_answer_K1,answer_fp64,0.025,13.09116530418396,
niah_mv_v2,89,FT_answer_K1,answer_content_fp64,0.025,10.552481889724731,
niah_mv_v2,89,FT_answer_K1_restore_query,full,0.0404639175257732,97.0,
niah_mv_v2,89,FT_answer_K1_restore_query,answer,0.4747368421052632,1.484375,
niah_mv_v2,89,FT_answer_K1_restore_query,answer_content,0.3758771929824561,1.11328125,
niah_mv_v2,89,FT_answer_K1_restore_query,full_fp64,0.04049467992596121,98.11844503879547,
niah_mv_v2,89,FT_answer_K1_restore_query,answer_fp64,0.4765245252200786,1.487417221069336,
niah_mv_v2,89,FT_answer_K1_restore_query,answer_content_fp64,0.37825940270517117,1.1167330741882324,
niah_mv_v2,89,FT_answer_K1_only_query,full,0.046875,32.0,
niah_mv_v2,89,FT_answer_K1_only_query,answer,0.027310231023102306,18.9375,
niah_mv_v2,89,FT_answer_K1_only_query,answer_content,0.02650765606595995,16.58203125,
niah_mv_v2,89,FT_answer_K1_only_query,full_fp64,0.04684954146759614,31.999322772026062,
niah_mv_v2,89,FT_answer_K1_only_query,answer_fp64,0.02709134078277825,18.901782512664795,
niah_mv_v2,89,FT_answer_K1_only_query,answer_content_fp64,0.02665747804443521,16.608296394348145,
niah_mv_v2,89,DT_full_content,full,0.04716216216216216,185.0,
niah_mv_v2,89,DT_full_content,answer,0.027153110047846884,13.0625,
niah_mv_v2,89,DT_full_content,answer_content,0.025,10.58203125,
niah_mv_v2,89,DT_full_content,full_fp64,0.04770671601241575,186.17313432693481,
niah_mv_v2,89,DT_full_content,answer_fp64,0.027354030018069943,13.09116530418396,
niah_mv_v2,89,DT_full_content,answer_content_fp64,0.025,10.552481889724731,
niah_mv_v2,89,DT_full_content_positive,full,0.04716216216216216,185.0,0.07605408880982811
niah_mv_v2,89,DT_full_content_positive,answer,0.027153110047846884,13.0625,
niah_mv_v2,89,DT_full_content_positive,answer_content,0.025,10.58203125,
niah_mv_v2,89,DT_full_content_positive,full_fp64,0.04770671601241575,186.17313432693481,
niah_mv_v2,89,DT_full_content_positive,answer_fp64,0.027354030018069943,13.09116530418396,
niah_mv_v2,89,DT_full_content_positive,answer_content_fp64,0.025,10.552481889724731,
niah_mv_v2,89,DT_answer_content,full,0.2568918918918919,185.0,
niah_mv_v2,89,DT_answer_content,answer,0.025,13.0625,
niah_mv_v2,89,DT_answer_content,answer_content,0.025,10.58203125,
niah_mv_v2,89,DT_answer_content,full_fp64,0.2607743785052733,186.17313432693481,
niah_mv_v2,89,DT_answer_content,answer_fp64,0.025,13.09116530418396,
niah_mv_v2,89,DT_answer_content,answer_content_fp64,0.025,10.552481889724731,
niah_mv_v2,89,DT_answer_content_positive,full,0.25364864864864856,185.0,0.4062254555831678
niah_mv_v2,89,DT_answer_content_positive,answer,0.025,13.0625,
niah_mv_v2,89,DT_answer_content_positive,answer_content,0.025,10.58203125,
niah_mv_v2,89,DT_answer_content_positive,full_fp64,0.2565667970353077,186.17313432693481,
niah_mv_v2,89,DT_answer_content_positive,answer_fp64,0.025,13.09116530418396,
niah_mv_v2,89,DT_answer_content_positive,answer_content_fp64,0.025,10.552481889724731,
niah_mv_v2,89,FT_full_K1,full,0.046621621621621624,185.0,
niah_mv_v2,89,FT_full_K1,answer,0.03983253588516746,13.0625,
niah_mv_v2,89,FT_full_K1,answer_content,0.037107788851974896,10.58203125,
niah_mv_v2,89,FT_full_K1,full_fp64,0.04757288725258291,186.17313432693481,
niah_mv_v2,89,FT_full_K1,answer_fp64,0.039886842664137265,13.09116530418396,
niah_mv_v2,89,FT_full_K1,answer_content_fp64,0.03712847221586777,10.552481889724731,
niah_mv_v2,89,DT_fixed_query,full,0.025,97.0,
niah_mv_v2,89,DT_fixed_query,answer,0.17815789473684207,1.484375,
niah_mv_v2,89,DT_fixed_query,answer_content,0.025,1.11328125,
niah_mv_v2,89,DT_fixed_query,full_fp64,0.025,98.11844503879547,
niah_mv_v2,89,DT_fixed_query,answer_fp64,0.17974278212698835,1.487417221069336,
niah_mv_v2,89,DT_fixed_query,answer_content_fp64,0.025,1.1167330741882324,
niah_mv_v2,89,DT_old_reference_fixed_query,full,0.025,97.0,
niah_mv_v2,89,DT_old_reference_fixed_query,answer,0.45289473684210524,1.484375,
niah_mv_v2,89,DT_old_reference_fixed_query,answer_content,0.3586842105263158,1.11328125,
niah_mv_v2,89,DT_old_reference_fixed_query,full_fp64,0.025,98.11844503879547,
niah_mv_v2,89,DT_old_reference_fixed_query,answer_fp64,0.4534920688350742,1.487417221069336,
niah_mv_v2,89,DT_old_reference_fixed_query,answer_content_fp64,0.36018859104706785,1.1167330741882324,
niah_mv_v2,89,FT_fixed_query,full,0.03324742268041238,97.0,0.2779747113071682
niah_mv_v2,89,FT_fixed_query,answer,0.4323684210526316,1.484375,
niah_mv_v2,89,FT_fixed_query,answer_content,0.30745614035087726,1.11328125,
niah_mv_v2,89,FT_fixed_query,full_fp64,0.033632850822604456,98.11844503879547,
niah_mv_v2,89,FT_fixed_query,answer_fp64,0.4332532282470011,1.487417221069336,
niah_mv_v2,89,FT_fixed_query,answer_content_fp64,0.3104755409894025,1.1167330741882324,
