dataset,subset,count,DT,FT,ceiling,DT_sentence_positive,DT_sentence_absolute,FT_sentence_positive,shuffled_DT_sentence,demo_eligible,scope_start_character,DT_scope,DT_scope_sentence,DT_scope_recomputed_budget,scope_eligible,scope_recomputed_budget,FT_scope,FT_scope_sentence,FT_scope_recomputed_budget,DT_demo_budget_fraction,DT_question_budget_fraction,FT_demo_budget_fraction,FT_question_budget_fraction,DT_sentence_positive_demo_budget_fraction,DT_sentence_positive_question_budget_fraction,DT_sentence_absolute_demo_budget_fraction,DT_sentence_absolute_question_budget_fraction,answer_gold_tokens,other_gold_tokens,DT_answer_recall,DT_other_recall,DT_span_any,DT_span_half,FT_answer_recall,FT_other_recall,FT_span_any,FT_span_half,DT_sentence_positive_answer_recall,DT_sentence_positive_other_recall,DT_sentence_positive_span_any,DT_sentence_positive_span_half,DT_sentence_absolute_answer_recall,DT_sentence_absolute_other_recall,DT_sentence_absolute_span_any,DT_sentence_absolute_span_half,DT_sentence_positive_gain,DT_sentence_positive_ci_low,DT_sentence_positive_ci_high,DT_sentence_positive_wins,DT_sentence_positive_losses,DT_sentence_absolute_gain,DT_sentence_absolute_ci_low,DT_sentence_absolute_ci_high,DT_sentence_absolute_wins,DT_sentence_absolute_losses,DT_scope_gain,DT_scope_ci_low,DT_scope_ci_high,DT_scope_wins,DT_scope_losses,DT_scope_sentence_gain,DT_scope_sentence_ci_low,DT_scope_sentence_ci_high,DT_scope_sentence_wins,DT_scope_sentence_losses
niah_mq_q2,all,100,0.6676079822491964,0.48343500191471656,0.8840889863883865,0.6877027468555067,0.6827311781207801,0.5069016093535976,0.1334161684042942,0.0,0.0,0.6676079822491964,0.6877027468555067,0.6676079822491964,559.18,56.3,0.48343500191471656,0.5069016093535976,0.48343500191471656,0.0,0.0,0.0,0.0,0.0,0.0,0.0,0.0,14.0,25.21,0.6271428571428571,0.6890222269373694,1.0,0.72,0.47142857142857136,0.4890420220542409,1.0,0.45,0.72,0.6695793833380792,0.74,0.72,0.7171428571428572,0.6634644446535752,0.74,0.72,0.020094764606310402,0.006152456458235701,0.0322970646884516,54,27,0.015123195871583776,0.00010390862527415168,0.028543953549778123,51,31,0.0,0.0,0.0,0,0,0.020094764606310402,0.006152456458235701,0.0322970646884516,54,27
niah_mq_q2,even,50,0.6699325442449902,0.4826253159123864,0.8858186741161486,0.6991103174409143,0.6902205410248221,0.5107879803397759,0.12142654605684132,0.0,0.0,0.6699325442449902,0.6991103174409143,0.6699325442449902,565.1,56.9,0.4826253159123864,0.5107879803397759,0.4826253159123864,0.0,0.0,0.0,0.0,0.0,0.0,0.0,0.0,14.0,25.32,0.6414285714285713,0.684316309244645,1.0,0.72,0.47,0.4887341743658085,1.0,0.46,0.73,0.6818706933468551,0.75,0.73,0.7242857142857143,0.6713103811952387,0.75,0.73,0.029177773195924062,0.016187959249418852,0.04222878804019131,31,11,0.020287996779831858,0.002274957611850465,0.0368546481449954,29,14,0.0,0.0,0.0,0,0,0.029177773195924062,0.016187959249418852,0.04222878804019131,31,11
niah_mq_q2,odd,50,0.6652834202534027,0.4842446879170466,0.8823592986606242,0.6762951762700993,0.6752418152167384,0.5030152383674191,0.1454057907517471,0.0,0.0,0.6652834202534027,0.6762951762700993,0.6652834202534027,553.26,55.7,0.4842446879170466,0.5030152383674191,0.4842446879170466,0.0,0.0,0.0,0.0,0.0,0.0,0.0,0.0,14.0,25.1,0.6128571428571428,0.6937281446300936,1.0,0.72,0.47285714285714286,0.4893498697426734,1.0,0.44,0.71,0.6572880733293026,0.73,0.71,0.71,0.6556185081119114,0.73,0.71,0.011011756016696747,-0.013996933805534599,0.03023906761279248,23,16,0.009958394963335697,-0.014906951713845252,0.029120986114622112,22,17,0.0,0.0,0.0,0,0,0.011011756016696747,-0.013996933805534599,0.03023906761279248,23,16
niah_mq_q4,all,100,0.47829279248816675,0.41326017644649404,0.8089234721729,0.4286268965647588,0.4224191359682167,0.3777015984152412,0.10912663018631545,0.0,0.0,0.47829279248816675,0.4286268965647588,0.47829279248816675,686.24,69.08,0.41326017644649404,0.3777015984152412,0.41326017644649404,0.0,0.0,0.0,0.0,0.0,0.0,0.0,0.0,28.0,50.59,0.5732142857142857,0.4250398826657358,0.9925,0.405,0.5607142857142857,0.33133259284445676,1.0,0.48,0.46035714285714285,0.41079090342940416,0.5225,0.4275,0.45392857142857146,0.404671827679446,0.515,0.4225,-0.049665895923408,-0.06702950558332899,-0.033401569048806076,30,62,-0.055873656519950056,-0.07425024721636488,-0.03851831835486899,30,62,0.0,0.0,0.0,0,0,-0.049665895923408,-0.06702950558332899,-0.033401569048806076,30,62
niah_mq_q4,even,50,0.46166395569345736,0.40184975096096026,0.790228174210499,0.424046217490895,0.4138384927262082,0.34855224152764686,0.10859396638925842,0.0,0.0,0.46166395569345736,0.424046217490895,0.46166395569345736,669.44,67.38,0.40184975096096026,0.34855224152764686,0.40184975096096026,0.0,0.0,0.0,0.0,0.0,0.0,0.0,0.0,28.0,50.62,0.5528571428571428,0.4101263729653373,0.99,0.4,0.5557142857142857,0.3161569627693931,1.0,0.445,0.45571428571428574,0.40625755545366987,0.515,0.425,0.44357142857142856,0.39710491593632447,0.495,0.42,-0.037617738202562395,-0.06047716518487392,-0.015268168621737679,16,30,-0.04782546296724919,-0.07367406510589943,-0.02237849119840528,16,30,0.0,0.0,0.0,0,0,-0.037617738202562395,-0.06047716518487392,-0.015268168621737679,16,30
niah_mq_q4,odd,50,0.4949216292828762,0.42467060193202777,0.8276187701353008,0.43320757563862267,0.4309997792102253,0.4068509553028356,0.1096592939833725,0.0,0.0,0.4949216292828762,0.43320757563862267,0.4949216292828762,703.04,70.78,0.42467060193202777,0.4068509553028356,0.42467060193202777,0.0,0.0,0.0,0.0,0.0,0.0,0.0,0.0,28.0,50.56,0.5935714285714285,0.4399533923661342,0.995,0.41,0.5657142857142857,0.3465082229195203,1.0,0.515,0.465,0.4153242514051385,0.53,0.43,0.46428571428571425,0.4122387394225676,0.535,0.425,-0.061714053644253614,-0.08761009931587205,-0.037860927533891656,14,32,-0.06392185007265094,-0.09045299223685395,-0.039707552866764945,14,32,0.0,0.0,0.0,0,0,-0.061714053644253614,-0.08761009931587205,-0.037860927533891656,14,32
niah_mq_q8,all,100,0.13239495652659394,0.0749830000032805,0.22274494155650287,0.1364904083095402,0.13757770211976397,0.015800285963024404,0.13328282586206075,0.0,0.0,0.13239495652659394,0.1364904083095402,0.13239495652659394,346.77,35.13,0.0749830000032805,0.015800285963024404,0.0749830000032805,0.0,0.0,0.0,0.0,0.0,0.0,0.0,0.0,56.0,102.19,0.059821428571428574,0.17211248092866147,0.92375,0.02375,0.15035714285714286,0.03351649439115814,0.90375,0.00125,0.13232142857142856,0.13872680075015498,0.24,0.13125,0.1344642857142857,0.13922680075015498,0.24,0.135,0.00409545178294628,-0.002198292274085361,0.009847423792732193,68,12,0.005182745593170027,-0.0013476715330929786,0.011291572102486373,68,12,0.0,0.0,0.0,0,0,0.00409545178294628,-0.002198292274085361,0.009847423792732193,68,12
niah_mq_q8,even,50,0.13252680093439956,0.07440393005779704,0.22326701451702757,0.13872854995320363,0.13872854995320363,0.01532593739250086,0.13405420656946812,0.0,0.0,0.13252680093439956,0.13872854995320363,0.13252680093439956,348.54,35.32,0.07440393005779704,0.01532593739250086,0.07440393005779704,0.0,0.0,0.0,0.0,0.0,0.0,0.0,0.0,56.0,102.78,0.05857142857142856,0.17274365982983464,0.9125,0.025,0.14821428571428572,0.03403819737062392,0.9075,0.0,0.135,0.14069711827826514,0.2425,0.1325,0.135,0.14069711827826514,0.24,0.135,0.006201749018804041,-0.0025315733720340347,0.013620994430845839,35,6,0.006201749018804041,-0.0025315733720340347,0.013620994430845839,35,6,0.0,0.0,0.0,0,0,0.006201749018804041,-0.0025315733720340347,0.013620994430845839,35,6
niah_mq_q8,odd,50,0.1322631121187883,0.07556206994876398,0.2222228685959782,0.1342522666658768,0.13642685428632428,0.016274634533547945,0.13251144515465346,0.0,0.0,0.1322631121187883,0.1342522666658768,0.1322631121187883,345.0,34.94,0.07556206994876398,0.016274634533547945,0.07556206994876398,0.0,0.0,0.0,0.0,0.0,0.0,0.0,0.0,56.0,101.6,0.06107142857142857,0.17148130202748824,0.935,0.0225,0.15249999999999997,0.032994791411692384,0.9,0.0025,0.12964285714285714,0.1367564832220448,0.2375,0.13,0.13392857142857145,0.13775648322204478,0.24,0.135,0.001989154547088518,-0.007896362398037442,0.010248817422160415,33,6,0.004163742167536012,-0.006241959113545345,0.01341873231003332,33,6,0.0,0.0,0.0,0,0,0.001989154547088518,-0.007896362398037442,0.010248817422160415,33,6
niah_mv_v2,all,100,0.7515996468443837,0.5556180071390598,0.8998146274777854,0.768135345940609,0.7545630819472925,0.5858236082630819,0.09440133667502089,0.0,0.0,0.7515996468443837,0.768135345940609,0.7515996468443837,604.85,60.86,0.5556180071390598,0.5858236082630819,0.5556180071390598,0.0,0.0,0.0,0.0,0.0,0.0,0.0,0.0,14.0,24.76,0.7471428571428571,0.7536757964257964,1.0,0.76,0.5850000000000001,0.5363315018315018,1.0,0.535,0.7957142857142857,0.7524146964146962,0.83,0.8,0.785,0.7371029248529248,0.8,0.785,0.016535699096225407,0.001581016081871338,0.03333120053922685,34,38,0.002963435102908774,-0.01102992813473078,0.01855687058555479,27,49,0.0,0.0,0.0,0,0,0.016535699096225407,0.001581016081871338,0.03333120053922685,34,38
niah_mv_v2,even,50,0.7566663704716337,0.5573854788486368,0.9004463735095314,0.7749257385888965,0.7636041011619958,0.5986234829497987,0.0720608187134503,0.0,0.0,0.7566663704716337,0.7749257385888965,0.7566663704716337,610.54,61.42,0.5573854788486368,0.5986234829497987,0.5573854788486368,0.0,0.0,0.0,0.0,0.0,0.0,0.0,0.0,14.0,24.8,0.76,0.7542948162948164,1.0,0.77,0.5899999999999999,0.5363291708291709,1.0,0.54,0.7985714285714286,0.7615508380508382,0.84,0.8,0.7928571428571428,0.7469121434121436,0.81,0.79,0.018259368117262857,-0.0026942530568846326,0.041361096111490844,20,18,0.00693773069036226,-0.013998342826763889,0.030029306220095673,17,23,0.0,0.0,0.0,0,0,0.018259368117262857,-0.0026942530568846326,0.041361096111490844,20,18
niah_mv_v2,odd,50,0.7465329232171338,0.5538505354294828,0.8991828814460393,0.7613449532923218,0.745522062732589,0.5730237335763652,0.11674185463659148,0.0,0.0,0.7465329232171338,0.7613449532923218,0.7465329232171338,599.16,60.3,0.5538505354294828,0.5730237335763652,0.5538505354294828,0.0,0.0,0.0,0.0,0.0,0.0,0.0,0.0,14.0,24.72,0.7342857142857143,0.7530567765567766,1.0,0.75,0.58,0.5363338328338328,1.0,0.53,0.7928571428571429,0.7432785547785548,0.82,0.8,0.7771428571428572,0.7272937062937062,0.79,0.78,0.01481203007518796,-0.006614954051796169,0.039617272347535495,14,20,-0.0010108604845447122,-0.018712009189640787,0.02083717627401836,10,26,0.0,0.0,0.0,0,0,0.01481203007518796,-0.006614954051796169,0.039617272347535495,14,20
niah_mv_v4,all,100,0.5752426710716183,0.5158856706159337,0.8284285524417103,0.53003268588137,0.5161869256474518,0.5164719089390143,0.11126557871952608,0.0,0.0,0.5752426710716183,0.53003268588137,0.5752426710716183,704.64,70.99,0.5158856706159337,0.5164719089390143,0.5158856706159337,0.0,0.0,0.0,0.0,0.0,0.0,0.0,0.0,28.0,49.6,0.7892857142857143,0.454333707958708,0.9725,0.54,0.677142857142857,0.42478841991341987,1.0,0.68,0.5857142857142857,0.4983874458874459,0.6225,0.5525,0.5732142857142857,0.48371378621378625,0.61,0.535,-0.04520998519024835,-0.06101876447748159,-0.030279784451659467,24,63,-0.05905574542416648,-0.07669049660135187,-0.04233374795891244,19,68,0.0,0.0,0.0,0,0,-0.04520998519024835,-0.06101876447748159,-0.030279784451659467,24,63
niah_mv_v4,even,50,0.5774588554720134,0.5229164578111947,0.8277318295739349,0.5381027568922305,0.5229243943191312,0.5281276106934001,0.1346812865497076,0.0,0.0,0.5774588554720134,0.5381027568922305,0.5774588554720134,704.04,70.92,0.5229164578111947,0.5281276106934001,0.5229164578111947,0.0,0.0,0.0,0.0,0.0,0.0,0.0,0.0,28.0,49.2,0.792857142857143,0.4542944555444555,0.97,0.55,0.6785714285714286,0.43403055278055275,1.0,0.69,0.5864285714285714,0.5104628704628705,0.61,0.565,0.575,0.49303862803862797,0.6,0.545,-0.03935609857978278,-0.059164552005012534,-0.020560515873015873,12,33,-0.05453446115288222,-0.07761043755221386,-0.032927192982456145,10,36,0.0,0.0,0.0,0,0,-0.03935609857978278,-0.059164552005012534,-0.020560515873015873,12,33
niah_mv_v4,odd,50,0.5730264866712235,0.5088548834206729,0.8291252753094858,0.5219626148705095,0.5094494569757727,0.5048162071846282,0.08784987088934457,0.0,0.0,0.5730264866712235,0.5219626148705095,0.5730264866712235,705.24,71.06,0.5088548834206729,0.5048162071846282,0.5088548834206729,0.0,0.0,0.0,0.0,0.0,0.0,0.0,0.0,28.0,50.0,0.7857142857142857,0.4543729603729604,0.975,0.53,0.6757142857142858,0.41554628704628704,1.0,0.67,0.585,0.4863120213120213,0.635,0.54,0.5714285714285714,0.47438894438894436,0.62,0.525,-0.0510638718007139,-0.07479030246069719,-0.027245294106478336,12,30,-0.06357702969545075,-0.08924565438216753,-0.037751054245462164,9,32,0.0,0.0,0.0,0,0,-0.0510638718007139,-0.07479030246069719,-0.027245294106478336,12,30
niah_mv_v8,all,100,0.24322885338345868,0.2036087330067593,0.3529269053315105,0.22035375844915317,0.21294805669476724,0.17997254025214546,0.09854026163894586,0.0,0.0,0.24322885338345868,0.22035375844915317,0.24322885338345868,538.43,54.27,0.2036087330067593,0.17997254025214546,0.2036087330067593,0.0,0.0,0.0,0.0,0.0,0.0,0.0,0.0,56.0,99.44,0.40410714285714294,0.15047893772893775,0.77875,0.15625,0.34160714285714283,0.12453700466200467,0.9975,0.06875,0.23392857142857137,0.21244701132201133,0.29,0.22375,0.22767857142857142,0.20439485514485514,0.2825,0.215,-0.02287509493430546,-0.03106588132262474,-0.01533586167122351,32,63,-0.030280796688691426,-0.040297344568808374,-0.021003248889268644,30,65,0.0,0.0,0.0,0,0,-0.02287509493430546,-0.03106588132262474,-0.01533586167122351,32,63
niah_mv_v8,even,50,0.2427158521303258,0.20096151363256623,0.34918453330295435,0.2201735778841042,0.2139893673577884,0.17504366028708135,0.10329627098048151,0.0,0.0,0.2427158521303258,0.2201735778841042,0.2427158521303258,533.86,53.82,0.20096151363256623,0.17504366028708135,0.20096151363256623,0.0,0.0,0.0,0.0,0.0,0.0,0.0,0.0,56.0,100.32,0.40428571428571425,0.14994909257409256,0.785,0.1575,0.34214285714285714,0.12058021145521146,0.9975,0.0725,0.2325,0.21305731768231767,0.295,0.2225,0.22714285714285715,0.20639065101565102,0.285,0.215,-0.022542274246221617,-0.03242215220817195,-0.012706692868534973,16,32,-0.028726484772537406,-0.04045481839067365,-0.017385146103896097,15,33,0.0,0.0,0.0,0,0,-0.022542274246221617,-0.03242215220817195,-0.012706692868534973,16,32
niah_mv_v8,odd,50,0.24374185463659145,0.20625595238095237,0.3566692773600668,0.22053393901420218,0.21190674603174603,0.1849014202172097,0.09378425229741019,0.0,0.0,0.24374185463659145,0.22053393901420218,0.24374185463659145,543.0,54.72,0.20625595238095237,0.1849014202172097,0.20625595238095237,0.0,0.0,0.0,0.0,0.0,0.0,0.0,0.0,56.0,98.56,0.40392857142857147,0.15100878288378286,0.7725,0.155,0.3410714285714285,0.1284937978687979,0.9975,0.065,0.23535714285714285,0.21183670496170495,0.285,0.225,0.2282142857142857,0.2023990592740593,0.28,0.215,-0.02320791562238931,-0.03630714024644945,-0.011371217105263157,16,31,-0.03183510860484545,-0.048319734231411865,-0.01719535557644111,15,32,0.0,0.0,0.0,0,0,-0.02320791562238931,-0.03630714024644945,-0.011371217105263157,16,31
vt_h2_c3,all,100,0.5074334124245136,0.6976457114652332,1.0,0.7145790708642488,0.7350176534162908,0.9058303931911412,0.06106458466038554,419.92,1823.0,0.766916991440768,0.9501140420573121,0.4389879522050684,398.18,40.22,0.8003759009524443,0.9692199151320398,0.4794850488468397,0.411328239788422,0.09756244490155744,0.22573464590067593,0.2885116074052307,0.3943799588598295,0.0,0.38196885101381134,0.0,9.4,19.28,0.8646313131313131,0.33443901420217215,1.0,0.5166666666666668,0.8112373737373737,0.643169590643275,1.0,0.9233333333333333,0.7183838383838383,0.7125263157894737,0.7333333333333333,0.7133333333333333,0.7428005050505051,0.731,0.76,0.7333333333333334,0.20714565843973518,0.1671591415406731,0.24719274066572972,83,13,0.22758424099177713,0.18846765086051273,0.2671266345286593,85,12,0.2594835790162542,0.24597266856449282,0.2726572739848984,100,0,0.44268062963279875,0.41443449393245696,0.47005277706190535,100,0
vt_h2_c3,even,50,0.49210063639652063,0.6991833403279454,1.0,0.6821243587706324,0.7027680369315519,0.9148545768078583,0.04530190239867659,420.22,1823.0,0.7575109303830103,0.9526158694846125,0.42655279845602423,398.06,40.18,0.8071169598744683,0.9668226600985221,0.4728779130069453,0.4104349103732,0.09765207170143991,0.2254216867469879,0.2877784307963562,0.39095503967087863,0.0,0.382418454305025,0.0,9.44,19.26,0.8525555555555556,0.3159649122807017,1.0,0.4733333333333333,0.8094292929292929,0.6459298245614035,1.0,0.9466666666666668,0.6805151515151513,0.683093567251462,0.7,0.6733333333333333,0.7005151515151514,0.704093567251462,0.7266666666666667,0.6933333333333332,0.1900237223741117,0.12870218785355048,0.2500787512738569,39,9,0.21066740053503127,0.14776616005528687,0.2702552335430812,41,8,0.26541029398648974,0.24649435724947405,0.2835450778416574,50,0,0.4605152330880917,0.4212140031681745,0.4979138750694368,50,0
vt_h2_c3,odd,50,0.5227661884525066,0.6961080826025209,1.0,0.7470337829578653,0.7672672699010296,0.8968062095744243,0.0768272669220945,419.62,1823.0,0.7763230524985254,0.9476122146300122,0.45142310595411267,398.3,40.26,0.7936348420304205,0.9716171701655573,0.4860921846867341,0.41222156920364383,0.09747281810167499,0.22604760505436378,0.28924478401410525,0.3978048780487805,0.0,0.3815192477225977,0.0,9.36,19.3,0.8767070707070707,0.3529131161236424,1.0,0.5599999999999999,0.8130454545454546,0.6404093567251462,1.0,0.9,0.7562525252525254,0.7419590643274853,0.7666666666666666,0.7533333333333333,0.7850858585858586,0.757906432748538,0.7933333333333333,0.7733333333333333,0.22426759450535869,0.17454462770780904,0.2738012429697357,44,4,0.2445010814485231,0.19676235937490807,0.2915504191023309,44,4,0.2535568640460186,0.2335997107082758,0.2731793428759989,50,0,0.4248460261775056,0.3853144786787132,0.46269068326296836,50,0
vt_h4_c1,all,100,0.5870986811452812,0.7547793834766146,1.0,0.8181521772932564,0.8085407087928127,0.9865624987151814,0.09111629315966453,414.91,1851.0,0.922261545868521,1.0,0.6025290957751168,397.52,40.09,0.9387922727428564,0.9973913043478261,0.5488639379759934,0.521174363216189,0.10863936323432846,0.2761418755419147,0.2636518068661276,0.5256176285993115,0.0,0.5312409348323738,0.0,15.8,31.72,0.9385723684210526,0.4120528603670207,1.0,0.59,0.8678613629662391,0.698613215374126,1.0,0.9880000000000001,0.8145391972578504,0.8199939623943419,0.826,0.82,0.8045465501990269,0.8105743631763557,0.816,0.81,0.2310534961479752,0.20075974603460015,0.26236682893859276,90,6,0.2214420276475316,0.19138295794460478,0.25247475056220003,90,6,0.3351628647232397,0.3259935726270927,0.34390430486425816,100,0,0.41290131885471887,0.4039197570868237,0.42194001374739487,100,0
vt_h4_c1,even,50,0.5845853466822687,0.7563513455707493,1.0,0.8366871119460696,0.8292088510765043,0.9854940795559667,0.0822164287393351,415.36,1851.0,0.9210597231894,1.0,0.6031742766811241,397.76,40.12,0.9392107920164027,1.0,0.5472812975492839,0.523101511738009,0.10700772375862981,0.2765896830320378,0.26068211418392634,0.5127799726457773,0.0,0.5171702165482164,0.0,15.86,31.9,0.9245389945451865,0.4154142855089249,1.0,0.5760000000000001,0.8667598407784166,0.7014718594182541,1.0,0.988,0.8307128482972136,0.8397243976769595,0.8439999999999999,0.8399999999999999,0.8231834365325078,0.8322561669829223,0.836,0.8319999999999999,0.2521017652638009,0.20884494210257354,0.2925367996301052,47,2,0.24462350439423566,0.20213514377688624,0.2851300041537977,47,2,0.3364743765071313,0.3222076598493643,0.3506902213068553,50,0,0.4154146533177313,0.40177810353883936,0.42902604017078155,50,0
vt_h4_c1,odd,50,0.5896120156082937,0.7532074213824793,1.0,0.7996172426404432,0.7878725665091211,0.987630917874396,0.10001615757999398,414.46,1851.0,0.9234633685476414,1.0,0.6018839148691095,397.28,40.06,0.9383737534693098,0.9947826086956522,0.550446578402703,0.5192472146943692,0.11027100271002709,0.27569406805179164,0.2666214995483288,0.5384552845528455,0.0,0.5453116531165312,0.0,15.74,31.54,0.9526057422969187,0.40869143522511636,1.0,0.6040000000000001,0.8689628851540617,0.6957545713299983,1.0,0.988,0.7983655462184874,0.8002635271117243,0.8079999999999999,0.8,0.7859096638655463,0.788892559369789,0.7959999999999999,0.7879999999999998,0.2100052270321497,0.16486143742736198,0.25463125082365623,43,4,0.1982605509008276,0.15414713770367414,0.24134228962367738,43,4,0.33385135293934803,0.3226004527892,0.34496918870428284,50,0,0.4103879843917063,0.3987021380651737,0.4223898435048047,50,0
vt_h6_c1,all,100,0.5014667517614252,0.6585060973752498,1.0,0.7352235900452763,0.7271471189176542,0.9311266318463955,0.08761446946506168,414.42,1807.0,0.7971675638898177,0.9869913197517026,0.4627797176773323,396.71,40.03,0.821316355659251,0.9365006962355189,0.441100652102029,0.46351851851851855,0.08803673592291478,0.24395513399578436,0.21209123757904247,0.4082761216501054,0.0,0.41487804878048784,0.0,21.95,43.76,0.8975423648052937,0.3029982630153015,1.0,0.3914285714285714,0.815952070888684,0.5795141919562891,1.0,0.9542857142857143,0.7718404766857857,0.71711679409925,0.81,0.727142857142857,0.7587625357861056,0.7115251542255716,0.797142857142857,0.7199999999999998,0.23375683828385077,0.2208215229288066,0.24554374915799335,98,2,0.2256803671562288,0.21090707000250017,0.23888481081065385,97,3,0.29570081212839266,0.2896054411757051,0.3021590994718929,100,0,0.4855245679902774,0.4764476348102901,0.4941203254005308,100,0
vt_h6_c1,even,50,0.5053460523871298,0.6614547281231496,1.0,0.7370773768633534,0.7316313796238778,0.9424538673572644,0.07745258041674032,414.16,1807.0,0.7987702488489525,0.9817373606276917,0.46544893632293854,396.18,40.02,0.8224257686726422,0.9436478972080107,0.4436439443280695,0.46181571815718153,0.08864498644986452,0.24256549232158986,0.21484492622704005,0.41080397470641367,0.0,0.4152062631737428,0.0,21.68,43.5,0.9006293054771316,0.30857086829584307,1.0,0.3999999999999999,0.8079926595143987,0.5883027705919516,1.0,0.9514285714285714,0.7767592697157915,0.7175285674891337,0.8114285714285714,0.7314285714285715,0.7693783173348391,0.712999959146572,0.8057142857142857,0.7257142857142859,0.23173132447622355,0.2100097636790899,0.24968419772389774,48,2,0.22628532723674805,0.20278844763559004,0.2459822302453031,47,3,0.2934241964618228,0.2843331039789593,0.30294664388257336,50,0,0.47639130824056175,0.4615761459222481,0.4906411939633094,50,0
vt_h6_c1,odd,50,0.49758745113572056,0.6555574666273496,1.0,0.7333698032271987,0.7226628582114303,0.9197993963355267,0.09777635851338307,414.68,1807.0,0.7955648789306832,0.9922452788757137,0.4601104990317262,397.24,40.04,0.82020694264586,0.9293534952630269,0.4385573598759885,0.4652213188798555,0.08742848539596505,0.24534477566997892,0.20933754893104484,0.40574826859379703,0.0,0.4145498343872327,0.0,22.22,44.02,0.894455424133456,0.29742565773475993,1.0,0.3828571428571428,0.8239114822629696,0.5707256133206265,1.0,0.9571428571428571,0.7669216836557798,0.7167050207093664,0.8085714285714285,0.7228571428571429,0.7481467542373721,0.7100503493045713,0.7885714285714285,0.7142857142857143,0.2357823520914781,0.2206123119640924,0.24993376114304122,50,0,0.22507540707570958,0.20696363563964643,0.24148209551129254,50,0,0.29797742779496256,0.2896417326049417,0.3064439059199158,50,0,0.49465782773999306,0.48498121707309205,0.504060938416925,50,0
vt_h10_c1,all,100,0.4023745137577838,0.5141755016048608,0.8106254490487941,0.501041145303929,0.5005603760731597,0.6151530001817472,0.09112213459798049,432.12,1810.0,0.6321979085606659,0.8075290342476622,0.34456587967885194,396.88,40.05,0.6225414879154367,0.6171360190496717,0.29449164774264075,0.4332833115614744,0.04654704450102108,0.19066052980110648,0.16426900921990892,0.381501093120175,0.0,0.3812601292647533,0.0,34.55,68.33,0.8448878141435068,0.1788387908777991,1.0,0.25727272727272726,0.6657941652589423,0.43749524954032154,1.0,0.6036363636363636,0.5159316627256618,0.4934902458409487,0.5399999999999999,0.5063636363636362,0.5164876472816463,0.4924799547679978,0.5399999999999999,0.5054545454545454,0.09866663154614506,0.08881420983533436,0.10785754350620991,96,4,0.09818586231537584,0.08846523850603319,0.10714828741756141,96,4,0.22982339480288197,0.22529078304418304,0.2344552315711814,100,0,0.40515452048987816,0.39973087906286187,0.4102115229836145,100,0
vt_h10_c1,even,50,0.40172872737898585,0.5142943667958195,0.8120008524097025,0.5016527492916537,0.5006912108301153,0.6194831812141688,0.08887991143023548,432.62,1810.0,0.6326865867526167,0.8084676744765247,0.3452843964874484,396.82,40.1,0.6238633144171856,0.6194831812141688,0.29658298820990914,0.4340435692349229,0.04651830852823057,0.19154068374337688,0.1646902230771827,0.3810316560359084,0.0,0.380549728325065,0.0,34.56,68.26,0.8438387271401977,0.17808391902328136,1.0,0.2509090909090909,0.6643716595848947,0.4382689447469709,1.0,0.5818181818181818,0.5178946147034382,0.49342545629918605,0.5418181818181819,0.5036363636363635,0.519578012386836,0.4911107565062254,0.5418181818181819,0.5018181818181818,0.09992402191266785,0.08601278901429978,0.11331917535031241,48,2,0.09896248345112939,0.0855781530205693,0.1116265563622966,48,2,0.23095785937363078,0.2247042001061071,0.23720360819109257,50,0,0.4067389470975387,0.3995236075523282,0.4137780921339098,50,0
vt_h10_c1,odd,50,0.40302030013658197,0.5140566364139021,0.8092500456878853,0.5004295413162042,0.5004295413162042,0.6108228191493255,0.09336435776572546,431.62,1810.0,0.6317092303687152,0.8065903940187996,0.3438473628702554,396.94,40.0,0.6212196614136878,0.6147888568851746,0.2924003072753724,0.432523053888026,0.04657578047381162,0.18978037585883606,0.16384779536263522,0.3819705302044415,0.0,0.3819705302044415,0.0,34.54,68.4,0.8459369011468156,0.17959366273231683,1.0,0.2636363636363636,0.6672166709329896,0.4367215543336721,1.0,0.6254545454545454,0.5139687107478853,0.49355503538271117,0.5381818181818182,0.509090909090909,0.5133972821764567,0.49384915302977,0.5381818181818182,0.509090909090909,0.09740924117962228,0.08326063514988265,0.11013497573627555,48,2,0.09740924117962228,0.08326063514988265,0.11013497573627555,48,2,0.22868893023213313,0.22218864989514436,0.23542973325673175,50,0,0.40357009388221754,0.39610835089836316,0.4107768971975895,50,0
hotpotqa_long,all,48,0.34906636253548756,0.38372331799997966,0.9827818025054338,0.6105427582250585,0.5693017541974514,0.6093060146114424,0.0614437116536144,0.0,0.0,0.34906636253548756,0.6105427582250585,0.34906636253548756,1327.4166666666667,133.1875,0.38372331799997966,0.6093060146114424,0.38372331799997966,0.0,0.14418508029394855,0.0,0.19469762595586523,0.0,0.1921778052046438,0.0,0.19429051561320118,0.0,79.91666666666667,,0.34906636253548756,0.9722222222222222,0.2690972222222222,,0.38372331799997966,0.9756944444444445,0.3975694444444444,,0.6105427582250585,0.7777777777777777,0.6493055555555555,,0.5693017541974514,0.765625,0.611111111111111,0.26147639568957093,0.19955079949254004,0.3233880501696989,43,5,0.22023539166196385,0.16702150282664616,0.27318790173378915,44,4,0.0,0.0,0.0,0,0,0.26147639568957093,0.19955079949254004,0.3233880501696989,43,5
hotpotqa_long,even,24,0.33498280205697345,0.38129293390167973,0.976646969174143,0.5860495919440472,0.5603617758675731,0.5957915818051739,0.07891193125392432,0.0,0.0,0.33498280205697345,0.5860495919440472,0.33498280205697345,1392.5833333333333,139.66666666666666,0.38129293390167973,0.5957915818051739,0.38129293390167973,0.0,0.14401942686151037,0.0,0.19402463376972015,0.0,0.19202849221319004,0.0,0.1937943732625976,0.0,80.58333333333333,,0.33498280205697345,0.954861111111111,0.28125,,0.38129293390167973,0.9791666666666666,0.3680555555555555,,0.5860495919440472,0.7604166666666666,0.611111111111111,,0.5603617758675731,0.7291666666666666,0.5833333333333334,0.2510667898870736,0.16420642068429472,0.342858649938712,21,3,0.22537897381059965,0.16052135116884014,0.29397120281209005,23,1,0.0,0.0,0.0,0,0,0.2510667898870736,0.16420642068429472,0.342858649938712,21,3
hotpotqa_long,odd,24,0.3631499230140017,0.3861537020982797,0.9889166358367246,0.6350359245060698,0.5782417325273298,0.6228204474177109,0.04397549205330448,0.0,0.0,0.3631499230140017,0.6350359245060698,0.3631499230140017,1262.25,126.70833333333333,0.3861537020982797,0.6228204474177109,0.3861537020982797,0.0,0.1443507337263867,0.0,0.19537061814201026,0.0,0.19232711819609763,0.0,0.19478665796380476,0.0,79.25,,0.3631499230140017,0.9895833333333334,0.2569444444444444,,0.3861537020982797,0.9722222222222222,0.4270833333333333,,0.6350359245060698,0.7951388888888888,0.6875,,0.5782417325273298,0.8020833333333334,0.6388888888888888,0.27188600149206815,0.19027546631737421,0.3527002632617997,22,2,0.21509180951332807,0.13121639208637106,0.29617544007294205,21,3,0.0,0.0,0.0,0,0,0.27188600149206815,0.19027546631737421,0.3527002632617997,22,2
