target_mode,pooling,budget_unit,budget_value,n,method,precision,recall,f1,exact_match,complete_support,token_recall,fact_recall_ceiling,spent_all_tokens,unused_all_tokens,selected_sentences,empty_selection
answer_conditioned,positive_mean_eligible,all_body_tokens,0.05,48,DT_target,0.4861111111111111,0.3038194444444444,0.34831349206349205,0.020833333333333332,0.041666666666666664,0.2837555392301848,0.65625,46.416666666666664,19.104166666666668,1.7083333333333333,0.0625
answer_conditioned,positive_mean_eligible,all_body_tokens,0.05,48,FT_K1,0.5659722222222222,0.4010416666666667,0.4379960317460317,0.0,0.0625,0.37216196894482545,0.65625,49.958333333333336,15.5625,1.8125,0.10416666666666667
answer_conditioned,positive_mean_eligible,all_body_tokens,0.05,48,FT_K3,0.5659722222222222,0.40277777777777773,0.4373015873015873,0.0,0.0625,0.37320429128127636,0.65625,47.770833333333336,17.75,1.7916666666666667,0.125
answer_conditioned,positive_mean_eligible,all_body_tokens,0.1,48,DT_target,0.38219396344396345,0.4895833333333333,0.3987398018648019,0.020833333333333332,0.14583333333333334,0.48652037969759365,0.9305555555555555,113.04166666666667,17.520833333333332,3.8333333333333335,0.0
answer_conditioned,positive_mean_eligible,all_body_tokens,0.1,48,FT_K1,0.45682043650793647,0.6163194444444444,0.49208002645502646,0.041666666666666664,0.22916666666666666,0.5845039716504137,0.9305555555555555,113.1875,17.375,4.0,0.0
answer_conditioned,positive_mean_eligible,all_body_tokens,0.1,48,FT_K3,0.46613756613756613,0.6475694444444445,0.5080221861471862,0.020833333333333332,0.2916666666666667,0.6257283036702748,0.9305555555555555,117.39583333333333,13.166666666666666,4.083333333333333,0.0
answer_conditioned,positive_mean_eligible,all_body_tokens,0.2,48,DT_target,0.22283490814740814,0.6336805555555556,0.31700219148135816,0.0,0.2916666666666667,0.634693856407926,1.0,244.5625,15.958333333333334,8.416666666666666,0.0
answer_conditioned,positive_mean_eligible,all_body_tokens,0.2,48,FT_K1,0.2478358812240391,0.7447916666666666,0.3599485005735006,0.0,0.4583333333333333,0.7181058597744331,1.0,240.66666666666666,19.854166666666668,8.479166666666666,0.0
answer_conditioned,positive_mean_eligible,all_body_tokens,0.2,48,FT_K3,0.2681363562120141,0.8194444444444445,0.39155358530358536,0.0,0.5625,0.7860420810770771,1.0,242.625,17.895833333333332,8.604166666666666,0.0
answer_conditioned,positive_mean_eligible,sentences,2,48,DT_target,0.46875,0.3767361111111111,0.41111111111111115,0.020833333333333332,0.020833333333333332,0.3755223181172546,0.829861111111111,65.70833333333333,0.0,2.0,0.0
answer_conditioned,positive_mean_eligible,sentences,2,48,FT_K1,0.5729166666666666,0.4635416666666667,0.5041666666666667,0.0625,0.0625,0.45212310910373615,0.829861111111111,61.8125,0.0,2.0,0.0
answer_conditioned,positive_mean_eligible,sentences,2,48,FT_K3,0.59375,0.4774305555555555,0.5208333333333334,0.0625,0.0625,0.46539898794302553,0.829861111111111,62.833333333333336,0.0,2.0,0.0
answer_conditioned,positive_mean_eligible,sentences,4,48,DT_target,0.3385416666666667,0.5277777777777778,0.40525793650793646,0.0,0.1875,0.5201163780110774,1.0,129.39583333333334,0.0,4.0,0.0
answer_conditioned,positive_mean_eligible,sentences,4,48,FT_K1,0.40625,0.6475694444444444,0.49082341269841273,0.0,0.2916666666666667,0.6221195149434997,1.0,118.0,0.0,4.0,0.0
answer_conditioned,positive_mean_eligible,sentences,4,48,FT_K3,0.4270833333333333,0.6788194444444445,0.515625,0.0,0.3333333333333333,0.6506746713080456,1.0,116.95833333333333,0.0,4.0,0.0
answer_conditioned,positive_mean_eligible,sentences,8,48,DT_target,0.21875,0.6840277777777778,0.32689393939393935,0.0,0.375,0.6732245274715453,1.0,241.1875,0.0,8.0,0.0
answer_conditioned,positive_mean_eligible,sentences,8,48,FT_K1,0.23697916666666666,0.7395833333333334,0.3539141414141414,0.0,0.4583333333333333,0.7211730932809676,1.0,239.1875,0.0,8.0,0.0
answer_conditioned,positive_mean_eligible,sentences,8,48,FT_K3,0.2578125,0.8072916666666666,0.3854166666666667,0.0,0.5625,0.7734078052381991,1.0,236.10416666666666,0.0,8.0,0.0
answer_conditioned,signed_sum,all_body_tokens,0.05,48,DT_target,0.4270833333333333,0.21006944444444442,0.2701388888888889,0.0,0.0,0.20889798700110965,0.65625,43.125,22.395833333333332,1.3125,0.14583333333333334
answer_conditioned,signed_sum,all_body_tokens,0.05,48,FT_K1,0.5729166666666666,0.30034722222222215,0.37886904761904755,0.0,0.0,0.30380291515275964,0.65625,36.875,28.645833333333332,1.1041666666666667,0.22916666666666666
answer_conditioned,signed_sum,all_body_tokens,0.05,48,FT_K3,0.576388888888889,0.30034722222222215,0.38095238095238093,0.0,0.0,0.30380291515275964,0.65625,37.104166666666664,28.416666666666668,1.1041666666666667,0.22916666666666666
answer_conditioned,signed_sum,all_body_tokens,0.1,48,DT_target,0.3597222222222222,0.35590277777777785,0.3419642857142857,0.041666666666666664,0.10416666666666667,0.3540017911903714,0.9305555555555555,107.66666666666667,22.895833333333332,3.2916666666666665,0.0
answer_conditioned,signed_sum,all_body_tokens,0.1,48,FT_K1,0.5427083333333333,0.4930555555555555,0.48353174603174603,0.041666666666666664,0.125,0.5218227799829483,0.9305555555555555,103.29166666666667,27.270833333333332,2.6458333333333335,0.0
answer_conditioned,signed_sum,all_body_tokens,0.1,48,FT_K3,0.5541666666666667,0.5104166666666666,0.49806547619047614,0.041666666666666664,0.125,0.5354960544037748,0.9305555555555555,101.91666666666667,28.645833333333332,2.6458333333333335,0.0
answer_conditioned,signed_sum,all_body_tokens,0.2,48,DT_target,0.2031107202982203,0.44965277777777773,0.2695464257964258,0.0,0.16666666666666666,0.4565210644870828,1.0,236.47916666666666,24.041666666666668,7.041666666666667,0.0
answer_conditioned,signed_sum,all_body_tokens,0.2,48,FT_K1,0.30539021164021163,0.623263888888889,0.3920567858067858,0.0,0.2708333333333333,0.6576006664211439,1.0,237.5625,22.958333333333332,5.729166666666667,0.0
answer_conditioned,signed_sum,all_body_tokens,0.2,48,FT_K3,0.33540013227513227,0.6788194444444443,0.42930032930032924,0.020833333333333332,0.3541666666666667,0.7069079246380853,1.0,236.27083333333334,24.25,5.75,0.0
answer_conditioned,signed_sum,sentences,2,48,DT_target,0.3958333333333333,0.31249999999999994,0.34375,0.020833333333333332,0.020833333333333332,0.3174476509625572,0.829861111111111,76.91666666666667,0.0,2.0,0.0
answer_conditioned,signed_sum,sentences,2,48,FT_K1,0.5625,0.453125,0.49374999999999997,0.041666666666666664,0.041666666666666664,0.47906573051688256,0.829861111111111,86.70833333333333,0.0,2.0,0.0
answer_conditioned,signed_sum,sentences,2,48,FT_K3,0.5833333333333334,0.4739583333333333,0.5145833333333333,0.0625,0.0625,0.4973742694622139,0.829861111111111,85.75,0.0,2.0,0.0
answer_conditioned,signed_sum,sentences,4,48,DT_target,0.25,0.39409722222222215,0.30133928571428575,0.0,0.125,0.39039453613088604,1.0,151.66666666666666,0.0,4.0,0.0
answer_conditioned,signed_sum,sentences,4,48,FT_K1,0.3697916666666667,0.6006944444444445,0.45089285714285715,0.0,0.2708333333333333,0.6235680575120126,1.0,178.85416666666666,0.0,4.0,0.0
answer_conditioned,signed_sum,sentences,4,48,FT_K3,0.3854166666666667,0.6284722222222222,0.470734126984127,0.0,0.2916666666666667,0.6432344826177704,1.0,177.27083333333334,0.0,4.0,0.0
answer_conditioned,signed_sum,sentences,8,48,DT_target,0.15364583333333334,0.4739583333333333,0.22910353535353536,0.0,0.2708333333333333,0.47640617873362423,1.0,284.2916666666667,0.0,8.0,0.0
answer_conditioned,signed_sum,sentences,8,48,FT_K1,0.23177083333333334,0.75,0.34974747474747475,0.0,0.4791666666666667,0.7779306132958324,1.0,349.6041666666667,0.0,8.0,0.0
answer_conditioned,signed_sum,sentences,8,48,FT_K3,0.2421875,0.782986111111111,0.36534090909090916,0.0,0.5208333333333334,0.8125110981185499,1.0,346.7291666666667,0.0,8.0,0.0
full,positive_mean_eligible,all_body_tokens,0.05,48,DT_target,0.6357638888888889,0.4618055555555555,0.5043154761904761,0.0625,0.10416666666666667,0.40420910549235184,0.65625,46.854166666666664,18.666666666666668,1.8125,0.10416666666666667
full,positive_mean_eligible,all_body_tokens,0.05,48,FT_K1,0.7100694444444443,0.5069444444444444,0.553125,0.020833333333333332,0.125,0.44197274395868624,0.65625,47.854166666666664,17.666666666666668,1.7916666666666667,0.10416666666666667
full,positive_mean_eligible,all_body_tokens,0.05,48,FT_K3,0.689236111111111,0.49652777777777773,0.5392361111111111,0.020833333333333332,0.125,0.44448619623849367,0.65625,47.8125,17.708333333333332,1.7708333333333333,0.125
full,positive_mean_eligible,all_body_tokens,0.1,48,DT_target,0.5578718734968735,0.7638888888888888,0.6082545926295927,0.0625,0.4375,0.7221581032747384,0.9305555555555555,115.10416666666667,15.458333333333334,4.041666666666667,0.0
full,positive_mean_eligible,all_body_tokens,0.1,48,FT_K1,0.5440310846560846,0.7291666666666666,0.5810575998075999,0.08333333333333333,0.3958333333333333,0.6820948476920252,0.9305555555555555,113.95833333333333,16.604166666666668,4.020833333333333,0.0
full,positive_mean_eligible,all_body_tokens,0.1,48,FT_K3,0.5598875661375661,0.7465277777777777,0.5983826358826358,0.08333333333333333,0.4375,0.7184020173593982,0.9305555555555555,115.79166666666667,14.770833333333334,3.9583333333333335,0.0
full,positive_mean_eligible,all_body_tokens,0.2,48,DT_target,0.3306663414200179,0.9184027777777777,0.4679944226783472,0.0,0.7708333333333334,0.8970169716633704,1.0,242.4375,18.083333333333332,8.208333333333334,0.0
full,positive_mean_eligible,all_body_tokens,0.2,48,FT_K1,0.2965840659097238,0.8506944444444445,0.4241310772560773,0.0,0.625,0.8165592267123326,1.0,239.02083333333334,21.5,8.354166666666666,0.0
full,positive_mean_eligible,all_body_tokens,0.2,48,FT_K3,0.29645179077744865,0.8506944444444445,0.42373933936433933,0.0,0.625,0.8165592267123326,1.0,240.22916666666666,20.291666666666668,8.354166666666666,0.0
full,positive_mean_eligible,sentences,2,48,DT_target,0.7395833333333334,0.5833333333333334,0.6409722222222222,0.14583333333333334,0.14583333333333334,0.5354514243681573,0.829861111111111,60.395833333333336,0.0,2.0,0.0
full,positive_mean_eligible,sentences,2,48,FT_K1,0.78125,0.625,0.6826388888888889,0.20833333333333334,0.20833333333333334,0.5803243550689597,0.829861111111111,63.166666666666664,0.0,2.0,0.0
full,positive_mean_eligible,sentences,2,48,FT_K3,0.7916666666666666,0.6319444444444444,0.6909722222222222,0.20833333333333334,0.20833333333333334,0.5919392282909758,0.829861111111111,64.54166666666667,0.0,2.0,0.0
full,positive_mean_eligible,sentences,4,48,DT_target,0.515625,0.8090277777777777,0.6190476190476191,0.0,0.5208333333333334,0.7743995561661458,1.0,121.64583333333333,0.0,4.0,0.0
full,positive_mean_eligible,sentences,4,48,FT_K1,0.5,0.7847222222222222,0.6001984126984127,0.041666666666666664,0.5,0.7547681293133196,1.0,124.0625,0.0,4.0,0.0
full,positive_mean_eligible,sentences,4,48,FT_K3,0.5052083333333334,0.7916666666666666,0.6061507936507936,0.041666666666666664,0.5208333333333334,0.7658225510820271,1.0,122.875,0.0,4.0,0.0
full,positive_mean_eligible,sentences,8,48,DT_target,0.3020833333333333,0.9461805555555555,0.4515782828282828,0.0,0.8333333333333334,0.9261787181770905,1.0,244.14583333333334,0.0,8.0,0.0
full,positive_mean_eligible,sentences,8,48,FT_K1,0.2786458333333333,0.8767361111111112,0.41698232323232326,0.0,0.6875,0.8486960798914795,1.0,238.16666666666666,0.0,8.0,0.0
full,positive_mean_eligible,sentences,8,48,FT_K3,0.2786458333333333,0.8767361111111112,0.41698232323232326,0.0,0.6875,0.8486960798914795,1.0,238.83333333333334,0.0,8.0,0.0
full,signed_sum,all_body_tokens,0.05,48,DT_target,0.626736111111111,0.3993055555555555,0.45868055555555554,0.041666666666666664,0.10416666666666667,0.4003997720264445,0.65625,43.895833333333336,21.625,1.3958333333333333,0.16666666666666666
full,signed_sum,all_body_tokens,0.05,48,FT_K1,0.6666666666666666,0.40625,0.48194444444444445,0.10416666666666667,0.125,0.4033250619438971,0.65625,41.520833333333336,24.0,1.2291666666666667,0.1875
full,signed_sum,all_body_tokens,0.05,48,FT_K3,0.6458333333333334,0.3854166666666667,0.461111111111111,0.08333333333333333,0.10416666666666667,0.3896464839957409,0.65625,40.604166666666664,24.916666666666668,1.1875,0.20833333333333334
full,signed_sum,all_body_tokens,0.1,48,DT_target,0.6052083333333333,0.720486111111111,0.619130291005291,0.0625,0.3958333333333333,0.7091215424129181,0.9305555555555555,111.72916666666667,18.833333333333332,3.375,0.0
full,signed_sum,all_body_tokens,0.1,48,FT_K1,0.6749999999999999,0.6753472222222222,0.6386078042328043,0.10416666666666667,0.3333333333333333,0.6919022209043532,0.9305555555555555,105.25,25.3125,2.7916666666666665,0.0
full,signed_sum,all_body_tokens,0.1,48,FT_K3,0.6739583333333333,0.6666666666666666,0.6329365079365079,0.10416666666666667,0.3125,0.6852468327531785,0.9305555555555555,105.39583333333333,25.166666666666668,2.7708333333333335,0.0
full,signed_sum,all_body_tokens,0.2,48,DT_target,0.3849941316853081,0.861111111111111,0.5120101694114852,0.020833333333333332,0.6666666666666666,0.8512561197422682,1.0,232.4375,28.083333333333332,6.625,0.0
full,signed_sum,all_body_tokens,0.2,48,FT_K1,0.4341931216931217,0.8541666666666666,0.5495400432900434,0.020833333333333332,0.6458333333333334,0.8595489868125488,1.0,229.66666666666666,30.854166666666668,5.729166666666667,0.0
full,signed_sum,all_body_tokens,0.2,48,FT_K3,0.44044312169312166,0.861111111111111,0.5567325036075036,0.020833333333333332,0.6666666666666666,0.8635881024588072,1.0,229.39583333333334,31.125,5.708333333333333,0.0
full,signed_sum,sentences,2,48,DT_target,0.7395833333333334,0.5885416666666666,0.6444444444444445,0.1875,0.1875,0.6101626498763659,0.829861111111111,73.45833333333333,0.0,2.0,0.0
full,signed_sum,sentences,2,48,FT_K1,0.7708333333333334,0.6267361111111112,0.6798611111111111,0.2708333333333333,0.2708333333333333,0.6526622897597552,0.829861111111111,80.60416666666667,0.0,2.0,0.0
full,signed_sum,sentences,2,48,FT_K3,0.75,0.6059027777777778,0.6590277777777778,0.22916666666666666,0.22916666666666666,0.6347575478966799,0.829861111111111,82.83333333333333,0.0,2.0,0.0
full,signed_sum,sentences,4,48,DT_target,0.5208333333333334,0.8246527777777777,0.6277281746031745,0.0,0.5625,0.811583111416296,1.0,144.125,0.0,4.0,0.0
full,signed_sum,sentences,4,48,FT_K1,0.4895833333333333,0.7760416666666666,0.5900297619047619,0.020833333333333332,0.4791666666666667,0.7833338853146717,1.0,173.97916666666666,0.0,4.0,0.0
full,signed_sum,sentences,4,48,FT_K3,0.4895833333333333,0.7760416666666666,0.5900297619047619,0.020833333333333332,0.4791666666666667,0.7833338853146717,1.0,174.35416666666666,0.0,4.0,0.0
full,signed_sum,sentences,8,48,DT_target,0.28125,0.8784722222222222,0.42032828282828283,0.0,0.7083333333333334,0.8679178662559884,1.0,306.5625,0.0,8.0,0.0
full,signed_sum,sentences,8,48,FT_K1,0.2890625,0.907986111111111,0.4325126262626262,0.0,0.75,0.912690467313881,1.0,326.125,0.0,8.0,0.0
full,signed_sum,sentences,8,48,FT_K3,0.2890625,0.907986111111111,0.4325126262626262,0.0,0.75,0.912690467313881,1.0,325.8541666666667,0.0,8.0,0.0
