index,target_mode,method,all_body_tokens,eligible_body_tokens,omitted_tokens,signed_body_sum,positive_body_sum,negative_body_sum
0,full,DT_target,2883,2659,224,39.46854232267895,42.93429796038559,-3.4657556377066396
0,full,FT_K1,2883,2659,224,1.911096411098697,1.911096411098697,0.0
0,full,FT_K3,2883,2659,224,1.8702006570310914,1.8702006570310914,0.0
1,full,DT_target,1163,1066,97,30.542190572659567,33.15235730096049,-2.610166728300925
1,full,FT_K1,1163,1066,97,1.15191837774546,1.15191837774546,0.0
1,full,FT_K3,1163,1066,97,1.1410308501435793,1.1410308501435793,0.0
2,full,DT_target,1183,1079,104,32.57138660947777,33.951396528200625,-1.3800099187228483
2,full,FT_K1,1183,1079,104,10.782183547446039,10.782183547446039,0.0
2,full,FT_K3,1183,1079,104,10.581512053497136,10.581512053497136,0.0
3,full,DT_target,945,845,100,17.7329625288277,29.083454622872637,-11.350492094044938
3,full,FT_K1,945,845,100,7.944748742913362,7.944748742913362,0.0
3,full,FT_K3,945,845,100,7.80050189915346,7.80050189915346,0.0
4,full,DT_target,1184,1080,104,32.735319782679625,39.152351098405866,-6.417031315726245
4,full,FT_K1,1184,1080,104,3.335535751073621,3.335535751073621,0.0
4,full,FT_K3,1184,1080,104,3.275780027266592,3.275780027266592,0.0
5,full,DT_target,1747,1558,189,27.239231592386496,40.26456455816941,-13.025332965782917
5,full,FT_K1,1747,1558,189,3.9429852650500834,3.9429852650500834,0.0
5,full,FT_K3,1747,1558,189,3.835802951391088,3.835802951391088,0.0
6,full,DT_target,1247,1134,113,23.547122561486475,33.74304870629641,-10.195926144809938
6,full,FT_K1,1247,1134,113,0.9175347104792309,0.9175347104792309,0.0
6,full,FT_K3,1247,1134,113,0.9051913794319262,0.9051913794319262,0.0
7,full,DT_target,1032,912,120,6.0560044849145545,22.14256684482354,-16.08656235990899
7,full,FT_K1,1032,912,120,1.4675659588028793,1.4675659588028793,0.0
7,full,FT_K3,1032,912,120,1.443470339771011,1.443470339771011,0.0
8,full,DT_target,706,649,57,37.47184795042709,46.52942077044479,-9.05757282001769
8,full,FT_K1,706,649,57,9.694913316285238,9.694913316285238,0.0
8,full,FT_K3,706,649,57,9.44704398023896,9.44704398023896,0.0
9,full,DT_target,975,879,96,34.28422867113461,41.99548638118448,-7.711257710049863
9,full,FT_K1,975,879,96,1.1539525658226921,1.1539525658226921,0.0
9,full,FT_K3,975,879,96,1.1347383902830188,1.1347383902830188,0.0
10,full,DT_target,1289,1182,107,54.40151487711276,66.24829847679976,-11.846783599686995
10,full,FT_K1,1289,1182,107,8.257249978778418,8.257249978778418,0.0
10,full,FT_K3,1289,1182,107,8.132761769229546,8.132761769229546,0.0
11,full,DT_target,862,788,74,31.193460372854922,43.25242405935075,-12.058963686495831
11,full,FT_K1,862,788,74,16.6015064669773,16.6015064669773,0.0
11,full,FT_K3,862,788,74,16.483233976527117,16.483233976527117,0.0
12,full,DT_target,1903,1745,158,50.74299300278252,59.90263047857364,-9.15963747579112
12,full,FT_K1,1903,1745,158,13.01419732591603,13.01419732591603,0.0
12,full,FT_K3,1903,1745,158,12.573378538305406,12.573378538305406,0.0
13,full,DT_target,1733,1586,147,5.181820893736413,7.5190145061487454,-2.337193612412332
13,full,FT_K1,1733,1586,147,1.4239718253011233,1.4239718253011233,0.0
13,full,FT_K3,1733,1586,147,1.4053832072240766,1.4053832072240766,0.0
14,full,DT_target,1331,1140,191,28.049403988525057,28.999400804375767,-0.9499968158507139
14,full,FT_K1,1331,1140,191,13.394151881511789,13.394151881511789,0.0
14,full,FT_K3,1331,1140,191,13.166178682586178,13.166178682586178,0.0
15,full,DT_target,1244,1077,167,46.87180512775885,53.19183073066814,-6.320025602909289
15,full,FT_K1,1244,1077,167,2.2201053180615418,2.2201053180615418,0.0
15,full,FT_K3,1244,1077,167,2.1753899954492226,2.1753899954492226,0.0
16,full,DT_target,972,891,81,45.438720845777695,53.26943443110982,-7.830713585332131
16,full,FT_K1,972,891,81,1.3922011459580972,1.3922011459580972,0.0
16,full,FT_K3,972,891,81,1.3680061144623323,1.3680061144623323,0.0
17,full,DT_target,931,862,69,23.45063317222916,24.206826159410802,-0.7561929871816402
17,full,FT_K1,931,862,69,4.2326270057528745,4.2326270057528745,0.0
17,full,FT_K3,931,862,69,4.146604718465824,4.146604718465824,0.0
18,full,DT_target,1341,1233,108,59.34020497787573,63.04030069979355,-3.7000957219178208
18,full,FT_K1,1341,1233,108,7.353415755729657,7.353415755729657,0.0
18,full,FT_K3,1341,1233,108,7.144567346578697,7.144567346578697,0.0
19,full,DT_target,939,805,134,63.409306984160594,69.98313851953921,-6.573831535378608
19,full,FT_K1,939,805,134,0.927018394060724,0.927018394060724,0.0
19,full,FT_K3,939,805,134,0.9260489813241293,0.9260489813241293,0.0
20,full,DT_target,1141,1026,115,17.074057837020597,21.378321262555627,-4.304263425535032
20,full,FT_K1,1141,1026,115,0.8511238961382332,0.8511238961382332,0.0
20,full,FT_K3,1141,1026,115,0.8358586428112176,0.8358586428112176,0.0
21,full,DT_target,1458,1309,149,17.061838946243242,19.592689313953514,-2.5308503677102694
21,full,FT_K1,1458,1309,149,3.909354829636868,3.909354829636868,0.0
21,full,FT_K3,1458,1309,149,3.7863951138569973,3.7863951138569973,0.0
22,full,DT_target,3199,2828,371,43.040768470644885,54.8959413253828,-11.855172854737917
22,full,FT_K1,3199,2828,371,27.284899178077467,27.284899178077467,0.0
22,full,FT_K3,3199,2828,371,26.773163764417404,26.773163764417404,0.0
23,full,DT_target,1338,1230,108,33.355358801595386,49.48184622292452,-16.126487421329117
23,full,FT_K1,1338,1230,108,19.344175853359047,19.344175853359047,0.0
23,full,FT_K3,1338,1230,108,19.155858920770697,19.155858920770697,0.0
24,full,DT_target,1183,1066,117,76.29126455469631,113.46161840102978,-37.17035384633346
24,full,FT_K1,1183,1066,117,1.0244833704418852,1.0244833704418852,0.0
24,full,FT_K3,1183,1066,117,0.9980902871102444,0.9980902871102444,0.0
25,full,DT_target,1773,1583,190,70.16934488274507,78.27916156958479,-8.109816686839723
25,full,FT_K1,1773,1583,190,1.7530744126270292,1.7530744126270292,0.0
25,full,FT_K3,1773,1583,190,1.7090156843842124,1.7090156843842124,0.0
26,full,DT_target,1057,974,83,57.54911265507948,62.13270733044537,-4.583594675365887
26,full,FT_K1,1057,974,83,4.057605161389802,4.057605161389802,0.0
26,full,FT_K3,1057,974,83,4.018159128361731,4.018159128361731,0.0
27,full,DT_target,1719,1556,163,37.25496350458582,39.756384803403726,-2.5014212988179154
27,full,FT_K1,1719,1556,163,9.767019360006088,9.767019360006088,0.0
27,full,FT_K3,1719,1556,163,9.481882614752976,9.481882614752976,0.0
28,full,DT_target,956,888,68,43.203652541260865,47.5083807475053,-4.304728206244421
28,full,FT_K1,956,888,68,3.0216984908183804,3.0216984908183804,0.0
28,full,FT_K3,956,888,68,2.9364815973094665,2.9364815973094665,0.0
29,full,DT_target,896,813,83,32.7573287420833,39.27479772983203,-6.5174689877487335
29,full,FT_K1,896,813,83,1.1844139115710277,1.1844139115710277,0.0
29,full,FT_K3,896,813,83,1.1807506933255354,1.1807506933255354,0.0
30,full,DT_target,1278,1176,102,20.60310428627944,31.619125079213728,-11.016020792934292
30,full,FT_K1,1278,1176,102,0.36337719776201993,0.36337719776201993,0.0
30,full,FT_K3,1278,1176,102,0.3604430123959901,0.3604430123959901,0.0
31,full,DT_target,1796,1624,172,17.782842041376636,37.905909927764455,-20.123067886387812
31,full,FT_K1,1796,1624,172,1.3063693423537188,1.3063693423537188,0.0
31,full,FT_K3,1796,1624,172,1.2891232866059,1.2891232866059,0.0
32,full,DT_target,1191,1055,136,22.076960093760174,30.97791226884457,-8.900952175084392
32,full,FT_K1,1191,1055,136,8.529249535116833,8.529249535116833,0.0
32,full,FT_K3,1191,1055,136,8.2520080912509,8.2520080912509,0.0
33,full,DT_target,1095,1012,83,26.759545879517447,31.035687438580794,-4.276141559063349
33,full,FT_K1,1095,1012,83,8.627057521080133,8.627057521080133,0.0
33,full,FT_K3,1095,1012,83,8.43417603825219,8.43417603825219,0.0
34,full,DT_target,1036,917,119,32.18167116904203,39.914539785569,-7.732868616526962
34,full,FT_K1,1036,917,119,2.4490925884601893,2.4490925884601893,0.0
34,full,FT_K3,1036,917,119,2.3653629144537263,2.3653629144537263,0.0
35,full,DT_target,1208,1065,143,52.12697455548765,53.2560581108462,-1.129083555358547
35,full,FT_K1,1208,1065,143,2.5715288179344498,2.5715288179344498,0.0
35,full,FT_K3,1208,1065,143,2.4968104664585553,2.4968104664585553,0.0
36,full,DT_target,1544,1358,186,20.783067685503077,31.4004126527835,-10.617344967280419
36,full,FT_K1,1544,1358,186,7.17738342814846,7.17738342814846,0.0
36,full,FT_K3,1544,1358,186,7.031611501151929,7.031611501151929,0.0
37,full,DT_target,1183,1054,129,29.48543243481816,36.419991545289484,-6.934559110471328
37,full,FT_K1,1183,1054,129,23.543186134425923,23.543186134425923,0.0
37,full,FT_K3,1183,1054,129,22.698451705742627,22.698451705742627,0.0
38,full,DT_target,1303,1158,145,70.3598310337603,73.50827298977705,-3.148441956016767
38,full,FT_K1,1303,1158,145,15.626477909157984,15.626477909157984,0.0
38,full,FT_K3,1303,1158,145,15.14703156473115,15.14703156473115,0.0
39,full,DT_target,719,662,57,16.6582463118916,19.72331706682473,-3.0650707549331346
39,full,FT_K1,719,662,57,6.133545158721972,6.133545158721972,0.0
39,full,FT_K3,719,662,57,6.050777859811205,6.050777859811205,0.0
40,full,DT_target,1406,1230,176,101.74472308347353,125.74317307034627,-23.998449986872753
40,full,FT_K1,1406,1230,176,2.545094654233253,2.545094654233253,0.0
40,full,FT_K3,1406,1230,176,2.4552606845172704,2.4552606845172704,0.0
41,full,DT_target,884,778,106,79.10143482298193,107.98196788920215,-28.880533066220227
41,full,FT_K1,884,778,106,2.252062742190901,2.252062742190901,0.0
41,full,FT_K3,884,778,106,2.1710578980855644,2.1710578980855644,0.0
42,full,DT_target,1312,1236,76,14.84158258584636,18.355850912607742,-3.5142683267613837
42,full,FT_K1,1312,1236,76,2.657620744605083,2.657620744605083,0.0
42,full,FT_K3,1312,1236,76,2.5833687250560615,2.5833687250560615,0.0
43,full,DT_target,1259,1136,123,49.50874635465907,50.270150263216756,-0.7614039085576925
43,full,FT_K1,1259,1136,123,1.221621072909329,1.221621072909329,0.0
43,full,FT_K3,1259,1136,123,1.1949967431210098,1.1949967431210098,0.0
44,full,DT_target,831,739,92,19.786633398058722,22.4101784803102,-2.623545082251474
44,full,FT_K1,831,739,92,0.7226135435812466,0.7226135435812466,0.0
44,full,FT_K3,831,739,92,0.7202633712950046,0.7202633712950046,0.0
45,full,DT_target,1835,1625,210,25.544199390280625,31.340095952376245,-5.795896562095621
45,full,FT_K1,1835,1625,210,5.661020286177518,5.661020286177518,0.0
45,full,FT_K3,1835,1625,210,5.601551830302924,5.601551830302924,0.0
46,full,DT_target,1324,1220,104,114.86376519655867,125.02030907053236,-10.156543873973664
46,full,FT_K1,1324,1220,104,0.6428709914707724,0.6428709914707724,0.0
46,full,FT_K3,1324,1220,104,0.6241158824286686,0.6241158824286686,0.0
47,full,DT_target,881,785,96,79.72685365932912,87.4071892363298,-7.6803355770007045
47,full,FT_K1,881,785,96,2.352977153903339,2.352977153903339,0.0
47,full,FT_K3,881,785,96,2.3357503813604126,2.3357503813604126,0.0
0,answer_conditioned,DT_target,2883,2659,224,3.7931337080860295,7.6389806338329445,-3.8458469257469154
0,answer_conditioned,FT_K1,2883,2659,224,2.131665930253803,2.131665930253803,0.0
0,answer_conditioned,FT_K3,2883,2659,224,2.161504611489363,2.161504611489363,0.0
1,answer_conditioned,DT_target,1163,1066,97,0.5558684529411375,3.226207347107761,-2.6703388941666235
1,answer_conditioned,FT_K1,1163,1066,97,1.241052189758193,1.241052189758193,0.0
1,answer_conditioned,FT_K3,1163,1066,97,1.222023015616287,1.222023015616287,0.0
2,answer_conditioned,DT_target,1183,1079,104,-1.0581649432933107,3.337739591232836,-4.395904534526147
2,answer_conditioned,FT_K1,1183,1079,104,10.644818989152554,10.644818989152554,0.0
2,answer_conditioned,FT_K3,1183,1079,104,10.458892770286184,10.458892770286184,0.0
3,answer_conditioned,DT_target,945,845,100,0.7635317028022953,1.7769011741799718,-1.0133694713776764
3,answer_conditioned,FT_K1,945,845,100,8.670742820308078,8.670742820308078,0.0
3,answer_conditioned,FT_K3,945,845,100,8.349010439531412,8.349010439531412,0.0
4,answer_conditioned,DT_target,1184,1080,104,3.8557786632179902,5.7794021026910904,-1.9236234394731004
4,answer_conditioned,FT_K1,1184,1080,104,2.908766927284887,2.908766927284887,0.0
4,answer_conditioned,FT_K3,1184,1080,104,2.935373991756933,2.935373991756933,0.0
5,answer_conditioned,DT_target,1747,1558,189,0.2515071276824149,4.969091266060136,-4.717584138377722
5,answer_conditioned,FT_K1,1747,1558,189,6.03374037607864,6.03374037607864,0.0
5,answer_conditioned,FT_K3,1747,1558,189,5.892006014008075,5.892006014008075,0.0
6,answer_conditioned,DT_target,1247,1134,113,3.1671192625664206,10.88842134412052,-7.7213020815541
6,answer_conditioned,FT_K1,1247,1134,113,1.2209803314617602,1.2209803314617602,0.0
6,answer_conditioned,FT_K3,1247,1134,113,1.1974466162137105,1.1974466162137105,0.0
7,answer_conditioned,DT_target,1032,912,120,2.5021851458824402,4.573049948960698,-2.0708648030782575
7,answer_conditioned,FT_K1,1032,912,120,1.4570243649941403,1.4570243649941403,0.0
7,answer_conditioned,FT_K3,1032,912,120,1.4401846648252103,1.4401846648252103,0.0
8,answer_conditioned,DT_target,706,649,57,0.13671493186990102,4.2635902488302575,-4.126875316960357
8,answer_conditioned,FT_K1,706,649,57,9.986784497392364,9.986784497392364,0.0
8,answer_conditioned,FT_K3,706,649,57,9.666272146743722,9.666272146743722,0.0
9,answer_conditioned,DT_target,975,879,96,5.506224289094186,7.145398311130902,-1.6391740220367153
9,answer_conditioned,FT_K1,975,879,96,1.2227797673767782,1.2227797673767782,0.0
9,answer_conditioned,FT_K3,975,879,96,1.2790196833084337,1.2790196833084337,0.0
10,answer_conditioned,DT_target,1289,1182,107,0.3248691184527297,4.302136704486018,-3.9772675860332876
10,answer_conditioned,FT_K1,1289,1182,107,7.138866785913706,7.138866785913706,0.0
10,answer_conditioned,FT_K3,1289,1182,107,7.2742568285320885,7.2742568285320885,0.0
11,answer_conditioned,DT_target,862,788,74,-0.9565846686647191,2.8477300410875532,-3.8043147097522727
11,answer_conditioned,FT_K1,862,788,74,16.070527533302084,16.070527533302084,0.0
11,answer_conditioned,FT_K3,862,788,74,15.977308802772313,15.977308802772313,0.0
12,answer_conditioned,DT_target,1903,1745,158,1.3420970631136502,6.5120142128326055,-5.169917149718955
12,answer_conditioned,FT_K1,1903,1745,158,12.765628330409527,12.765628330409527,0.0
12,answer_conditioned,FT_K3,1903,1745,158,12.309001126413932,12.309001126413932,0.0
13,answer_conditioned,DT_target,1733,1586,147,-3.252854533963644,0.43981689273895935,-3.6926714267026037
13,answer_conditioned,FT_K1,1733,1586,147,1.6798421863350086,1.6798421863350086,0.0
13,answer_conditioned,FT_K3,1733,1586,147,1.6022518026948092,1.6022518026948092,0.0
14,answer_conditioned,DT_target,1331,1140,191,1.5504798341519381,3.1297621131029967,-1.5792822789510588
14,answer_conditioned,FT_K1,1331,1140,191,14.544179710443132,14.544179710443132,0.0
14,answer_conditioned,FT_K3,1331,1140,191,13.999900998198427,13.999900998198427,0.0
15,answer_conditioned,DT_target,1244,1077,167,5.08158185641953,6.733122053172551,-1.6515401967530197
15,answer_conditioned,FT_K1,1244,1077,167,2.7364016011852073,2.7364016011852073,0.0
15,answer_conditioned,FT_K3,1244,1077,167,2.6746893146046204,2.6746893146046204,0.0
16,answer_conditioned,DT_target,972,891,81,1.127959347898242,3.08025766366245,-1.952298315764208
16,answer_conditioned,FT_K1,972,891,81,1.2617753462764085,1.2617753462764085,0.0
16,answer_conditioned,FT_K3,972,891,81,1.3230507063635741,1.3230507063635741,0.0
17,answer_conditioned,DT_target,931,862,69,0.5562945478312854,1.9159269929417895,-1.359632445110504
17,answer_conditioned,FT_K1,931,862,69,4.584184158564312,4.584184158564312,0.0
17,answer_conditioned,FT_K3,931,862,69,4.3726198615913745,4.3726198615913745,0.0
18,answer_conditioned,DT_target,1341,1233,108,0.6092413201825628,4.552031260925549,-3.9427899407429865
18,answer_conditioned,FT_K1,1341,1233,108,8.425248251121957,8.425248251121957,0.0
18,answer_conditioned,FT_K3,1341,1233,108,8.016661604255205,8.016661604255205,0.0
19,answer_conditioned,DT_target,939,805,134,-0.972957606713325,3.47852161189137,-4.451479218604695
19,answer_conditioned,FT_K1,939,805,134,0.8256010947297909,0.8256010947297909,0.0
19,answer_conditioned,FT_K3,939,805,134,0.8510701768755098,0.8510701768755098,0.0
20,answer_conditioned,DT_target,1141,1026,115,3.5659978389099614,6.673792488234204,-3.1077946493242434
20,answer_conditioned,FT_K1,1141,1026,115,0.8415552964579547,0.8415552964579547,0.0
20,answer_conditioned,FT_K3,1141,1026,115,0.8773189186940726,0.8773189186940726,0.0
21,answer_conditioned,DT_target,1458,1309,149,-3.0660240683395035,1.0981347262831989,-4.164158794622702
21,answer_conditioned,FT_K1,1458,1309,149,4.0874299462884665,4.0874299462884665,0.0
21,answer_conditioned,FT_K3,1458,1309,149,3.8805511278187623,3.8805511278187623,0.0
22,answer_conditioned,DT_target,3199,2828,371,-1.2383610238040867,4.42615031670116,-5.664511340505246
22,answer_conditioned,FT_K1,3199,2828,371,26.657027524604928,26.657027524604928,0.0
22,answer_conditioned,FT_K3,3199,2828,371,26.349206811079057,26.349206811079057,0.0
23,answer_conditioned,DT_target,1338,1230,108,0.4859171755417999,3.921796729173637,-3.4358795536318363
23,answer_conditioned,FT_K1,1338,1230,108,19.50026375456946,19.50026375456946,0.0
23,answer_conditioned,FT_K3,1338,1230,108,19.2304853083333,19.2304853083333,0.0
24,answer_conditioned,DT_target,1183,1066,117,2.3387498809770113,5.173033125091775,-2.834283244114765
24,answer_conditioned,FT_K1,1183,1066,117,0.7279129709349945,0.7279129709349945,0.0
24,answer_conditioned,FT_K3,1183,1066,117,0.8041502095729811,0.8041502095729811,0.0
25,answer_conditioned,DT_target,1773,1583,190,5.685766437066531,8.686485023604211,-3.0007185865376798
25,answer_conditioned,FT_K1,1773,1583,190,1.9668724852162995,1.9668724852162995,0.0
25,answer_conditioned,FT_K3,1773,1583,190,1.9226417102836422,1.9226417102836422,0.0
26,answer_conditioned,DT_target,1057,974,83,2.372385184627281,7.0008191143034,-4.6284339296761186
26,answer_conditioned,FT_K1,1057,974,83,5.072835784376366,5.072835784376366,0.0
26,answer_conditioned,FT_K3,1057,974,83,4.850174138249713,4.850174138249713,0.0
27,answer_conditioned,DT_target,1719,1556,163,-0.1752043935963277,2.384387863366301,-2.5595922569626284
27,answer_conditioned,FT_K1,1719,1556,163,9.626322755531874,9.626322755531874,0.0
27,answer_conditioned,FT_K3,1719,1556,163,9.293154093786143,9.293154093786143,0.0
28,answer_conditioned,DT_target,956,888,68,2.292797890609747,3.826694536216606,-1.5338966456068597
28,answer_conditioned,FT_K1,956,888,68,3.516924434865359,3.516924434865359,0.0
28,answer_conditioned,FT_K3,956,888,68,3.47899591064197,3.47899591064197,0.0
29,answer_conditioned,DT_target,896,813,83,1.361819747424382,1.6362372282559439,-0.2744174808315619
29,answer_conditioned,FT_K1,896,813,83,1.5287091922436957,1.5287091922436957,0.0
29,answer_conditioned,FT_K3,896,813,83,1.4754377874705824,1.4754377874705824,0.0
30,answer_conditioned,DT_target,1278,1176,102,1.0245527683318143,2.108856965431693,-1.0843041970998788
30,answer_conditioned,FT_K1,1278,1176,102,0.1925960297921847,0.1925960297921847,0.0
30,answer_conditioned,FT_K3,1278,1176,102,0.21088407590650604,0.21088407590650604,0.0
31,answer_conditioned,DT_target,1796,1624,172,2.7453451687955694,4.923125866091182,-2.1777806972956117
31,answer_conditioned,FT_K1,1796,1624,172,0.9503096406733675,0.9503096406733675,0.0
31,answer_conditioned,FT_K3,1796,1624,172,1.0019614753182395,1.0019614753182395,0.0
32,answer_conditioned,DT_target,1191,1055,136,1.2327109814159964,5.03247690492521,-3.799765923509214
32,answer_conditioned,FT_K1,1191,1055,136,8.953321228618734,8.953321228618734,0.0
32,answer_conditioned,FT_K3,1191,1055,136,8.548248071456328,8.548248071456328,0.0
33,answer_conditioned,DT_target,1095,1012,83,-1.7875573286569753,1.0895746529087782,-2.8771319815657534
33,answer_conditioned,FT_K1,1095,1012,83,8.875232854275964,8.875232854275964,0.0
33,answer_conditioned,FT_K3,1095,1012,83,8.619477801141329,8.619477801141329,0.0
34,answer_conditioned,DT_target,1036,917,119,4.680286889957283,6.342951180082311,-1.6626642901250288
34,answer_conditioned,FT_K1,1036,917,119,3.061846046563005,3.061846046563005,0.0
34,answer_conditioned,FT_K3,1036,917,119,3.006883644935442,3.006883644935442,0.0
35,answer_conditioned,DT_target,1208,1065,143,6.961717185947381,8.971244218206223,-2.009527032258841
35,answer_conditioned,FT_K1,1208,1065,143,2.802665636234451,2.802665636234451,0.0
35,answer_conditioned,FT_K3,1208,1065,143,2.802490333109745,2.802490333109745,0.0
36,answer_conditioned,DT_target,1544,1358,186,-0.660321784846879,1.3568303646973883,-2.0171521495442675
36,answer_conditioned,FT_K1,1544,1358,186,7.338153743243311,7.338153743243311,0.0
36,answer_conditioned,FT_K3,1544,1358,186,7.1867347536899615,7.1867347536899615,0.0
37,answer_conditioned,DT_target,1183,1054,129,-5.598012008230725,3.6624097393762454,-9.260421747606971
37,answer_conditioned,FT_K1,1183,1054,129,23.610027065617032,23.610027065617032,0.0
37,answer_conditioned,FT_K3,1183,1054,129,22.598173453705385,22.598173453705385,0.0
38,answer_conditioned,DT_target,1303,1158,145,-5.756798216936081,1.5203334869840095,-7.277131703920091
38,answer_conditioned,FT_K1,1303,1158,145,14.576891261618584,14.576891261618584,0.0
38,answer_conditioned,FT_K3,1303,1158,145,14.372714128228836,14.372714128228836,0.0
39,answer_conditioned,DT_target,719,662,57,-1.6408492835473698,3.2806266673076996,-4.921475950855069
39,answer_conditioned,FT_K1,719,662,57,6.087320335325785,6.087320335325785,0.0
39,answer_conditioned,FT_K3,719,662,57,6.017017022299115,6.017017022299115,0.0
40,answer_conditioned,DT_target,1406,1230,176,3.903487478041474,8.718171211132596,-4.8146837330911225
40,answer_conditioned,FT_K1,1406,1230,176,1.299283049756923,1.299283049756923,0.0
40,answer_conditioned,FT_K3,1406,1230,176,1.3239004379938706,1.3239004379938706,0.0
41,answer_conditioned,DT_target,884,778,106,4.8447369331368595,7.47852426486205,-2.633787331725191
41,answer_conditioned,FT_K1,884,778,106,2.548363660564064,2.548363660564064,0.0
41,answer_conditioned,FT_K3,884,778,106,2.5257597333256854,2.5257597333256854,0.0
42,answer_conditioned,DT_target,1312,1236,76,0.0793092767089082,3.8159457788863653,-3.7366365021774577
42,answer_conditioned,FT_K1,1312,1236,76,3.1569654068443924,3.1569654068443924,0.0
42,answer_conditioned,FT_K3,1312,1236,76,2.9629574877326377,2.9629574877326377,0.0
43,answer_conditioned,DT_target,1259,1136,123,-0.5977077023721502,1.5013052002355516,-2.099012902607702
43,answer_conditioned,FT_K1,1259,1136,123,1.0861363955737033,1.0861363955737033,0.0
43,answer_conditioned,FT_K3,1259,1136,123,1.0641051073471317,1.0641051073471317,0.0
44,answer_conditioned,DT_target,831,739,92,0.4179370413352903,1.9479946776909811,-1.5300576363556906
44,answer_conditioned,FT_K1,831,739,92,0.8557102145168756,0.8557102145168756,0.0
44,answer_conditioned,FT_K3,831,739,92,0.8409891406881798,0.8409891406881798,0.0
45,answer_conditioned,DT_target,1835,1625,210,1.0301796478670104,3.5050302810985303,-2.4748506332315197
45,answer_conditioned,FT_K1,1835,1625,210,6.1650994945375714,6.1650994945375714,0.0
45,answer_conditioned,FT_K3,1835,1625,210,5.980031445273198,5.980031445273198,0.0
46,answer_conditioned,DT_target,1324,1220,104,6.10745749062028,9.881277793570526,-3.773820302950246
46,answer_conditioned,FT_K1,1324,1220,104,0.4308698893200926,0.4308698893200926,0.0
46,answer_conditioned,FT_K3,1324,1220,104,0.45299588323450735,0.45299588323450735,0.0
47,answer_conditioned,DT_target,881,785,96,3.4160064690828236,4.63576339400064,-1.2197569249178166
47,answer_conditioned,FT_K1,881,785,96,1.8867082965443842,1.8867082965443842,0.0
47,answer_conditioned,FT_K3,881,785,96,2.0285350592967006,2.0285350592967006,0.0
