dataset,index,input_sha256,prompt_length,target_length,DT_RISE,DT_MAS,DT_Recall10,signed_RISE_source
niah_mq_q2,0,4c46244c8ef1235bda45410b69684055c641bfb46a3956a1958cce5328a95b46,357,244,0.08545112781954886,0.10933687647137935,0.425,proof
niah_mq_q2,1,15b106b2ca7dea757762d05d6c6906d52ec32d7c2f72590cd023a4ca56cf1c5c,955,259,0.0410655737704918,0.06099932807942576,0.9736842105263158,proof
niah_mq_q2,2,04625fd9bc55e61caefd3f1f534ae8eacc852169fd3347624a40ac8176cfe99d,955,286,0.03960084033613446,0.05806260304714013,0.9210526315789473,proof
niah_mq_q2,3,b02552833746f8ba8d202a99c894bcf5bed676797ad67baf102e5e2ffc8842a2,351,235,0.10707094918504315,0.13977669084139843,0.47368421052631576,proof
niah_mq_q2,4,8b61309a0bf7cf7f88ffaf5492bf6ead0bf504509a322b70fad78b8f34293084,958,230,0.0386986301369863,0.06644638708617352,0.9743589743589743,proof
niah_mq_q2,5,31e1c0de3fa15d110c9f438b287389c62aa9138cbb185aed24665b041a369eb5,958,262,0.04196969696969697,0.05250739287479972,1.0,proof
niah_mq_q2,6,da32d256330a34eb35e022ad39f4c328eea0fbde44075a3332dda49de891cc84,348,259,0.05636986301369863,0.08683371500071609,0.4594594594594595,proof
niah_mq_q2,7,98136dbc4f15287c0396ce470015ba2caa3a44f525a2c39c34ff5af66882f7cb,958,259,0.048666462293071734,0.07102312846560811,0.9743589743589743,proof
niah_mq_q2,8,4a0510896f92b626aaa9313a5a1d215eb5a58a41d312894210ad4b5491b78c29,351,238,0.07624703087885987,0.09925747395588627,0.4473684210526316,proof
niah_mq_q2,9,7239252bc8a251e48abb5cc9e68ecd40eaf553ea4559c1b426e1aca398dbb139,357,315,0.09764705882352942,0.13817498663216024,0.425,proof
niah_mq_q2,10,309c655a0e596a2e4121c297031182356288867828c8653c053e457007565621,354,285,0.07153716216216215,0.10231854421392943,0.41025641025641024,proof
niah_mq_q2,11,37179c438cfe5f0f003ecdb3bbdf6257da0e63b026d6170dabf24a3c8c7133ea,357,240,0.06742424242424241,0.09181585415009137,0.5,proof
niah_mq_q2,12,7b3b47c5a8d9ea4a773b95062e41ddb0434aedc1532fa2e9f5c7166d73c8c0ed,357,338,0.07120637329286797,0.09881297757696147,0.35,proof
niah_mq_q2,13,e6c4ca17c31dde932ae0a033ad544c1b4cc62adfa20239c5ed97d80ab6e3763b,961,296,0.0424738219895288,0.05588958771945788,0.95,proof
niah_mq_q2,14,5754ca4a0cb71a24c0de46581829ba43b64d94d9a1f1049a044aaf3f28b5956e,961,229,0.051756931012250165,0.08608021375080899,0.95,proof
niah_mq_q2,15,727184c2642eb0d5e5bb2263871e21961f20731c6f3d124caf6985991f73e46e,361,358,0.10479381443298971,0.12900480915880955,0.4634146341463415,proof
niah_mq_q2,16,34eb02161522f07655fe96540362d2bd1d02190263e1684153b31d66d2106a74,351,296,0.04133011413520633,0.09217814500436709,0.42105263157894735,proof
niah_mq_q2,17,a15ab9ec2815a1197f0d67de40d6c97546feda4d57f547c797f2873951e1f917,360,288,0.1312765055131467,0.1679906237872503,0.4146341463414634,proof
niah_mq_q2,18,10f9f167f7594ac17afc65cf8f68f8dd0d65b3e30fc1c85704a30d575d0c63fa,952,298,0.029527559055118113,0.04880396443546835,0.918918918918919,proof
niah_mq_q2,19,5885c4e13998595152c929263a24754f3a336c9193867da53d516241d309fc2c,354,300,0.12157293497363797,0.1594965512558717,0.38461538461538464,proof
niah_mq_q2,20,3de672166ee14c0319e749ff82c99cb2f0cbf8ea4ed6e2b132d2a7f30e496225,357,285,0.06832298136645962,0.09783493616489572,0.45,proof
niah_mq_q2,21,156d17dc08c3b760a271fd7b7fdfc273554290260fa78057f7a19ac16fcb47bd,958,338,0.03293754066363045,0.05646906766508394,0.9487179487179487,proof
niah_mq_q2,22,6fe0f8593052abef610437df046bf0afd481a3a11ee62d6e11b033eb37c604b0,363,316,0.16823258869908014,0.20472869855956527,0.40476190476190477,proof
niah_mq_q2,23,5f3c0678b5fe37b7e11214e84251d69639738972e8c52172aebb6f77e4f4cc1f,955,272,0.026382033563672257,0.047865095641964464,0.9473684210526315,proof
niah_mq_q2,24,61604ac18bef3b15edd75eb63586685cbbe9bf712a816ae74fcfa64f4b3fbd30,354,350,0.04610778443113772,0.07598342672252589,0.5128205128205128,proof
niah_mq_q2,25,3a3be09623d79e9c7357a39b68be0360bb03a0903679122d2edc69a0440831ba,958,239,0.12384778653729533,0.14680263388679177,0.9743589743589743,original_signed_call
niah_mq_q2,26,df4c905f2eaf43d8fd2a3b85fe5db8c85f5390b0794d97c96bae54a8802dc4a5,958,243,0.03758278145695364,0.050087887951815555,1.0,proof
niah_mq_q2,27,f8921d0692c82d66c467dd80da9fd0dd59ca9992bda0254f3b68babc744a63c1,961,277,0.0962286158631415,0.13377592830670904,0.925,proof
niah_mq_q2,28,9a785a399701dfe597564e63819a6b3ee420b5ad010601bcc560619526e5f616,958,313,0.03185071574642127,0.04690134636407608,0.9743589743589743,proof
niah_mq_q2,29,f65485d03e77952862f15ad5a4937a3327c3bd20b87e7e59cf07c84b02dd717e,351,323,0.08007246376811594,0.10301333300651935,0.47368421052631576,proof
niah_mq_q2,30,16faae62b43f58460524156b2335d3f93e22b13efad9f32a44e0ac7f73cbd093,358,362,0.05663606010016695,0.10629381088072425,0.375,proof
niah_mq_q2,31,a8106ba88e359c2e927440debcffef618dcb76fa51f84c455c90ceb08334bb40,958,249,0.04965753424657533,0.060973861747968226,1.0,proof
niah_mq_q2,32,8f0789908832d91f920019338ccf83aeba798f49fb18bb7e422550bc266609fb,351,313,0.029703476482617584,0.08328102648595484,0.39473684210526316,proof
niah_mq_q2,33,566d64d05861e9e76268493016afcfc4fff9360bf4c1ea1c1870924b46c9daa2,958,268,0.04275700934579439,0.06862204629417099,0.9743589743589743,proof
niah_mq_q2,34,a64bc06e5c34e4714eb018dc07d128cd68ad222e06e7a2c0413e00c1cdef0251,351,275,0.0688135593220339,0.09361643120288705,0.39473684210526316,proof
niah_mq_q2,35,8c8b9ba77a739bd7176a532ecbe06c9e706f3ce206ff2650996bdf5f2a51dc09,955,234,0.034519999999999995,0.05639622547846779,0.9736842105263158,proof
niah_mq_q2,36,48d61c0b01abb0daaca01d40f133fa4f771461459a22a6320e02da82feaa3642,363,297,0.10891752577319588,0.14385053892762706,0.42857142857142855,proof
niah_mq_q2,37,3fbe7da95ff755baa116d0a6ba5f136e1632bedfe99c141f6b1107e565211efb,354,241,0.0584280303030303,0.10046057403728384,0.46153846153846156,proof
niah_mq_q2,38,a48eca291d955a39339b3971ba838ee1118cebb055afce99517b23b532297d3b,961,271,0.04071691176470589,0.056881748943941934,1.0,proof
niah_mq_q2,39,d8f69db5f72aab5fdfb99f91b45a1f22a9335353b676cd1766c98ea8443e83d2,354,323,0.06681985294117647,0.0928861665243405,0.41025641025641024,proof
niah_mq_q2,40,c7944606130cbb974a0045deb19cf028d3881de81a8faa7982f413eb0c34378d,952,229,0.04790123456790124,0.07926710112522659,0.9459459459459459,proof
niah_mq_q2,41,f4378554c08d10678938d784e0a9f2edd4fb179e955ff0a3f7facd7d2769a616,955,332,0.04028066528066528,0.05243056078101753,0.9473684210526315,proof
niah_mq_q2,42,e14230dcdf510131d0980285f4b69c8559a5591ec21719f98ae5674de1768499,357,326,0.054119850187265915,0.08355697702878477,0.5,proof
niah_mq_q2,43,69b9ee334fc887219df1948c1a8be83f74b57d0f16ab37995c3db3de9cd47fdd,354,323,0.07352362204724408,0.09532133724811329,0.41025641025641024,proof
niah_mq_q2,44,045cdd7cc9e05a3646fd897770fcceb00dce7ee494660f9bf3f41521910c995a,360,284,0.07682829888712242,0.0965582850360049,0.4146341463414634,proof
niah_mq_q2,45,a63f7f90be23c88c99a3bdb3e73857e14a0b76821d89fefd347db769926a17ad,357,276,0.08459104186952289,0.10885815781601242,0.45,proof
niah_mq_q2,46,97e1a888429e07a5c7edef25cf7814e409aa022a611b2697d157817f964540cd,955,259,0.045133111480865226,0.07448666729575158,0.9736842105263158,proof
niah_mq_q2,47,a5f8a09eecf82e923dbdc024f1d3d0ca6fd9e0f1a8114894f803c3bd68e0241f,958,251,0.042176470588235294,0.06540969991233236,0.9743589743589743,proof
niah_mq_q2,48,6ccc723fe749fad9731fe8884070875cba455316b0cd36cb28af07643bedd701,964,333,0.03272442588726514,0.04350545608104077,0.975609756097561,proof
niah_mq_q2,49,111fd3aaa62414684f6b17bede18d2c3cbfb889acdd7262cf112239e4e4a53b2,955,215,0.05104790419161677,0.07831785012537365,0.9736842105263158,proof
niah_mq_q2,50,8cd2c66d6703bd8d9a1c289caac25503da47f56460982d397c7854fea13140a6,363,326,0.050666074600355236,0.10458722890008725,0.40476190476190477,proof
niah_mq_q2,51,42f7bb42b8070491fc4ba61306d9a47829ba8b872fec82d92dc34c8dfd3d9132,360,357,0.05139802631578948,0.09628817348316583,0.43902439024390244,proof
niah_mq_q2,52,0c79f4be5a87e07af39091764a979d0dea2739519e6c88c59dad0d5ba9317fe3,958,283,0.038343002175489485,0.049924720931488385,0.9743589743589743,proof
niah_mq_q2,53,a2fe10685eeab0798193b6cddf6b45e63d1f3a1952aa72f8694700763a857685,958,349,0.03253138075313807,0.0555184245918219,0.9743589743589743,proof
niah_mq_q2,54,8aca1fb7a9163d597644111057e57d1429d26ba68c04f31e8559731cf7f08483,955,283,0.036495327102803746,0.052591230669510006,0.9736842105263158,proof
niah_mq_q2,55,62d6ce00b122c6637a05c56cc8180a54564dd259b6c5e3cb4e745c0878e4741d,357,315,0.07577683615819208,0.11072613568025255,0.375,proof
niah_mq_q2,56,4d338f9f5f343f745265b734bdb40bf11c016b79406a3c00b34142dffff63ff3,351,336,0.07240143369175626,0.09730806901040771,0.4473684210526316,proof
niah_mq_q2,57,a689cbe48fbcc464acb27c5fcb70a156d608e67560e19a345eda69cbb14401e7,354,235,0.07815457413249209,0.11343614431453393,0.4358974358974359,proof
niah_mq_q2,58,2583a0827e8d6e038b794603b07305646ddc46a3c2bbd2374679e213d899992a,958,392,0.043867924528301884,0.06440103677123829,0.9487179487179487,proof
niah_mq_q2,59,ea4938760c0d13740dc6fc5fcc58aa1c7510c34fc43ea77cf319cc116f520191,354,310,0.08908132530120483,0.12891569703474418,0.4358974358974359,proof
niah_mq_q2,60,3aa5df0b64767d25dc1f3dcde7e180ca7e3ab1e81ec02312c87a30009c9b2913,366,244,0.08180933852140078,0.09165600775283955,0.46511627906976744,proof
niah_mq_q2,61,d10ced71abde4d481924f075b64f372d2f351bcfcc40fed31f70696645d3d893,958,248,0.041283348666053356,0.06170674553136786,0.9743589743589743,proof
niah_mq_q2,62,e22c3b80e025262d304ef8b4fe83b991451032773beea2515f1746bb9f961f9c,958,278,0.025,0.047704190848148774,0.8974358974358975,proof
niah_mq_q2,63,fb3e131943c9b887e9d3d983415e16a0e6dc211e35f497b16ada18bae33c66b8,958,277,0.042498192335502526,0.06205883815330003,0.9743589743589743,proof
niah_mq_q2,64,56bdc9b8c0629179d18b3f3d77a04b7deced7a1122b589b258e65b9af868879a,354,306,0.10046816479400748,0.13340116360741577,0.358974358974359,proof
niah_mq_q2,65,beeb8ac0b692038e0ca39eeb3dc3c9504155a553a753ab3e8ae6630c5906356e,955,254,0.04861111111111112,0.0724828888910595,0.9736842105263158,proof
niah_mq_q2,66,834bcd3ac1046a60a44f0e7bf867b130ff5a38666fccb44c5016b8b3279c7b36,370,350,0.08055555555555556,0.11236598665979139,0.36363636363636365,proof
niah_mq_q2,67,266a1cd5495d79700c4b55e41d28ef330293907a42026a1608730bbbc40a17ca,354,265,0.09959893048128343,0.12921320697700941,0.358974358974359,proof
niah_mq_q2,68,20ac6d391999a6d4e3a6118b014bd9ca6d6691f811cf8e2a0e5d88251439a00f,958,256,0.053405017921146956,0.06870881606375771,0.9487179487179487,proof
niah_mq_q2,69,503587b6d83f9226057e71b6ea5f746013ede7ed73888001c02dc06b4a972b1e,354,265,0.12542134831460675,0.16788957010510736,0.41025641025641024,proof
niah_mq_q2,70,84bf71028a119a1da5e4b6020c85602c7dd9e89fa2582b2cacfcfa68236658f4,955,254,0.05261194029850745,0.08299737112115084,0.9736842105263158,proof
niah_mq_q2,71,5e5091a66c7e56c52c43946120110371ac89e66d7799bca67341e12b3b6a59ea,366,279,0.12290575916230366,0.16322778393461973,0.37209302325581395,proof
niah_mq_q2,72,fc83bc5d876287a6eb9ef1093714cd59f2443a3a6d89fc0815cdd487ade082b4,961,279,0.05440074906367041,0.08389128857973913,0.975,proof
niah_mq_q2,73,9873bfa615116d78c4a7f3f69dd01199d5f239291da2f3fa932f9daa4ec75f5d,345,237,0.0933937823834197,0.1296452545866683,0.4444444444444444,proof
niah_mq_q2,74,52e3edb9699916ee8fc7ffe9c64554c5a51b394766874bf55632c2f3da46ca5a,363,289,0.13642735768903994,0.18398485036955048,0.42857142857142855,proof
niah_mq_q2,75,8ef0ab70c960f0a0d1b95328dd29768ed0f95dc965714097caf4bc06553b2fde,955,225,0.04939777640518839,0.08411852509381476,0.9736842105263158,proof
niah_mq_q2,76,7eb395f175f06fac907dea645d89c128c1aaf7b4a528f160737b44d2d3135ce6,958,257,0.02833889816360601,0.046303666563573764,0.9230769230769231,proof
niah_mq_q2,77,10152057b201b7b5dde9116054605cf0de400243687a5dc24e5c3d675a203f07,360,319,0.06769366197183099,0.11565413767955249,0.4146341463414634,proof
niah_mq_q2,78,fcd4b2b20097bb05ce1700d80444d8dc1bb27f7aab443d8a08a3f87d0432bac7,958,274,0.035927152317880795,0.050526559497564474,0.9743589743589743,proof
niah_mq_q2,79,c76f1a3d9ae3f50d5d575a137713677786ccba92172f9043ac13a95161f0c492,958,363,0.04562015503875969,0.0638388210083489,0.9743589743589743,proof
niah_mq_q2,80,ca09f98452b5bd88703956e43fb71876089ae9cd1d542440a6d8e26e4f3c6704,357,283,0.06175417661097852,0.08156640233598915,0.425,proof
niah_mq_q2,81,f0bae0664883d82d0d037c06ba689a078f6b131694684d074c15e4a7ab3e8749,354,236,0.10098039215686276,0.12158220176097187,0.46153846153846156,original_signed_call
niah_mq_q2,82,bfbadbc8357e05af31c57fd45bceb08d187345507bd234ce85a9dcd6ee78f676,351,294,0.05625,0.09302455514608914,0.4473684210526316,proof
niah_mq_q2,83,de53499b312cafde385edc055bc988f2253577a6f686d92884de104a58ea07a5,357,337,0.10561389337641355,0.1306345838383011,0.4,proof
niah_mq_q2,84,86bf8f76e3475d2d150192bed0a48bcfedc9de7ce3dd8e9d29c0b3664508bd1f,955,264,0.03441306755260244,0.04759691214241435,0.9210526315789473,proof
niah_mq_q2,85,50855bf4a9a159970c35bca66d2265fac31d4fd366b225a9a56248c6118cbaa9,952,223,0.05018321119253831,0.07744379175841423,1.0,proof
niah_mq_q2,86,b28f7f8af58e41e61d71b5af7dc3a9501bbe25c4f654fe2935586dc8c2f362e9,354,289,0.06316067653276955,0.07851757315561048,0.46153846153846156,proof
niah_mq_q2,87,c8c7cb2d3423f4fdb1c0f2a348576fe890e4f866491fe365754783ab4cef00ff,952,241,0.0510595130748422,0.06614676288566881,0.9459459459459459,proof
niah_mq_q2,88,6b606f747ce8d755de58f4f002582613329cadbca470501091b5315208876603,952,261,0.03849072512647554,0.04867145102865271,1.0,proof
niah_mq_q2,89,733d35879862bc7ffc91ec0598e7c43e9c0a0340e50a8663af726e758879882d,358,333,0.05567765567765568,0.10138175546467368,0.375,proof
niah_mq_q2,90,73de2995d16363325be87ed9c8d4845494c05acbb9f17ef21853fdfa038bff3c,351,272,0.06520979020979022,0.08710174823005576,0.4473684210526316,proof
niah_mq_q2,91,51162915fd07f983c796521778ffebe813cfee2c94535b6f75b31e2240008a69,358,290,0.05703991130820398,0.09192337760362519,0.425,proof
niah_mq_q2,92,0fbd413bad4b7ff872762e1039aad14bcc2ad6e2f7985c8e2d904d012b1c7b88,958,270,0.047610015174506824,0.07191993785545607,0.9487179487179487,proof
niah_mq_q2,93,c3b5d5f7d86e332d4c346ab5ff0ec79662a89132a5eaaf0eb10213e8a9a5e5e3,348,245,0.11631419939577041,0.15983347291100547,0.4864864864864865,proof
niah_mq_q2,94,2e75a9359c940799e99ad30bdc92163caaa5b1590d23ad31f6af32fd58643a61,351,315,0.08644658261446583,0.140714274116987,0.3157894736842105,proof
niah_mq_q2,95,e7e19ba8494bad311fde02bb5d089bb80bea3eeb55e5774d33ac6775c2ce5ee7,360,319,0.0665231187669991,0.09220125141312878,0.4146341463414634,proof
niah_mq_q2,96,bcce7976a30de1a2c377ccd6ff923234751e3111a97bfc68ee5d8249142cc5ac,357,269,0.12954115421002838,0.17280867800410027,0.45,proof
niah_mq_q2,97,39198adef318fcfc477ef104a5f49d844973513b87a08efdfd4df73907a1f23c,354,396,0.04970881863560732,0.09025484125491964,0.41025641025641024,proof
niah_mq_q2,98,aa4bae78cb04e5bb6c023a6799a010e0b99eb1717e3f222f15574e63ca3aea76,964,293,0.026559792027729633,0.05833595354181165,1.0,proof
niah_mq_q2,99,552794542b3726c2d8074e561aa096555460c06425986ef238a6c5808412797d,354,254,0.05463302752293577,0.08943441717284184,0.41025641025641024,proof
niah_mq_q4,0,8fde9a6bc6e0b100032e2b0592ee21b8854986dc8b36cebd11ff81277c8cf914,953,377,0.09503027245206863,0.13172542835340578,0.5324675324675324,original_signed_call
niah_mq_q4,1,340d815818fdec7eb9e6147c8712f0c90dc4266ceca538b6d3f732c47c299034,953,388,0.08607814045499504,0.12223279512925125,0.5454545454545454,proof
niah_mq_q4,2,b5e08ab269f9cfe134686b4cc010bdc629ed601e83427240bc0571d79024bd52,354,348,0.2928879310344828,0.44681286801665604,0.2125,proof
niah_mq_q4,3,b416550845091fa856ad9b2b4766f43c0c5543c090e1c7eb66aaef8cdc74bf85,356,423,0.2348352713178295,0.33270911856980534,0.20987654320987653,proof
niah_mq_q4,4,fcb909c04cc31c55ffa684176cd24ff8c53af8c29aa11a8b629d7343392464f8,350,419,0.23923679060665362,0.3285191912222096,0.189873417721519,proof
niah_mq_q4,5,a53f8cf2469405f8c9244471cebf734741cc006f3fc7e33afa588b7d72e7968e,953,407,0.07752780586450961,0.11228780471277003,0.5974025974025974,proof
niah_mq_q4,6,b158dc8a9700b9d25dbdc8cd22202e48a12868247edc8572512f09c41aa9d118,950,380,0.0691860465116279,0.08856766769276173,0.5921052631578947,proof
niah_mq_q4,7,6e5f6608835a557ea92b28e5698803143ab2340dd76c01384dac589289626daa,959,398,0.07362248696947134,0.0983832562739982,0.7088607594936709,proof
niah_mq_q4,8,26456f1ffcd76be3e77417e32ea1717402f87992ab1de616dd34a7c54446b0dc,956,374,0.09649234693877551,0.12373808881332835,0.6153846153846154,proof
niah_mq_q4,9,260cdf611538a249c17994fd8423b19ded7ff7dc6590260ee5d405c99412f407,956,383,0.076998001998002,0.1039968639708017,0.5641025641025641,proof
niah_mq_q4,10,8619da039900b6c30461fb9646cecae3c3dd0f35a01f565254aaab4bffa84629,959,398,0.07180616740088105,0.10050194570537019,0.5822784810126582,proof
niah_mq_q4,11,594fcdb762fc20acd54ac4821e22885ebc3511506871496b00e27367e07a8ec5,953,366,0.10190707350901526,0.1365567141116773,0.6363636363636364,proof
niah_mq_q4,12,ffbff685351e4cd2682bc99d24cbf707a906aff65524efe3a69890eec4d4b1e9,353,373,0.23396317829457364,0.318952787697217,0.225,proof
niah_mq_q4,13,a7dbb8c4ef6ca989008e18472310a98b0695a295b92f16b668353ec4af5a238e,950,395,0.0796210268948655,0.11224524838429026,0.5526315789473685,proof
niah_mq_q4,14,1254b4440a7f7d0213279dfbe1fa47a8e69900c5ed9796a4f2016dc9b27c0d3c,348,369,0.19665689930740546,0.27074167670882865,0.15384615384615385,proof
niah_mq_q4,15,1b86d7520f09594b46351d07e7474b833037294b22b5eac3e0f4f8585032037b,353,478,0.22003577817531306,0.285416528456056,0.225,proof
niah_mq_q4,16,2cdedac83ea3297ab5dd6de709dee77fe4f45cb19a11824c07311f6d077733b0,953,489,0.0997320692497939,0.1299660451107931,0.5324675324675324,original_signed_call
niah_mq_q4,17,5de4830bad1ba44d623ec9f214f4adf836d0c27f90afd02ae8d4320c3ebd3979,956,449,0.07833333333333332,0.11055964992629512,0.6666666666666666,proof
niah_mq_q4,18,f7bf913ded37769959d837fd632b8435acfeedfb430fe0a0902f7eda1cb45da9,350,399,0.26865781710914455,0.39447582440596285,0.21518987341772153,original_signed_call
niah_mq_q4,19,88f900fc912e0b6855b87d40664f315323fd43bdbb79f695732a6b914835347c,348,406,0.2353151862464183,0.34169745786242095,0.21794871794871795,proof
niah_mq_q4,20,49b5408ae0646b165dcce13877d2c3fdd25738ebcdade236a1ae65e73fe79857,953,388,0.06520156774916012,0.08287203386058864,0.5844155844155844,proof
niah_mq_q4,21,e624fcc80a533e8c62447a1131279976497c21c6be37f9c378eadd6af360974c,956,387,0.13224637681159424,0.18410942202550218,0.6410256410256411,original_signed_call
niah_mq_q4,22,983d3017f9321e026cadf3a1b4c0064bc931e85706ce04d52a144eb7f1cd94bf,950,378,0.06445908460471568,0.09158434210099023,0.6578947368421053,proof
niah_mq_q4,23,8eb1378b8950b1cb05244c010f088cea01bd3fe09c3f3378e37af6e1e46ec8f3,348,427,0.18395316804407713,0.23119656643733025,0.20512820512820512,original_signed_call
niah_mq_q4,24,5eeb27145edb36c647a46b78db2da11feeda4164a16657a2b671780c75651273,956,414,0.08419037199124726,0.11102080957802932,0.5897435897435898,proof
niah_mq_q4,25,2deaef541b0c02718dca70c8eaa86a2fee0b941d6f104dec649f8b952dd61126,947,387,0.07381070366699702,0.09838406200696985,0.6,proof
niah_mq_q4,26,55a4e1af05325b7d7429a0cac6d5d1ed7ff667b14b814ef9afdf90a48616630f,959,394,0.09126506024096384,0.13477108179262892,0.569620253164557,proof
niah_mq_q4,27,09390a92b2ada165884746aa41c2760494ebfda55e8a202f571a55723bb71c3c,953,361,0.11488247317322434,0.1579993277793726,0.6363636363636364,original_signed_call
niah_mq_q4,28,3562afd3e2ff09933b258b0ae7dadffee86dc77ff5c5c158e004985a29af5621,959,385,0.07564069707842132,0.10441857665356044,0.6075949367088608,proof
niah_mq_q4,29,e8379d9f855801ea06ed2ab850767319f0865ae20f58624bde659fc2d52fd517,344,397,0.16212814645308926,0.20608507969552997,0.16883116883116883,original_signed_call
niah_mq_q4,30,07694688a1bcb70adb9f526124cab39dba17623b5e91616a19898146244a7c84,356,405,0.18561269146608317,0.23897394838436498,0.19753086419753085,proof
niah_mq_q4,31,f2cb1925b3580354da592583a617c8c68a9e08bb0ea39effe349b987e5f2edd2,962,433,0.08520573903627504,0.12077928012932937,0.5875,proof
niah_mq_q4,32,323cae375b617c04ed5d8737f73b3b5e460d5334f06dd17fce366db848116a1d,350,370,0.25096717467760843,0.37589160246446135,0.21518987341772153,proof
niah_mq_q4,33,4377a0cc72eb554d5a2bddc15ac111be56e7c0dceee2debd7794e5ee6112c4d4,950,517,0.07592491838955387,0.09907213810011425,0.5789473684210527,proof
niah_mq_q4,34,4e371d278fc5ce2d54f4429beefbc77bb3609cd9b85645c7562b186b947e3468,956,436,0.05681286549707602,0.07096384562292679,0.6153846153846154,proof
niah_mq_q4,35,87e6ab42dc9895131cd01459b994b884036ce11b8281a5d620e1d822e21896e7,356,427,0.2994482173174872,0.463820515564873,0.24691358024691357,original_signed_call
niah_mq_q4,36,5cd84dfc649bb2791cd0f63bb6b1b9f7b7e2bac4ba2f8eb2b8a56b4394d6d0f3,947,443,0.1186259143155695,0.15460922629707402,0.6133333333333333,original_signed_call
niah_mq_q4,37,d2ff66f4d632399aac1057ae8ad1de715f9274dd1d7ca229a146d5e6ba4b968d,956,383,0.07506009615384616,0.11212382689487202,0.6025641025641025,proof
niah_mq_q4,38,acd6b8c6c8aa71e1e1919b4381daffe56001248beffc4915341f9a25782fcce6,347,347,0.23210498409331923,0.3341083211972024,0.24358974358974358,original_signed_call
niah_mq_q4,39,ce443bc25c78bfd45d439b393f5316e50ac369b58fe87cfdba0b2b2cb47a64d5,348,384,0.19681008902077152,0.26312566945989435,0.21794871794871795,proof
niah_mq_q4,40,ea05cadf9efb489f034d74c7bafc2b86d2027bd701af42c193778c8a52519e58,956,403,0.08208727070594775,0.11220089168471678,0.5769230769230769,proof
niah_mq_q4,41,c4428ad8101360f0874c628d07e50447ffd295f5a41886e96f14e9311ad36d96,965,319,0.1029776373359261,0.1363219640048921,0.5802469135802469,proof
niah_mq_q4,42,f8cc1deda2658b7022bf3e3ee8ea8dcea838824d2f829575915b6606c30c03b7,350,512,0.24871721778791334,0.34495772384506596,0.20253164556962025,original_signed_call
niah_mq_q4,43,aedca96cd903c6f4a867cfb4b507bb51e8d6aa8911666834573ea9956171176c,345,407,0.2639057750759878,0.3664142056667482,0.19480519480519481,original_signed_call
niah_mq_q4,44,a147da369ff9038806eee5dafa3d73936ca76793d6e44ac45107c0b69fcbc2f4,953,437,0.11822478991596638,0.17741922320778208,0.5974025974025974,original_signed_call
niah_mq_q4,45,8e5bff4441f06eea724b383dff9a0e7e01b2549915311f573c15fd668968ed20,953,456,0.0844730941704036,0.10889843914464821,0.5844155844155844,proof
niah_mq_q4,46,4fc4fa3be7a0a8725c5427a877ad18bceb232efc0a7a1e7302b6dad915b927f9,956,402,0.0927887405687754,0.12445000833184842,0.5897435897435898,proof
niah_mq_q4,47,605e04d3c5093307af363d70ef1a87b6333f41f2c2f74f1092545ef52fce7754,953,458,0.07152744050509956,0.10053078342277341,0.6103896103896104,proof
niah_mq_q4,48,d0341a476110044e18539fb544bcd86843822ddba82665178c4c7ab5b5070e04,959,440,0.1253398058252427,0.18347193734389675,0.6455696202531646,original_signed_call
niah_mq_q4,49,02ef1087d8eeaf952634bc3b1eb12c769f143bb16546fe5cfefc17cafe02525a,359,365,0.19237513283740704,0.26238064017414814,0.2073170731707317,original_signed_call
niah_mq_q4,50,4d4837dd385478906acd5739687f38130be2e829be90720c38123bb61954626c,956,312,0.07183479155944415,0.09494656040637872,0.5769230769230769,proof
niah_mq_q4,51,bc90e9755acb3abdba57f541b6c27862aba92a5ab15cbfd6dcd7859c59f71b2f,956,377,0.08015672396359959,0.10971627497760317,0.5641025641025641,proof
niah_mq_q4,52,f436f231ccb7d176c13dee471008e01aa2add276873644ad0c15d6fffe7baf65,356,407,0.16555555555555557,0.21646700981497,0.20987654320987653,proof
niah_mq_q4,53,639a8bc9f70b7a21c049fee233235ffb21f8f7270c66e478ff8861ff62742b15,347,380,0.2845027624309392,0.42034452799351313,0.24358974358974358,original_signed_call
niah_mq_q4,54,8e612dd6bb943c2ae89e6857c8846782cfe946e062c83f0c10d85b9cf8209ab1,351,389,0.22749204665959702,0.30290622642119225,0.21518987341772153,original_signed_call
niah_mq_q4,55,44d587deaeda51a3395943454970d7aa519e253d5a3748ddb10bfee1c53cd24d,959,405,0.05897953688745289,0.08506863039028352,0.5822784810126582,proof
niah_mq_q4,56,bfe6f5757a7fb37e84a14ad0a481fc856225dd0afe44ca854026c399531d77e3,353,373,0.2182289267618609,0.29056071526580196,0.2125,proof
niah_mq_q4,57,0c8ca14eb463f3adb74427b2c49e3f88d23d73640a77296e9b37c29cf7ccdbb8,950,404,0.08441011235955057,0.11990695082253955,0.5657894736842105,proof
niah_mq_q4,58,3bb5ec530b619d2b3e1f9756296ac2c40a45a17a21e39937713ff2d11033bb24,962,372,0.05694050991501416,0.07701846486223411,0.7,proof
niah_mq_q4,59,b839cce63911a469625da538d5c3268d676972c036cbea619b3ec37f71db4287,959,497,0.08931818181818181,0.11397331637795824,0.5949367088607594,proof
niah_mq_q4,60,3f2c6ce48233588ce1f5b2013921a981bb28a29f4cbc3ceca2665f3b15fbc415,959,324,0.08166991236611491,0.11302549341312776,0.569620253164557,proof
niah_mq_q4,61,837a6e9b84ec24704addc8ab0620ba3704c968dcf76fc90d70d1b36030e966ca,959,336,0.097447484123107,0.13417964744802932,0.5949367088607594,proof
niah_mq_q4,62,92bbe4805aa4b844a591cb5d8f24292f60a602e1004e426b346248022012d266,956,385,0.09722222222222225,0.1259122213830289,0.5769230769230769,original_signed_call
niah_mq_q4,63,4a299b68bf0f34c9cae141afd5d7fb923852939c5aebaea27e69e0b3e97d34fc,959,366,0.10441542288557212,0.13498737597760116,0.6455696202531646,original_signed_call
niah_mq_q4,64,c58b69ea954a05998df2601698e9907b507a665d536390e82b54382f2081ef59,959,399,0.06668526785714286,0.08919213517127596,0.5822784810126582,proof
niah_mq_q4,65,510687d24a1336dd755b3d36d99df0c216226000bbdaf8fc9c7509a5a54c63bd,347,398,0.21259811616954477,0.2927795050493048,0.21794871794871795,original_signed_call
niah_mq_q4,66,7657d2389b1c7836c78c434a7fccea2c333536dc6c3cabb6596c66e48f4a7557,959,392,0.0735729112610275,0.10944975753375985,0.569620253164557,proof
niah_mq_q4,67,b1d6d42bc16bc1b4cf7acbd44e11522cca1f5c82a30c3cb9c9a4ea03a13c06fa,962,400,0.07863436123348018,0.10881278198627087,0.575,proof
niah_mq_q4,68,11bd2fd9d37a6e29187830121f074045d0e9757bb61e3caf74b192afbe8c1f1d,350,456,0.21589422028353328,0.3029663378325556,0.21518987341772153,proof
niah_mq_q4,69,86d53ae85c4ebe982d7a572e606e70a4a971145c5c1f9da3158076173bc6e239,959,376,0.06771676300578036,0.0993207772474091,0.6075949367088608,proof
niah_mq_q4,70,f3d75b1b629ff2b13f74c7d79ca4505cc68825f5b16561fa81437423d430756c,354,401,0.2717871485943776,0.39972105929586005,0.2375,proof
niah_mq_q4,71,fc9711ce109272bea943cf505f76ca08c9771396b7f755f17b2fbd005bd6f6b2,956,380,0.0986144578313253,0.13175052544862864,0.6282051282051282,proof
niah_mq_q4,72,bc6a307f2e4e7536884b7412569403165d9f9c27e36a11ec223e69234e393e06,959,381,0.0930066079295154,0.13116866777465036,0.620253164556962,proof
niah_mq_q4,73,9aafba9db80fc072822afad7c2456395efa00f2ddbe5f1f406990d11d4550a82,956,405,0.06406455862977602,0.08684686220475624,0.6538461538461539,proof
niah_mq_q4,74,1192f3838113ec74c017ad724037b47be23d00049ec01a72b6bf2ead12429fab,953,373,0.09016245487364623,0.12775344527015103,0.5324675324675324,proof
niah_mq_q4,75,23eac630b0b4ccaa1fadd949c2e5f34e65beb134fa27777275517cebe6b73c43,959,342,0.07486522911051213,0.10881100879459515,0.6835443037974683,proof
niah_mq_q4,76,571df759ada5941fc04b4b4561b96d803bbd9e0e7f00bf60779af1732d9a2bc7,959,405,0.07753819615574176,0.10655033848989477,0.5569620253164557,proof
niah_mq_q4,77,bee479de666758718a85613ee554ba7bd7bfd0fbb7706c5cc479e832e2139930,968,396,0.10805984555984556,0.15326352884893168,0.5853658536585366,proof
niah_mq_q4,78,7d13c4bda1aaa8a7d348afe67e18b63f8065b51facd84c3252d3b9094b5e5f60,956,404,0.06946517412935324,0.09946667581558952,0.5512820512820513,proof
niah_mq_q4,79,2ec9af951bf7b4ee9accf5205ef18f1a700af998f8ea994f4e72552b3ab968e9,962,413,0.07792079207920792,0.1101416109980323,0.6,proof
niah_mq_q4,80,b3060491d623542ade8549276bb00d972f1ac5449055d1285ed42b98e077dd1d,353,593,0.23001126126126126,0.33722645842783683,0.15,proof
niah_mq_q4,81,5cc82dad7b9df2f0ab32b1142986dc9f1ef8ed1df1f108ef4edc26ef545645df,962,369,0.08892794376098419,0.12133579008557269,0.575,proof
niah_mq_q4,82,a04ee5001bf7afe5a8d136bb93550585c749b8811ffe3fd08b90c59745714f11,962,375,0.09468787515006002,0.12351489899899062,0.6375,proof
niah_mq_q4,83,400799d0533e738f0e72f24d1bdb19a27ff4d2529c58ee20d5eb8d571b7a2d61,344,393,0.22712121212121214,0.3136286285001707,0.19480519480519481,proof
niah_mq_q4,84,141483aa8fb746bc127c14c9f60a61f294dbd9e8c218607d8dacf1d645b79f1c,956,456,0.09182795698924731,0.1290909874950714,0.5769230769230769,proof
niah_mq_q4,85,d6e4e47a0fdfabd1fbc4f7e066cd1f8ff0c546e15c67fce6e07ae556a7df7394,953,386,0.07126937984496125,0.0966977965950457,0.5584415584415584,proof
niah_mq_q4,86,8d6a478bd9b38e0d68d7c26ec0fadd07bfddf97240c96067f6470e7dfb624329,953,442,0.073287841191067,0.10633591108272374,0.5974025974025974,proof
niah_mq_q4,87,c1698ff740c5bdc894d8ed1af11c29750eb9f81374146cb5a58d85f29cb926e8,959,355,0.08250834260289211,0.10361555292692781,0.5569620253164557,proof
niah_mq_q4,88,46ff7010072a4cf7cf05155c9ba02e39d805cc59dadaef3b5771a729dbd96058,959,375,0.07623239436619719,0.10391011019499592,0.620253164556962,proof
niah_mq_q4,89,45ba0b14dcfae6881a96b32930e6c1d99d6a82f47d10de6885a74dcb18458a75,956,449,0.08281404549950544,0.10402957447453202,0.5897435897435898,proof
niah_mq_q4,90,6ac6a5177d66f4783fc0633f67f68de49932d19f4b6772f2551be44c108c31b0,950,366,0.07267866458007302,0.09434332760328057,0.5921052631578947,proof
niah_mq_q4,91,4c8fcdfb79d75b998a046dcf27b76645c5eedf8c8120054b6ef84e7db2a813b0,968,336,0.09943487621097954,0.13377642675114093,0.6341463414634146,proof
niah_mq_q4,92,e47ed6635456a7c32149a0ee0e7e605b1a20b94fdff77ae7a84a4d52bd0b5ac8,956,455,0.0653765690376569,0.08506267305575999,0.6025641025641025,proof
niah_mq_q4,93,579d5ffdc5e21ecea447f2f6574a25f2ff8c29178b502bf17b5823e99687a156,962,368,0.06418918918918919,0.07738472847579833,0.6125,proof
niah_mq_q4,94,07f112e1ed4caa19282ca3b31d7625831a3f561a232dd4abad1dd00d44b04d32,357,510,0.30903171007927516,0.4745340708759872,0.19753086419753085,original_signed_call
niah_mq_q4,95,e21dcec00345c60c50f4c41ceb824874f21430a913716d5aadc7ce0ac6de6cad,341,380,0.2516862170087976,0.3699503053207063,0.23684210526315788,original_signed_call
niah_mq_q4,96,b0fead45705b271096d242ca7bf3915c15468e18dd904aa31c009964f14a3d2d,359,433,0.2239329268292683,0.3202684651788544,0.1951219512195122,proof
niah_mq_q4,97,c983f0254eafec214a763e8fa9031547fcc5ad5e2b130d389f5dc309506ea163,368,454,0.2877154046997389,0.4152385900783916,0.2,original_signed_call
niah_mq_q4,98,d8d6b2be30b80459d553862f9383bc56c3061c0a3cddbcbcc26a27bb7275710f,965,393,0.07200346706290243,0.09282446753774438,0.6296296296296297,proof
niah_mq_q4,99,f00e374372f58eb90e4c0c8281ce1f97635bbaae07cace3e3c498174dee29d2d,959,374,0.13809523809523808,0.20969796617338732,0.6582278481012658,original_signed_call
niah_mq_q8,0,0e09006750203d183eea555e51c05f5e949cadf596f946f63fe02f6ed15c855a,387,642,0.3700935251798561,0.5337078285848074,0.12962962962962962,proof
niah_mq_q8,1,5f284b6eba422d1b7bbf8412fccdd5aff446d61babcefa9bfcaa626c7e6b3495,375,815,0.3908010118043845,0.5460758726943757,0.11392405063291139,original_signed_call
niah_mq_q8,2,1d9e3b322cc4b8938cb0c4645d204f374583399e5c9ad7b2e3fd4cc8d7936428,366,717,0.3887810667411338,0.5678562018807318,0.11612903225806452,proof
niah_mq_q8,3,000a13b29ed91c312e1195d8723a444a1a3c0d79edfe3fd8ecfe5aea32f5ab5d,381,622,0.4319729286300246,0.6467579956660614,0.1125,original_signed_call
niah_mq_q8,4,843b5e8e1a22fdb97e3da502fe6dbb0c693897d6a42ec6b12db422b03457f780,375,764,0.34828954570333875,0.5006478798335691,0.10126582278481013,original_signed_call
niah_mq_q8,5,e04ddb6ef0293cc01163e0d85c49347ed910a1b1391de569c7e432044c895e9e,375,646,0.34704106280193237,0.4921693396852822,0.10126582278481013,original_signed_call
niah_mq_q8,6,3544ad9e03271d7c473a489cc3be66a5930a3bb37dd442fa9dffd2ec7fda33c8,381,639,0.3871212121212121,0.560937641511823,0.1125,proof
niah_mq_q8,7,4c36b3006f4d7edd38f2f99ada0d2895c42d65557b07916616ee8ad9ad487191,378,627,0.4058263020075648,0.5989995098040842,0.11949685534591195,proof
niah_mq_q8,8,381ef9a55def033ce2c1081b64728f659258eb2446b307d51ff026585fc18c12,381,685,0.3586141533277169,0.5093508246971166,0.125,proof
niah_mq_q8,9,cb6797a942a692af230bb680f7c9c66fea3b2e230ae87e89029a523b70ce787a,968,641,0.1287835926449788,0.1742027162348554,0.34868421052631576,proof
niah_mq_q8,10,7e88dcdd32f356b70e5d8fab6198f0513b3c0529c52953e0767837efa679e072,381,858,0.36255219206680583,0.5285062792747961,0.1125,proof
niah_mq_q8,11,5b5dbe887b10a7bb6bc37c61fbce434c15011d7a64c4eb9132751047f0118d41,378,790,0.3797383720930233,0.5464683293377106,0.13836477987421383,proof
niah_mq_q8,12,208db4a327f33b5a0033325bee6e5d3f8e37e83e59ef0f4cbaf0d5cacafd105b,372,669,0.39394392257329913,0.5969358116830727,0.1464968152866242,original_signed_call
niah_mq_q8,13,863384ab541324d5e90a25edf9f2be5df6794f7442d420d2526674ef1e5e581d,381,742,0.43586894990093394,0.6558196409011233,0.13125,original_signed_call
niah_mq_q8,14,d8b0ad9a30689bb690e96126d0a04e476cdf7d7ff566bd2d7693ccab5eb351c7,971,780,0.13315384615384615,0.17139969424319823,0.3137254901960784,proof
niah_mq_q8,15,a907dc95bdc04a940e432f1e4fbf2421d454c92d445caf64993aab9d2f9480e5,974,773,0.13386408404464872,0.19288249130907822,0.2987012987012987,proof
niah_mq_q8,16,de9442908807eadf0114bd67c5a4b78b5c01243d99053ea8c70e0ab5f8dc7ffe,369,783,0.3082943241661791,0.42479952438388013,0.1346153846153846,proof
niah_mq_q8,17,b13056275387f468df2161b27291a3e806050647016b3b32cbdf326635c17d7b,381,626,0.41723648850403106,0.6202644065338648,0.125,original_signed_call
niah_mq_q8,18,f328f73a56b2aa0ac07e5a16a0b33fe0c82f267af0bb03a1a2a1e5133b9d3f25,381,528,0.3973318938926589,0.5799356983645352,0.125,original_signed_call
niah_mq_q8,19,23b81439f7056519d95a114a70d58f0fa63bfff4e0cdfeddc77cddc0794364b9,384,751,0.41298104537622055,0.6141496120903136,0.13043478260869565,original_signed_call
niah_mq_q8,20,b04e8fd0113f3a38650d92761916553695f9d83e50d3721e5154d673c0c5945b,372,726,0.43352689486552565,0.6403817408686171,0.14012738853503184,proof
niah_mq_q8,21,d6727ae6426c7a82a1498c3bb8b5c697fd3bd0d6df1e398c1d08e13cd444fcc0,372,513,0.3789007092198582,0.5568082330539029,0.11464968152866242,original_signed_call
niah_mq_q8,22,64d291e33c89ead931ee1c40157d513d19b46a244e3b0b208a568190925577e2,369,726,0.41915089008194417,0.624773508065061,0.1282051282051282,original_signed_call
niah_mq_q8,23,fb72c0126f04fa654d40540df4dc16113394beac54e36b593e27fdafa9ea0afd,369,850,0.3381152460984394,0.46615344928503866,0.14102564102564102,proof
niah_mq_q8,24,efe9fd153a73a62cfbace20130ebde104fd8b35e3814f67db76b3289bd300131,373,832,0.3594404548174745,0.5160541731589421,0.12738853503184713,proof
niah_mq_q8,25,cd5bf8efc636bc7020a613042e847c9c5149889fd1dbc83f7ccce78e048d1cb0,378,503,0.3597549909255898,0.5105004814585613,0.12578616352201258,original_signed_call
niah_mq_q8,26,df6ff28ae30049ccc58241020bfdc2bfa289c97d07865675143f008f78624450,369,664,0.40018175809649703,0.5746975027565946,0.12179487179487179,proof
niah_mq_q8,27,dbceb4960eb5b6fe410d96930a3503aeb29f57992d3183b47ae60c99a2f501f1,378,644,0.3974663151728179,0.5839661876768013,0.11320754716981132,original_signed_call
niah_mq_q8,28,2623f86d3dd458a64ff4cd83a157aee4ffa027e00be54fbf9850f657b3aeff29,378,742,0.40128865979381445,0.5903237018314246,0.11949685534591195,proof
niah_mq_q8,29,8f1a746c0949c165a41baa50284193015fa3f3210bcdf68a4656f71abb3a93ae,372,442,0.36675330148918234,0.5287894007239684,0.11464968152866242,original_signed_call
niah_mq_q8,30,2dc4fac01142f87ca8a1591e52b22ec623512d42bea796a1533a962c792ef4e6,387,701,0.4197106325706595,0.6181600065883358,0.13580246913580246,original_signed_call
niah_mq_q8,31,edac60386a20273eab6693ac7aa1defe83e1e544a917871fcba95c81314bca6e,375,514,0.372291608195341,0.52991940205759,0.10759493670886076,proof
niah_mq_q8,32,2d0c8f43cf8756b7e7bb9c898d93d31385500d63588d9992f1108d4fd52d9e88,396,773,0.36207964601769904,0.5263082229349474,0.10909090909090909,original_signed_call
niah_mq_q8,33,47856dd9ae18cb5cda5df73c063ac9311eba91959c64313111d3271d2acc332e,366,625,0.40551584835301424,0.5885794956165367,0.0967741935483871,proof
niah_mq_q8,34,d3907125c6472fb125bc58c8ec254e238be7a6ef11e9c8c390837d1ac6454b36,396,625,0.42514885382554335,0.6167652478404494,0.1393939393939394,proof
niah_mq_q8,35,f2f0785009d4dd213c29668771c5be362fa850fa2a961e6f24895e03c233c579,372,723,0.4572951739618407,0.6914435708091382,0.1337579617834395,original_signed_call
niah_mq_q8,36,176cacf4028f92623e2f8e11622c29dfa51f364a1db5dda6eed5d6e06bf32e1a,369,717,0.35025282569898875,0.5032263996520441,0.10256410256410256,original_signed_call
niah_mq_q8,37,23020ac9a6a24d29cf87332c7acbedb01f3f9e8d67767a77c65874967cae9ed3,367,715,0.3918126094570928,0.56594118657938,0.11612903225806452,proof
niah_mq_q8,38,8c031b3164bcd8dc914a9a2e1092227ada8ca5898673262a66989459c4c088b4,381,642,0.3355917159763313,0.47633723958951035,0.11875,proof
niah_mq_q8,39,78869c3e3cf9d9e21ec5a94a644a1a4cc639aa8fc380774e1dd2f42ea1648f8e,375,684,0.4281687125321153,0.6354366461688021,0.13291139240506328,proof
niah_mq_q8,40,7a4b4e9dce40ea19a6c469ea47f67624377ff1325d8f228d2c2d6aa908c4c843,384,678,0.4257156619873384,0.6267183777624032,0.13043478260869565,original_signed_call
niah_mq_q8,41,8dbbd0d883b130aae71ab1ef4d4bda0a1083c0d0285a7d2d38ad5850415f8681,358,647,0.353788312804354,0.506022696827048,0.125,original_signed_call
niah_mq_q8,42,27553918f8e6af054a053fa83c91d2f8518378c5afe40574587858b6f6db6b75,378,613,0.39152881169010206,0.5737368431998451,0.1320754716981132,proof
niah_mq_q8,43,a40fe1b195139e0e0856fa857f3bb69e88c81a5919d251649b03d896d073a867,977,808,0.14126932989690721,0.17902728769583076,0.3225806451612903,original_signed_call
niah_mq_q8,44,2274d9f6955bf74503108a49c34383b09a58fb088e7227a5f342b1e892fd53d6,384,756,0.3795748749632245,0.5434847120887932,0.11180124223602485,original_signed_call
niah_mq_q8,45,23508087b8f1c8936a50161c87f3b0345634488ef258a3b3fa6c4a3695072cc3,369,672,0.37020316027088035,0.5419147279468808,0.12179487179487179,original_signed_call
niah_mq_q8,46,d00f8f85dcbe619998a59c1db7a8438741836f066f98819e8c87e702b054d326,372,653,0.44020544360115166,0.6617166814799031,0.12101910828025478,original_signed_call
niah_mq_q8,47,817af7860ae0dabcc982652ec15bc7f487738c3d882806f834ea9be97f3ba13d,369,673,0.4239838613269574,0.6317593946604987,0.1282051282051282,original_signed_call
niah_mq_q8,48,f1268b6f17e88c53dc6696ddf3dd7df5d4ec17fc35689c3be22caf60b550b5ca,381,695,0.4159038572251007,0.6194171022697438,0.11875,proof
niah_mq_q8,49,87f73ffa9b5b302c25f830d02d2547b447a4d09ff3c3c9d2459bb55b81a2f957,375,516,0.467748447204969,0.6470519350018515,0.0949367088607595,original_signed_call
niah_mq_q8,50,dba4286e6c27fbafaac218c538886cfe738e35215a7cde73a68c0ddf566c5c0d,375,657,0.39564095600217275,0.5824087619835189,0.12025316455696203,original_signed_call
niah_mq_q8,51,e17b496e5790d09acae507611805ba04b407c20ca587c7a2aa93cdd55b97296c,369,459,0.33541968162083935,0.46157253869621495,0.10897435897435898,original_signed_call
niah_mq_q8,52,29fd519ccfeba78f97d0de7aeec16c6679c544cfd63a49bf394ce2fea09e8058,379,672,0.387524111325434,0.5590578643281661,0.13836477987421383,proof
niah_mq_q8,53,11958e476c9959518d062614f2fa50ae224a043dcf773d51368ffc361c80ac27,375,655,0.43149350649350654,0.6426465022271157,0.12025316455696203,original_signed_call
niah_mq_q8,54,d2cfb8b5ecbb872d1d08d218f79b457f24661aa8979e9411690a333d91d14054,390,755,0.39165700202957376,0.5602793530721067,0.12269938650306748,proof
niah_mq_q8,55,41fee1803def9f78c31289166063eb40ace8e140f8f4259200b1748221c0554f,381,652,0.41336104513064137,0.6081059611414841,0.11875,original_signed_call
niah_mq_q8,56,432faf0babc024847a0174eba814e4211b54c2dc7a4204501d73ee5467b38ebb,378,839,0.39409722222222215,0.5903683300439253,0.12578616352201258,proof
niah_mq_q8,57,f6dd3b02033a222d1c4c64fac8d622cca5b31d528ee4f5ca8e6bef6238a1bf34,363,759,0.3831677018633541,0.5555445788783855,0.11038961038961038,proof
niah_mq_q8,58,51b9f39c49a5f553adf35c97473aceff4827cd8ef7b68b1a8d048f4e78d514de,381,679,0.4075940482874789,0.5933007963654342,0.11875,original_signed_call
niah_mq_q8,59,c3a0b9a12efbcd565a501a5da0763ff4f59824bd4ffac4532a78cc5022d41368,360,817,0.40181580476467166,0.5952257432892789,0.12418300653594772,proof
niah_mq_q8,60,7cf34be6b64591370d620cf7a3f06fcd1b25cb18e9f0d40f67838a5b446d87ed,369,755,0.3227822007392665,0.44418794610245127,0.12179487179487179,proof
niah_mq_q8,61,16621356b3b9474337857268d1b737536877416dcfb467de0f81869db0eb9041,378,687,0.39428525434642625,0.5699570560172261,0.11320754716981132,proof
niah_mq_q8,62,d67e7724af1b6d79179e1608617712cd4596dff861f5d8fc0229888bb937e3b1,378,731,0.3871621621621622,0.5821715403473726,0.12578616352201258,original_signed_call
niah_mq_q8,63,c5f241e22939f2c1b2f5b68a30db99f0db33cd8c47ff58fba0ad6b1cf366fd42,396,812,0.3943044822256569,0.5742622762978641,0.1393939393939394,original_signed_call
niah_mq_q8,64,9799de84f094ff27e9c1d884c55396dbaae0b06d9296b63a7c6cafcdd8ad3e72,384,633,0.4052996042962126,0.5920325379809503,0.11801242236024845,original_signed_call
niah_mq_q8,65,589172203881b717e5d681417fc21905912133869e742dc76f903e3126cb6a42,378,720,0.3972638248847925,0.5855116292963689,0.1320754716981132,proof
niah_mq_q8,66,103e63735a935192b5bdd2a2c2fb4a998643b7ed03aa2303ca673cbd5b8304d6,384,745,0.3792296918767507,0.5502826146746763,0.12422360248447205,original_signed_call
niah_mq_q8,67,1cb9ed395b7173681cde5e68571709083cbdacc855e2802306a4ee88b758c689,372,553,0.39272307692307695,0.5843977251568226,0.12101910828025478,proof
niah_mq_q8,68,3daf601ae2fa474040c287e8c421926ff4a0dc877aa78077905fd454d233a2b6,381,511,0.3571594877764843,0.5112056120508658,0.10625,original_signed_call
niah_mq_q8,69,e36bf39017c3a15742a0caef84e506adbf21f245171445e3ae784504cf59f4de,381,814,0.3769305019305019,0.53178724125187,0.13125,original_signed_call
niah_mq_q8,70,47676777a41da2250204b11183340e67f4077063bbe741871f450ec339c1ad05,394,823,0.4030404443178582,0.5927566973916422,0.12195121951219512,proof
niah_mq_q8,71,fa44a562875cad3e153da46f8ba14160cb45f3b7b5d6c1bf69f61ece295aa29f,381,746,0.3864061709661103,0.5479755396985081,0.11875,original_signed_call
niah_mq_q8,72,76adc25728502b4243b1dcf12e3be3f5bea5a5f1b9c5c348a9a57ea59ab03523,384,674,0.3584021226415094,0.5031832152747363,0.13664596273291926,proof
niah_mq_q8,73,cdb12c35e5d8cf4eb47f0dea4f9c331fa2a12fa6795764f4f2680761bf11e9fb,372,768,0.32790628706998814,0.47390907647881403,0.10828025477707007,proof
niah_mq_q8,74,a405cc9b75140361b90e46b3fa2572534448eaf8399de0ec66ef4453dc35217f,971,672,0.148875,0.2058944014600128,0.3202614379084967,proof
niah_mq_q8,75,0f680e0648c3acf6579213e7b0147eafd6f7208b17958023cce093cd807a34f8,387,691,0.3902970571904497,0.5693647021224069,0.1419753086419753,original_signed_call
niah_mq_q8,76,cc0189a5714230ea1a1d07cd01d1c36b23ba026a752d195d4066d9d783c50764,375,772,0.3940782422293677,0.595520621857086,0.12025316455696203,original_signed_call
niah_mq_q8,77,22fd4788c81276277dc95722985392208611345bffadd0bc5f038efe2c81ed8d,378,796,0.37511890606420933,0.5380492034511398,0.1069182389937107,original_signed_call
niah_mq_q8,78,1bda07c4782456ad321666e3154bb54eaad2807140711f7ae09364ac1957f1d6,381,613,0.4186002178649238,0.6209324856056573,0.13125,proof
niah_mq_q8,79,bf99b04d7c3fa93d39df2a829fd9eaa1428ec838ef0e65fbf7e1c07d95565843,366,763,0.40467525195968646,0.5960972241154396,0.14193548387096774,original_signed_call
niah_mq_q8,80,dcec8511aee7ff9747b71fe306685b7d02236c20333026cdbed120cf31567817,384,536,0.37102988573102835,0.5255998034508579,0.11801242236024845,original_signed_call
niah_mq_q8,81,c24a8f7df3b4e5bf876171c3a2f33a2c5e8a94c4eb9ef8910f4ecc90bbf9c9cb,366,714,0.38229557931233754,0.5434342801016621,0.11612903225806452,proof
niah_mq_q8,82,9b15724cd3bcfe8aed902354b2f6a738ab83b59ca4f79ced3bd049ad86f6852e,384,653,0.38402346911248986,0.5369035741769,0.10559006211180125,proof
niah_mq_q8,83,ccadbb4bb1bcd4b3ea62843f5ae531db841fb72fd33a7144b6a3efc8c5d6320d,363,703,0.4162851627137341,0.6014771994442825,0.12337662337662338,proof
niah_mq_q8,84,cf8c6e65f4e8913d8944691c38f825693f916dbab54f2cfe13caa0600a775a0e,372,611,0.4260749868904039,0.6280721737215432,0.12101910828025478,original_signed_call
niah_mq_q8,85,d55ee687e0da49b888d7b6bcebe2c3aeec59d8fafe8d980c422cb35c25fff72f,381,614,0.4205026455026456,0.5963739677199122,0.125,proof
niah_mq_q8,86,e80846cabb79a5933418d20b8f7d27281ec320a5785093ae2e85f2cafb9dec0f,381,666,0.42944279346210995,0.64811499150739,0.1320754716981132,original_signed_call
niah_mq_q8,87,c073d2509c6baa04a4ca53c96d9113bcd1a7799007fce473056e8210b93d0c4e,372,760,0.41132786885245903,0.5996532636800067,0.10828025477707007,proof
niah_mq_q8,88,4416950098e5462991b754f2a9acb5fb5f17bb270ecf0aeb529b69e20e52e359,369,757,0.348993993993994,0.48603355469018145,0.09615384615384616,original_signed_call
niah_mq_q8,89,f0e94d474975e966f2ee2131c0787aa1eb70749cce29da4863f45ed98f4dd7e0,375,462,0.3616069039336366,0.523030266803505,0.10126582278481013,original_signed_call
niah_mq_q8,90,abd44e5144f6ac6815a4f1fb839ba7aec44a02a748a4177fcac92c6b05204051,387,682,0.3916963490650044,0.5806276755582451,0.13580246913580246,original_signed_call
niah_mq_q8,91,aaf2eb334da0a6805e271044f78475ea96ee09e59bc2fbd2d0c26f25ea0750fc,387,709,0.38782306163021874,0.5751253501649968,0.12345679012345678,proof
niah_mq_q8,92,91d65bdaa50c88cea2097959a861e0a0fffd39c1352e1c4a8660b4c861ccbc79,968,761,0.10378315132605305,0.13984996138270808,0.3157894736842105,proof
niah_mq_q8,93,7d57f2ba7b3593451a96915c0c14bbff7a90d0637368844f3b1fd38b5b6f0982,381,804,0.3763320941759603,0.5604109084367339,0.125,original_signed_call
niah_mq_q8,94,e7691f923dbe8ec29b8dbbf6fb0463c8bf45018983c386f8375313b3d068b349,369,482,0.3845146166574738,0.5449220172314974,0.09615384615384616,proof
niah_mq_q8,95,e35d7cc5d0403d654a9553b9b24d57fc47188f7abdb112d3d6a22c7c05b008bb,364,722,0.41989361702127653,0.6275269750616506,0.11688311688311688,original_signed_call
niah_mq_q8,96,3e10f551196e428c7350741c71d85a2cd1842cd19352042851e45ea7cacde6fe,375,773,0.3522887323943662,0.5032680281599171,0.0949367088607595,original_signed_call
niah_mq_q8,97,a0d012ee1d7aaf9626cd5d72910d526f5505ba6adb45e551e6be2ec8049a0ebb,384,746,0.46887096774193554,0.643887417775242,0.09316770186335403,proof
niah_mq_q8,98,ee68f9e4564870db775dc0bede36c8ee753a56c588c5a60959918c3c01583c60,360,663,0.4299846153846155,0.5700687510505164,0.08496732026143791,proof
niah_mq_q8,99,3c1df0a317208d33aab7afe1120d0bc5b57eaac35666a1ce48ccc315430eee2d,369,605,0.4057309941520468,0.6024979655470214,0.1346153846153846,original_signed_call
niah_mv_v2,0,12205550a55602986454aabeeba06be6f7c9e2c4056e05655bfe52af7d7a7931,958,237,0.03808641975308642,0.04896736219663913,0.9736842105263158,proof
niah_mv_v2,1,c27f23ca9620699b5e713a7228765fd3ab10c8574136146a6b9365478781dbed,958,238,0.052291242362525456,0.07395452460761179,0.9736842105263158,proof
niah_mv_v2,2,83b1e6ce4e99f1bb4557eb1a488bb1d8d4bc81e15ccdaa50cc65e0758a18b257,954,194,0.04977678571428572,0.07782083106320474,0.9722222222222222,proof
niah_mv_v2,3,54d7ec6e45d108a68aaaaa2fe2674738f413e39314bfbc57ece8a78be9e8c55f,958,274,0.04588974854932302,0.06962949763539539,0.9736842105263158,proof
niah_mv_v2,4,5db19bc930ff5978746516de6409e77af762b3e408f1374582c9d1bb632675c2,356,283,0.04279141104294478,0.08110163695055846,0.575,proof
niah_mv_v2,5,40451a1eb41341915f40b9889d2cc75a8568bd56d172e9fb8b195a2e7a6f9ecd,958,251,0.03248792270531401,0.0453344868520949,0.9736842105263158,proof
niah_mv_v2,6,ac61dec69bc8db2e551b088f6655b58dd194e8dec698976a4df2beea15bf9dc6,954,332,0.025,0.04339326883525112,0.9722222222222222,proof
niah_mv_v2,7,7a8554e20380859b0fefd40d815ccf6afc111c59488c44e3476ad3bfe887a87e,958,252,0.025,0.05107905952023033,1.0,proof
niah_mv_v2,8,7723c39d3e0f60b856952d133ce5d6faf95817be8ba46ee35d00baf227f7e589,360,280,0.04186046511627907,0.08598837730582196,0.47619047619047616,proof
niah_mv_v2,9,2be23c9d61cd97667d21a20cdfb006b0040121013d75dca59b269bf0a7af3b9d,352,239,0.04737762237762237,0.07241401475182378,0.5789473684210527,proof
niah_mv_v2,10,5e04823c6c5a91739f9f1d61f11bd1b49518eeae951aeda04e3378e7f65e3fa7,954,238,0.029358353510895885,0.04395058342723533,1.0,proof
niah_mv_v2,11,f83a80bc93ecc0b4d21078f1405ea856cb2bcfa174afad4cb49fbb8b75aecfd6,348,274,0.09478021978021978,0.13326403674171075,0.4722222222222222,proof
niah_mv_v2,12,831eb9ad03cfdec894ecbfbce04014b33f8691de4f20099d747aafb28a127a23,962,275,0.03192695214105794,0.050970526859586876,0.975,proof
niah_mv_v2,13,b4fdda7e5e77d357002f98344b16bbf48f07baacf3496e9324333ac67ed8607b,958,217,0.043534119629317615,0.06580617083734148,0.9736842105263158,proof
niah_mv_v2,14,720530dbfeb04434071ef968934922caf8bb32f378609eb8fbda9005cf37bdd5,954,188,0.026293103448275866,0.043558068892435395,0.9722222222222222,proof
niah_mv_v2,15,fa5a10c6b7272a94871cd40f2b588401774cc30402d272985ca42322bf75ab9b,352,269,0.06477272727272727,0.10952772897639443,0.47368421052631576,proof
niah_mv_v2,16,9f9ff83f0dd1a2bbe029d1e3c17c818c306ea439cb920ef89fecb6fdfac14b2d,958,232,0.025,0.04817893143552706,1.0,proof
niah_mv_v2,17,ab7695c261eead68669787a77f9d6d7a44c49c4155a629d8dc631d62afe08e7a,360,279,0.061842105263157886,0.09231766625189612,0.35714285714285715,proof
niah_mv_v2,18,ae80343343265f8054ccca2370052a2bad42151c7b568b31ed7e45ec3efee413,352,259,0.06696428571428571,0.09230419209382319,0.5263157894736842,proof
niah_mv_v2,19,714c3242df759a2390e829545672ebc39429c38f6e7e4b3f79fe6a1f9d5552dd,958,217,0.03292540792540792,0.047485986482186236,1.0,proof
niah_mv_v2,20,89f8c545dad0983d9306ab1c1f9b91178322c1a686b5332c1db5b6bf008d59cb,364,292,0.06697860962566846,0.11911430569009888,0.38636363636363635,proof
niah_mv_v2,21,3fc67d2e8d6a817c2ed5807cb0c1dad2af9268938ff1c4c5ef7785fb85d1be14,954,203,0.03564120054570259,0.05976617818469108,1.0,proof
niah_mv_v2,22,4ff5d0c7bb22e1c3bf1c0be2ea326b8925bb8cf0c343b2226eb5be996c0f6e7b,360,262,0.09545454545454546,0.13635828700166444,0.4523809523809524,proof
niah_mv_v2,23,4702ed4191c8fb9f072d45b086039bfacec5420db47142c1718da6d3d0a2faf4,360,240,0.14749163879598665,0.19519109705708595,0.5,proof
niah_mv_v2,24,5d784468d6f21d7cd464cb4e9cbe894991e2fdec7e5e7a6d661bde0c85d98f30,356,243,0.06672185430463576,0.09173636006057387,0.525,proof
niah_mv_v2,25,ae21fd60c334cbeca4e4f9155e6d096b811f6ae697ee2217300a3c70686bf236,352,250,0.048295454545454544,0.09409712762221445,0.5789473684210527,proof
niah_mv_v2,26,8633daf9345739e7f3ba1ee7b6e9ddacfbdac52dc3509e235d66b7630e9c6e01,958,327,0.03237577639751552,0.06041273866845277,0.868421052631579,proof
niah_mv_v2,27,3bcdf54f2b8abccc101cf501d2d6fb51ff106fd6be64eb1c1da1f8f70f196e2f,352,250,0.04322784810126583,0.08709733868243516,0.5263157894736842,proof
niah_mv_v2,28,7632edb0312151383338ed2f68a2b3573853632d7378ad6f1b4c60951bd8963f,356,215,0.08000459136822773,0.1012505174211179,0.45,proof
niah_mv_v2,29,a2fbe825c2b955a961b9ef3de2fddf471c77b6df1f6a9fb1fe6a0102641807ae,352,257,0.06796375266524521,0.12547520242590554,0.5789473684210527,proof
niah_mv_v2,30,688257034a310cf0ae5ec9f509d3bce38974983bfa78a7ba382841b6e16e1ed8,958,231,0.039224751066856335,0.053105119801298895,0.9736842105263158,proof
niah_mv_v2,31,a2be2892d780477adfdaf28a809e42bd6a9bea8a4a9825c3f90688423b812558,357,223,0.07495004995004995,0.09518312495317494,0.425,proof
niah_mv_v2,32,9548027e4187f21de25ff9590613f1d35a3aad4706ed0226f3dd67721b38de21,352,273,0.03735795454545454,0.07458615334264972,0.5526315789473685,proof
niah_mv_v2,33,f8141a8c34be9f0549e4a5e7e1cb24e3a75969b0d7bb06f63cc9a9c879cade53,356,267,0.08170103092783505,0.11515027449840423,0.45,proof
niah_mv_v2,34,3259ddee9d73ba7353c8fb00720c2879c507f1fb986b206b195560382151316d,348,241,0.09644194756554306,0.13138359854629553,0.5277777777777778,proof
niah_mv_v2,35,ca217c721fe2636894349c5c9690dfcbd32cfc51a4d32a57033557e0b6808ab7,958,190,0.038745704467353946,0.050269787307842054,0.9736842105263158,proof
niah_mv_v2,36,6d51653f2d713de71a7fa169ee24d1659c79e5bf3b1d043947ffc37458ecc9c5,360,261,0.07464973730297723,0.1290815882831326,0.5238095238095238,proof
niah_mv_v2,37,0a6e631f9226c6dffed613b357da034e7188058efc446903ad27b0fbc33e3732,958,234,0.03796296296296296,0.057875970511009865,1.0,proof
niah_mv_v2,38,0f1943946a06f0fb8684e384d1776ac6a8b06c5a01d39d6a83f17e44e5b6e16a,356,267,0.09312144212523718,0.12334150428669292,0.45,proof
niah_mv_v2,39,8bec4acb2b3ae042950b6ba365f9316904ff4642dc52e216f8a1201b2a1bae7b,958,233,0.04439328277356447,0.06812044101667565,0.9736842105263158,proof
niah_mv_v2,40,2a837b988945fc4bdb8f99c9e6fdb90475b034ba7dcaa47351a9e2ccb7b56b3c,356,237,0.059250000000000004,0.09292393934225145,0.575,proof
niah_mv_v2,41,50388c58761cbb40b165d942ff71641c3bb57d28d816ce9dfdd80fd2f46248c3,352,248,0.07575431034482757,0.09310899319355619,0.5,proof
niah_mv_v2,42,7d338728ee3ccafb56af7ef10f45e759072efad16a80f85ed39b2eabc6c1530b,958,238,0.050222551928783374,0.07183705466001099,0.9736842105263158,proof
niah_mv_v2,43,9bd23f62f976b26feae2694166dbfa7f368f4905cd7752df74356344c4fc7745,356,291,0.04317269076305221,0.10179003857350966,0.475,proof
niah_mv_v2,44,361a7367bdc5aa96ea87e4566c6467f49d0a6e7549a6289329d64b4e408888b5,352,250,0.06889204545454546,0.0964271065652069,0.5789473684210527,proof
niah_mv_v2,45,ceda288f3a0380b2bf6b2cf288d07d87ba73b8d739cf75595f6f95e4e77c87d7,958,253,0.04112200435729847,0.05855391755948601,1.0,proof
niah_mv_v2,46,59ab0c91b81845ba11b1bcfe73b5e31a1fbb40a0f59343ad514cb918e19e3d52,356,278,0.04013994910941476,0.07739306436953483,0.525,proof
niah_mv_v2,47,ba0140c462cb4b727f3fa5382e1742fe54bdf211d3d19d7f48cb88b7f67ac12d,356,296,0.053990228013029315,0.08374549969342349,0.5,proof
niah_mv_v2,48,4afc327ad65ceb60c49e00384dec585f08e66419c3b7015396af81be80747f2b,954,228,0.027249999999999996,0.05099893399509583,0.9722222222222222,proof
niah_mv_v2,49,22356abae3c3e9add1eef37ee190100f1a74d79500e2cc47df83f257874a0642,352,222,0.0679372197309417,0.09392416101590062,0.5,proof
niah_mv_v2,50,7ccb4aa15b7c89d215b4345607adadd821bc2c325ff0a557a0754696e9c12b22,962,292,0.05635593220338984,0.08285764376053235,0.975,proof
niah_mv_v2,51,9e81795be081f00f8868bc43bb961e7590d06664f56b57ccde92770933ef7743,958,290,0.029647160068846812,0.0675732011342261,0.9210526315789473,proof
niah_mv_v2,52,00aad55418692bb6f263e9f95725c4dc5cdc1661773639d50b0247c2b194e1d7,958,216,0.041579634464751956,0.059671040557268594,0.9473684210526315,proof
niah_mv_v2,53,aacfa80287374ed99debcb8692cd290c5fffabd6f0a0db8cfc84048634cd8fc1,356,275,0.07008840864440077,0.09831522438804982,0.5,proof
niah_mv_v2,54,233efa3ce2f563874ca5325184b861637d55b8afe5f7d4cec253f10e6672b08f,954,290,0.025,0.03846817112587514,1.0,proof
niah_mv_v2,55,b1d21da74892d4a9e2c7b5d6eabe5e564d8700789ad82a123993ab961c15625f,958,302,0.025,0.04687524284520851,1.0,proof
niah_mv_v2,56,fbfdb20bba4e34384b96a75ebc73899bf2f229c7dd29bcab1eaa0f9a994301c8,356,291,0.06578624078624078,0.09365072528287392,0.5,proof
niah_mv_v2,57,18a7f3687979f6e3a4b21a803bcd16784d922aae6eeb7915b58365f54b6f9843,958,271,0.025,0.04886506193935991,0.9736842105263158,proof
niah_mv_v2,58,7cad7c4742367ef616917ef1f161d69db39ce6787adb2413df1765715e4f847d,958,198,0.04489528795811518,0.06305306857124049,0.9736842105263158,proof
niah_mv_v2,59,28ceb952aeb60e926f9f44b99d82e6e2db263dcf7c30755ccea9fd04638e9e3a,958,245,0.05798429319371727,0.09170233236777703,0.9473684210526315,proof
niah_mv_v2,60,5ec2a0f70e031d0858af73455d66293307b458b17b076dd0f3110a19f5966a2a,352,251,0.05588235294117647,0.07945845495891331,0.5789473684210527,proof
niah_mv_v2,61,da3241b316ac890aabd693aaefca4cb09e4fd0f4aeaf32cb66be50d4174f925c,958,225,0.025,0.043843434311171804,1.0,proof
niah_mv_v2,62,0be839ed1f4f2ca3f9fac4618a70d194af47989b35ae0b9517abe3d24ced0430,958,318,0.04485871271585558,0.06526469239732789,0.9736842105263158,proof
niah_mv_v2,63,6c22337a11d0fa78e25173460dfc9ca9eaf4b2c97aa5f2507d62b0ecebe64a99,954,212,0.027423469387755105,0.05364976963351982,0.9722222222222222,proof
niah_mv_v2,64,ca4f7e7be5026a9a9d65681ff3496cd9ba82533d7a9529af84280aa718a90dcd,958,246,0.025,0.046109675198780786,1.0,proof
niah_mv_v2,65,8173c46df27e89647918eec740c0f619cd8a84a3a0d0ea11ebf180920f1c3952,958,269,0.03927184466019418,0.05399296020698383,1.0,proof
niah_mv_v2,66,0bbff250efa1e56a1a68c8af52a1c3b5043708d79d3dcd7b5ed109316cbd531a,958,241,0.025,0.05259861226714566,0.9210526315789473,proof
niah_mv_v2,67,945d10e83e34443cf5026f8705925e3387bf1f7a7e9fc34e37ba0c190a776a22,954,214,0.03292580101180438,0.045207334235346675,0.9722222222222222,proof
niah_mv_v2,68,e7ec9ba881735b2558308f854205df993c4db6cf0792b4d5e899ea416c95889a,958,228,0.03905508072174738,0.06695813003086244,0.9736842105263158,proof
niah_mv_v2,69,0c6e9ae97fa76303f9419c5f17ed3f74ab59dc8f23f4c95510211736d2b1e45d,360,268,0.065894901144641,0.10975810815158975,0.5238095238095238,proof
niah_mv_v2,70,6905b9984daf64030df1402ca4b4dc8310356f3bfe7a899ca5e57892c749799c,958,257,0.04456087824351298,0.0666355609996373,0.9736842105263158,proof
niah_mv_v2,71,b228ea7d473f6c509ca86f6671685556755bad50b7961daaffc582120813d46d,958,213,0.04379815100154083,0.060206897896558406,1.0,proof
niah_mv_v2,72,b8976af7d6ab3731f072a0d1b28b5d003289465f2c24870dae856e2700f3e515,360,293,0.06691176470588237,0.1303445856781164,0.4523809523809524,proof
niah_mv_v2,73,9a08c782ea2e0f005d06f700362a895108fa053096f2a6ec41d5b9f6855ddbd9,364,295,0.050401606425702815,0.10694263151347165,0.4772727272727273,proof
niah_mv_v2,74,559318ec795897c1ec07e5175f79b35338e70a0495f9479c9cc55ba857caca71,352,197,0.05659235668789808,0.08740872559988869,0.631578947368421,proof
niah_mv_v2,75,e0379b39f5e55cbc3fee9338b1d1aa79e9372950b9150daaf9556923de001711,348,287,0.08917582417582418,0.1035436712276659,0.5,proof
niah_mv_v2,76,36ab8db263151b6220a3bbbf8179f70d413be78a89cbfd91e5fe721048525edd,352,232,0.04318181818181819,0.08079289444636983,0.5789473684210527,proof
niah_mv_v2,77,164c11357b4da14116ba7bdaeca565126e28d309dfb6f0977b908789eb3f8835,962,239,0.03991803278688525,0.06282645129352396,0.975,proof
niah_mv_v2,78,8cf3d611a6db1350d3df10c7b1123dfab366dda735e636eb8f12a52c4f286c08,352,251,0.09112339930151339,0.11375678177383138,0.5263157894736842,proof
niah_mv_v2,79,5987719a5f027941b929e22791c3dfaa9a89f3b49f966c3e3b0d5e1729e0983b,360,209,0.06916342412451362,0.11281450263049994,0.4523809523809524,proof
niah_mv_v2,80,32f711d485971c447b98c1776be145fef27e12e589dc8d548fdc0b1ad187bf78,958,224,0.02725653206650831,0.058690365129087006,1.0,proof
niah_mv_v2,81,0f165314b200f2f8af7a5fa6a0edd5ec56e87e04e5b73f532722f6cacc82e555,958,252,0.0365929203539823,0.08589806810901168,0.9736842105263158,proof
niah_mv_v2,82,f41b6995bcdab4dd8df73f7c462ba327933e8e44ab5d3e286b71dca73d85b931,958,241,0.048809523809523817,0.07276840057601215,1.0,proof
niah_mv_v2,83,76201fc7ad8926467d3bfecbb74d1c98360820c9938ad8003ec8e0e132f1d666,958,282,0.02530674846625767,0.03941701472519007,1.0,proof
niah_mv_v2,84,f6aae916fef3bed78db4047e19a3a3a487acbd775d9f712a065e73cc29d772ed,376,311,0.07563131313131315,0.1309203052418857,0.34,proof
niah_mv_v2,85,95e0f61fb6f67e90aa183e624c66feca35d7d0fe0303a729e2e678c433863465,356,260,0.03906685236768802,0.08381439151228787,0.525,proof
niah_mv_v2,86,b87c5473d8a3a84536b6513721ed87cd9e88c7629e5ce43bbc2745ef7be25b54,958,291,0.025,0.04052681350631576,0.9736842105263158,proof
niah_mv_v2,87,da3c9538c0832d2a98a8abe0e3a3b47e409b37b02e126af96511345d3bbfe6a2,360,285,0.075,0.10557078744059825,0.4523809523809524,proof
niah_mv_v2,88,002e90689174f70e8497bfb8683589a337f939a2873550acfcdefac4f9dfc301,356,287,0.09513986013986013,0.14372895995181614,0.34210526315789475,proof
niah_mv_v2,89,f21cbd6deb1818ee8edd78ef807f93b7b66c1ac39725b94bc8b77aefad3229c8,958,265,0.03295454545454546,0.05768739786382012,0.9736842105263158,proof
niah_mv_v2,90,0decc329abe5c499f5d5b058083051d265a3a98c21c717eedde6adb995e09d71,958,321,0.052160493827160495,0.08133096836726714,0.9473684210526315,proof
niah_mv_v2,91,1e6faf9f4e34cc45240c98ca83c557b2cdb7a82cce36f517d439e3f10237bd60,360,303,0.09691011235955056,0.12501618329216405,0.4523809523809524,proof
niah_mv_v2,92,2e52b5d898a3d45315cbd4f44d450cd7dcb537f307daee03e701e8173a6889a9,356,279,0.03988888888888888,0.08526207251108076,0.525,proof
niah_mv_v2,93,20e36ece51481732979af0a05c54002a70d031c776e2037277975f18bc67f24a,352,266,0.06368360277136258,0.08973489394035694,0.5526315789473685,proof
niah_mv_v2,94,e2844d7c845b6c4b2134896cc2f1a6ec6574623c6d2c87cf66570b4a525a65c0,958,224,0.07685512367491168,0.09831352497370882,0.9473684210526315,original_signed_call
niah_mv_v2,95,e1907950792665b5efbdf3be78d968143950b565c9b5ac2c666a7e9feae45829,954,230,0.03190140845070423,0.05868930040557826,1.0,proof
niah_mv_v2,96,57dbfd1d7d808b1c72ea861d9b0f0967ed40151e27f159d384b3ac0676c4d1d5,958,255,0.0329476861167002,0.056846962381608614,1.0,proof
niah_mv_v2,97,af3f16ea8977c530791ed05251fb96c304cbd5dca23b6b7c0def6f0753acd6e6,360,256,0.12620593692022264,0.16401526422201468,0.47619047619047616,proof
niah_mv_v2,98,9bb10df49bdf4de6040b1e5d06e1cf91dd41f4448f83192bc513c7a58253edda,958,241,0.04009216589861751,0.05181286895118621,0.9736842105263158,proof
niah_mv_v2,99,71ec3d5c6531e46b3134354387d8577f4926c68e83e2772dacc1b87b3ec7e974,958,229,0.04468658178256611,0.07265207399329125,0.9473684210526315,proof
