dataset,method,aggregation,view,budget_unit,fraction,n,precision,recall,f1,exact_match,complete_support,token_recall,fact_recall_ceiling,spent_tokens,unused_tokens,selected_sentences,empty_selection,ceiling,budget,recall_tie_low,recall_tie_high
hotpotqa_long,AttnLRP,native_positive_normalized,native_sentence,all_body_tokens,0.05,48,0.5885416666666666,0.3697916666666667,0.4295138888888889,0.020833333333333332,0.0625,0.3591378526411457,0.65625,43.395833333333336,22.125,1.3333333333333333,0.1875,,,,
hotpotqa_long,AttnLRP,native_positive_normalized,native_sentence,all_body_tokens,0.1,48,0.6587301587301586,0.7274305555555555,0.6542989417989418,0.125,0.4166666666666667,0.7280368292789747,0.9305555555555555,110.04166666666667,20.520833333333332,3.0833333333333335,0.0,,,,
hotpotqa_long,AttnLRP,native_positive_normalized,native_sentence,all_body_tokens,0.2,48,0.4263806216931217,0.9027777777777777,0.5570034132534133,0.041666666666666664,0.75,0.9033869084988112,1.0,234.89583333333334,25.625,6.166666666666667,0.0,,,,
hotpotqa_long,AttnLRP,native_positive_normalized,native_sentence,sentences,2,48,0.75,0.5989583333333334,0.654861111111111,0.1875,0.1875,0.6000267056594909,0.829861111111111,74.85416666666667,0.0,2.0,0.0,,,,
hotpotqa_long,AttnLRP,native_positive_normalized,native_sentence,sentences,4,48,0.546875,0.8524305555555555,0.6545138888888888,0.041666666666666664,0.6041666666666666,0.8549511858036446,1.0,157.375,0.0,4.0,0.0,,,,
hotpotqa_long,AttnLRP,native_positive_normalized,native_sentence,sentences,8,48,0.3072916666666667,0.9496527777777778,0.45776515151515146,0.0,0.875,0.9407585444771701,1.0,316.8958333333333,0.0,8.0,0.0,,,,
hotpotqa_long,AttnLRP,signed_sum,native_sentence,all_body_tokens,0.05,48,0.609375,0.3802083333333333,0.44340277777777776,0.020833333333333332,0.0625,0.3703926419131764,0.65625,43.0625,22.458333333333332,1.3333333333333333,0.1875,,,,
hotpotqa_long,AttnLRP,signed_sum,native_sentence,all_body_tokens,0.1,48,0.6614583333333334,0.7482638888888888,0.6630952380952381,0.125,0.4583333333333333,0.7438860081899513,0.9305555555555555,112.60416666666667,17.958333333333332,3.1666666666666665,0.0,,,,
hotpotqa_long,AttnLRP,signed_sum,native_sentence,all_body_tokens,0.2,48,0.41791952260702253,0.9288194444444443,0.5557669182669183,0.020833333333333332,0.8125,0.9330669623385289,1.0,236.16666666666666,24.354166666666668,6.395833333333333,0.0,,,,
hotpotqa_long,AttnLRP,signed_sum,native_sentence,sentences,2,48,0.7604166666666666,0.609375,0.6652777777777777,0.20833333333333334,0.20833333333333334,0.6139894716169376,0.829861111111111,74.72916666666667,0.0,2.0,0.0,,,,
hotpotqa_long,AttnLRP,signed_sum,native_sentence,sentences,4,48,0.5572916666666666,0.8732638888888888,0.6684027777777777,0.041666666666666664,0.6458333333333334,0.8742743101240505,1.0,151.77083333333334,0.0,4.0,0.0,,,,
hotpotqa_long,AttnLRP,signed_sum,native_sentence,sentences,8,48,0.3151041666666667,0.9774305555555557,0.46988636363636366,0.0,0.9375,0.9808309837092732,1.0,305.6458333333333,0.0,8.0,0.0,,,,
hotpotqa_long,CLP,native_positive_normalized,native_sentence,all_body_tokens,0.05,48,0.24652777777777776,0.13020833333333334,0.16111111111111112,0.0,0.0,0.15361119340866106,0.65625,43.208333333333336,22.3125,1.2083333333333333,0.1875,,,,
hotpotqa_long,CLP,native_positive_normalized,native_sentence,all_body_tokens,0.1,48,0.3996527777777777,0.4322916666666667,0.38705357142857144,0.0,0.08333333333333333,0.47385473693678265,0.9305555555555555,112.70833333333333,17.854166666666668,3.0833333333333335,0.0,,,,
hotpotqa_long,CLP,native_positive_normalized,native_sentence,all_body_tokens,0.2,48,0.3127517736892737,0.7135416666666666,0.4195083851333851,0.0,0.4166666666666667,0.7484580396226,1.0,231.95833333333334,28.5625,6.4375,0.0,,,,
hotpotqa_long,CLP,native_positive_normalized,native_sentence,sentences,2,48,0.3541666666666667,0.2864583333333333,0.3111111111111111,0.041666666666666664,0.041666666666666664,0.3388150301872221,0.829861111111111,80.8125,0.0,2.0,0.0,,,,
hotpotqa_long,CLP,native_positive_normalized,native_sentence,sentences,4,48,0.359375,0.5694444444444444,0.43303571428571425,0.0,0.1875,0.6250405810749032,1.0,154.02083333333334,0.0,4.0,0.0,,,,
hotpotqa_long,CLP,native_positive_normalized,native_sentence,sentences,8,48,0.25,0.7760416666666666,0.3729166666666666,0.0,0.4791666666666667,0.8078761710948769,1.0,318.6458333333333,0.0,8.0,0.0,,,,
hotpotqa_long,CLP,signed_sum,native_sentence,all_body_tokens,0.05,48,0.2586805555555555,0.15277777777777776,0.17777777777777778,0.0,0.0,0.17061243744465618,0.65625,45.4375,20.083333333333332,1.3333333333333333,0.14583333333333334,,,,
hotpotqa_long,CLP,signed_sum,native_sentence,all_body_tokens,0.1,48,0.3649801587301587,0.4288194444444444,0.3669477513227513,0.0,0.0625,0.450715767227714,0.9305555555555555,111.45833333333333,19.104166666666668,3.375,0.0,,,,
hotpotqa_long,CLP,signed_sum,native_sentence,all_body_tokens,0.2,48,0.2597049523761985,0.7395833333333334,0.370600453253317,0.0,0.4375,0.7486664038778295,1.0,243.58333333333334,16.9375,8.458333333333334,0.0,,,,
hotpotqa_long,CLP,signed_sum,native_sentence,sentences,2,48,0.34375,0.2760416666666667,0.30069444444444443,0.020833333333333332,0.020833333333333332,0.31997449981358067,0.829861111111111,74.16666666666667,0.0,2.0,0.0,,,,
hotpotqa_long,CLP,signed_sum,native_sentence,sentences,4,48,0.3489583333333333,0.5451388888888888,0.4176587301587302,0.0,0.16666666666666666,0.5805156463447699,1.0,140.45833333333334,0.0,4.0,0.0,,,,
hotpotqa_long,CLP,signed_sum,native_sentence,sentences,8,48,0.2421875,0.7482638888888888,0.3607954545454546,0.0,0.4583333333333333,0.7434112936118895,1.0,245.29166666666666,0.0,8.0,0.0,,,,
hotpotqa_long,DT,signed_sum,native_sentence,all_body_tokens,0.05,48,0.626736111111111,0.3993055555555555,0.45868055555555554,0.041666666666666664,0.10416666666666667,0.4003997720264445,0.65625,43.895833333333336,21.625,1.3958333333333333,0.16666666666666666,,,,
hotpotqa_long,DT,signed_sum,native_sentence,all_body_tokens,0.1,48,0.6052083333333333,0.720486111111111,0.619130291005291,0.0625,0.3958333333333333,0.7091215424129181,0.9305555555555555,111.72916666666667,18.833333333333332,3.375,0.0,,,,
hotpotqa_long,DT,signed_sum,native_sentence,all_body_tokens,0.2,48,0.3849941316853081,0.861111111111111,0.5120101694114852,0.020833333333333332,0.6666666666666666,0.8512561197422682,1.0,232.4375,28.083333333333332,6.625,0.0,,,,
hotpotqa_long,DT,signed_sum,native_sentence,sentences,2,48,0.7395833333333334,0.5885416666666666,0.6444444444444445,0.1875,0.1875,0.6101626498763659,0.829861111111111,73.45833333333333,0.0,2.0,0.0,,,,
hotpotqa_long,DT,signed_sum,native_sentence,sentences,4,48,0.5208333333333334,0.8246527777777777,0.6277281746031745,0.0,0.5625,0.811583111416296,1.0,144.125,0.0,4.0,0.0,,,,
hotpotqa_long,DT,signed_sum,native_sentence,sentences,8,48,0.28125,0.8784722222222222,0.42032828282828283,0.0,0.7083333333333334,0.8679178662559884,1.0,306.5625,0.0,8.0,0.0,,,,
hotpotqa_long,FT_K1,signed_sum,native_sentence,all_body_tokens,0.05,48,0.6666666666666666,0.40625,0.48194444444444445,0.10416666666666667,0.125,0.4033250619438971,0.65625,41.520833333333336,24.0,1.2291666666666667,0.1875,,,,
hotpotqa_long,FT_K1,signed_sum,native_sentence,all_body_tokens,0.1,48,0.6749999999999999,0.6753472222222222,0.6386078042328043,0.10416666666666667,0.3333333333333333,0.6919022209043532,0.9305555555555555,105.25,25.3125,2.7916666666666665,0.0,,,,
hotpotqa_long,FT_K1,signed_sum,native_sentence,all_body_tokens,0.2,48,0.4341931216931217,0.8541666666666666,0.5495400432900434,0.020833333333333332,0.6458333333333334,0.8595489868125488,1.0,229.66666666666666,30.854166666666668,5.729166666666667,0.0,,,,
hotpotqa_long,FT_K1,signed_sum,native_sentence,sentences,2,48,0.7708333333333334,0.6267361111111112,0.6798611111111111,0.2708333333333333,0.2708333333333333,0.6526622897597552,0.829861111111111,80.60416666666667,0.0,2.0,0.0,,,,
hotpotqa_long,FT_K1,signed_sum,native_sentence,sentences,4,48,0.4895833333333333,0.7760416666666666,0.5900297619047619,0.020833333333333332,0.4791666666666667,0.7833338853146717,1.0,173.97916666666666,0.0,4.0,0.0,,,,
hotpotqa_long,FT_K1,signed_sum,native_sentence,sentences,8,48,0.2890625,0.907986111111111,0.4325126262626262,0.0,0.75,0.912690467313881,1.0,326.125,0.0,8.0,0.0,,,,
hotpotqa_long,FT_K3,signed_sum,native_sentence,all_body_tokens,0.05,48,0.6458333333333334,0.3854166666666667,0.461111111111111,0.08333333333333333,0.10416666666666667,0.3896464839957409,0.65625,40.604166666666664,24.916666666666668,1.1875,0.20833333333333334,,,,
hotpotqa_long,FT_K3,signed_sum,native_sentence,all_body_tokens,0.1,48,0.6739583333333333,0.6666666666666666,0.6329365079365079,0.10416666666666667,0.3125,0.6852468327531785,0.9305555555555555,105.39583333333333,25.166666666666668,2.7708333333333335,0.0,,,,
hotpotqa_long,FT_K3,signed_sum,native_sentence,all_body_tokens,0.2,48,0.44044312169312166,0.861111111111111,0.5567325036075036,0.020833333333333332,0.6666666666666666,0.8635881024588072,1.0,229.39583333333334,31.125,5.708333333333333,0.0,,,,
hotpotqa_long,FT_K3,signed_sum,native_sentence,sentences,2,48,0.75,0.6059027777777778,0.6590277777777778,0.22916666666666666,0.22916666666666666,0.6347575478966799,0.829861111111111,82.83333333333333,0.0,2.0,0.0,,,,
hotpotqa_long,FT_K3,signed_sum,native_sentence,sentences,4,48,0.4895833333333333,0.7760416666666666,0.5900297619047619,0.020833333333333332,0.4791666666666667,0.7833338853146717,1.0,174.35416666666666,0.0,4.0,0.0,,,,
hotpotqa_long,FT_K3,signed_sum,native_sentence,sentences,8,48,0.2890625,0.907986111111111,0.4325126262626262,0.0,0.75,0.912690467313881,1.0,325.8541666666667,0.0,8.0,0.0,,,,
hotpotqa_long,IFR,native_positive_normalized,native_sentence,all_body_tokens,0.05,48,0.6631944444444445,0.4288194444444444,0.49355158730158727,0.125,0.14583333333333334,0.41511102690127916,0.65625,42.9375,22.583333333333332,1.3333333333333333,0.1875,,,,
hotpotqa_long,IFR,native_positive_normalized,native_sentence,all_body_tokens,0.1,48,0.6840277777777777,0.767361111111111,0.6870205026455025,0.10416666666666667,0.5,0.7771252890646476,0.9305555555555555,110.02083333333333,20.541666666666668,3.0833333333333335,0.0,,,,
hotpotqa_long,IFR,native_positive_normalized,native_sentence,all_body_tokens,0.2,48,0.42173445767195766,0.9184027777777777,0.5556471306471307,0.0,0.7708333333333334,0.9289326173133605,1.0,239.08333333333334,21.4375,6.229166666666667,0.0,,,,
hotpotqa_long,IFR,native_positive_normalized,native_sentence,sentences,2,48,0.8125,0.6614583333333334,0.7173611111111112,0.3125,0.3125,0.6692923864462242,0.829861111111111,76.16666666666667,0.0,2.0,0.0,,,,
hotpotqa_long,IFR,native_positive_normalized,native_sentence,sentences,4,48,0.5416666666666666,0.8524305555555555,0.6510416666666666,0.020833333333333332,0.6041666666666666,0.8578709508818255,1.0,157.0625,0.0,4.0,0.0,,,,
hotpotqa_long,IFR,native_positive_normalized,native_sentence,sentences,8,48,0.3098958333333333,0.9670138888888888,0.4629419191919191,0.0,0.8958333333333334,0.9714458653077482,1.0,319.4791666666667,0.0,8.0,0.0,,,,
hotpotqa_long,IFR,signed_sum,native_sentence,all_body_tokens,0.05,48,0.6840277777777778,0.43576388888888884,0.503968253968254,0.125,0.14583333333333334,0.419765282220428,0.65625,43.458333333333336,22.0625,1.3541666666666667,0.16666666666666666,,,,
hotpotqa_long,IFR,signed_sum,native_sentence,all_body_tokens,0.1,48,0.6788194444444443,0.7586805555555555,0.6798776455026454,0.14583333333333334,0.5,0.759873713239657,0.9305555555555555,109.64583333333333,20.916666666666668,3.0833333333333335,0.0,,,,
hotpotqa_long,IFR,signed_sum,native_sentence,all_body_tokens,0.2,48,0.4196511243386243,0.9184027777777777,0.5536630036630037,0.0,0.7708333333333334,0.9289326173133605,1.0,237.33333333333334,23.1875,6.25,0.0,,,,
hotpotqa_long,IFR,signed_sum,native_sentence,sentences,2,48,0.8229166666666666,0.671875,0.7277777777777779,0.3333333333333333,0.3333333333333333,0.6800948555820266,0.829861111111111,76.14583333333333,0.0,2.0,0.0,,,,
hotpotqa_long,IFR,signed_sum,native_sentence,sentences,4,48,0.5416666666666666,0.8524305555555555,0.6510416666666666,0.020833333333333332,0.6041666666666666,0.8578709508818255,1.0,156.91666666666666,0.0,4.0,0.0,,,,
hotpotqa_long,IFR,signed_sum,native_sentence,sentences,8,48,0.3098958333333333,0.9670138888888888,0.4629419191919191,0.0,0.8958333333333334,0.9714458653077482,1.0,318.9583333333333,0.0,8.0,0.0,,,,
hotpotqa_long,Perturbation,native_positive_normalized,native_sentence,all_body_tokens,0.05,48,0.2881944444444444,0.13368055555555555,0.1729166666666667,0.0,0.0,0.15423213586405135,0.65625,45.25,20.270833333333332,1.2291666666666667,0.14583333333333334,,,,
hotpotqa_long,Perturbation,native_positive_normalized,native_sentence,all_body_tokens,0.1,48,0.34791666666666665,0.37847222222222215,0.33761574074074074,0.0,0.0625,0.4074107203206154,0.9305555555555555,109.66666666666667,20.895833333333332,3.125,0.0,,,,
hotpotqa_long,Perturbation,native_positive_normalized,native_sentence,all_body_tokens,0.2,48,0.2989411800073564,0.6979166666666666,0.40335262325393906,0.0,0.3958333333333333,0.7232625080797156,1.0,239.29166666666666,21.229166666666668,6.666666666666667,0.0,,,,
hotpotqa_long,Perturbation,native_positive_normalized,native_sentence,sentences,2,48,0.3333333333333333,0.2569444444444444,0.28472222222222227,0.041666666666666664,0.041666666666666664,0.30379624213265227,0.829861111111111,82.3125,0.0,2.0,0.0,,,,
hotpotqa_long,Perturbation,native_positive_normalized,native_sentence,sentences,4,48,0.328125,0.515625,0.3936011904761905,0.0,0.1875,0.55254102380218,1.0,151.5625,0.0,4.0,0.0,,,,
hotpotqa_long,Perturbation,native_positive_normalized,native_sentence,sentences,8,48,0.2630208333333333,0.8107638888888888,0.39160353535353537,0.0,0.5625,0.8236552362867088,1.0,303.25,0.0,8.0,0.0,,,,
hotpotqa_long,Perturbation,signed_sum,native_sentence,all_body_tokens,0.05,48,0.18402777777777776,0.08680555555555554,0.11319444444444444,0.0,0.0,0.09556845983374092,0.65625,42.395833333333336,23.125,1.1666666666666667,0.20833333333333334,,,,
hotpotqa_long,Perturbation,signed_sum,native_sentence,all_body_tokens,0.1,48,0.3385416666666667,0.375,0.3318287037037037,0.0,0.08333333333333333,0.4058077858805918,0.9305555555555555,108.77083333333333,21.791666666666668,2.9375,0.0,,,,
hotpotqa_long,Perturbation,signed_sum,native_sentence,all_body_tokens,0.2,48,0.26081724987974986,0.5972222222222222,0.3495577679401209,0.0,0.2916666666666667,0.6050653001421926,1.0,235.29166666666666,25.229166666666668,6.375,0.0,,,,
hotpotqa_long,Perturbation,signed_sum,native_sentence,sentences,2,48,0.28125,0.21875,0.24166666666666667,0.020833333333333332,0.020833333333333332,0.26250419055020613,0.829861111111111,83.375,0.0,2.0,0.0,,,,
hotpotqa_long,Perturbation,signed_sum,native_sentence,sentences,4,48,0.3072916666666667,0.48090277777777773,0.36830357142857145,0.0,0.16666666666666666,0.5120582312870375,1.0,158.77083333333334,0.0,4.0,0.0,,,,
hotpotqa_long,Perturbation,signed_sum,native_sentence,sentences,8,48,0.21354166666666666,0.6475694444444444,0.3164772727272727,0.0,0.3333333333333333,0.6541939421839311,1.0,299.875,0.0,8.0,0.0,,,,
hotpotqa_long,REAGENT,native_positive_normalized,native_sentence,all_body_tokens,0.05,48,0.2673611111111111,0.11631944444444443,0.15416666666666667,0.0,0.0,0.13905191629735555,0.65625,44.541666666666664,20.979166666666668,1.2291666666666667,0.16666666666666666,,,,
hotpotqa_long,REAGENT,native_positive_normalized,native_sentence,all_body_tokens,0.1,48,0.3371527777777777,0.3611111111111111,0.3215443121693122,0.0,0.0625,0.39883310897429464,0.9305555555555555,112.41666666666667,18.145833333333332,3.125,0.0,,,,
hotpotqa_long,REAGENT,native_positive_normalized,native_sentence,all_body_tokens,0.2,48,0.2736314033189033,0.6336805555555556,0.3693428439751969,0.0,0.3541666666666667,0.6448082231040156,1.0,234.91666666666666,25.604166666666668,6.541666666666667,0.0,,,,
hotpotqa_long,REAGENT,native_positive_normalized,native_sentence,sentences,2,48,0.2916666666666667,0.2222222222222222,0.24722222222222223,0.041666666666666664,0.041666666666666664,0.27539136163988387,0.829861111111111,83.04166666666667,0.0,2.0,0.0,,,,
hotpotqa_long,REAGENT,native_positive_normalized,native_sentence,sentences,4,48,0.2864583333333333,0.453125,0.34449404761904767,0.0,0.14583333333333334,0.4802472008109837,1.0,150.16666666666666,0.0,4.0,0.0,,,,
hotpotqa_long,REAGENT,native_positive_normalized,native_sentence,sentences,8,48,0.24479166666666666,0.7638888888888888,0.3659090909090909,0.0,0.5,0.775193342905505,1.0,307.7708333333333,0.0,8.0,0.0,,,,
hotpotqa_long,REAGENT,signed_sum,native_sentence,all_body_tokens,0.05,48,0.16319444444444445,0.08159722222222222,0.10486111111111111,0.0,0.0,0.08995048230565102,0.65625,43.333333333333336,22.1875,1.2291666666666667,0.1875,,,,
hotpotqa_long,REAGENT,signed_sum,native_sentence,all_body_tokens,0.1,48,0.32395833333333335,0.34722222222222215,0.3130787037037037,0.020833333333333332,0.10416666666666667,0.38048102119950505,0.9305555555555555,106.64583333333333,23.916666666666668,3.0416666666666665,0.0,,,,
hotpotqa_long,REAGENT,signed_sum,native_sentence,all_body_tokens,0.2,48,0.23247564322931968,0.560763888888889,0.315191363217679,0.0,0.25,0.5647052546877583,1.0,241.41666666666666,19.104166666666668,6.958333333333333,0.0,,,,
hotpotqa_long,REAGENT,signed_sum,native_sentence,sentences,2,48,0.28125,0.2222222222222222,0.24375,0.041666666666666664,0.041666666666666664,0.26228713124849273,0.829861111111111,80.14583333333333,0.0,2.0,0.0,,,,
hotpotqa_long,REAGENT,signed_sum,native_sentence,sentences,4,48,0.2760416666666667,0.4375,0.3328373015873016,0.0,0.14583333333333334,0.4712193654543337,1.0,151.58333333333334,0.0,4.0,0.0,,,,
hotpotqa_long,REAGENT,signed_sum,native_sentence,sentences,8,48,0.20052083333333334,0.6163194444444444,0.29842171717171717,0.0,0.2916666666666667,0.6197630822972622,1.0,289.2916666666667,0.0,8.0,0.0,,,,
vt_h10_c1,AttnLRP,native_positive_normalized,density,eligible_body_tokens,0.05,100,1.0,0.16537378248954515,,,,,,,,,,0.16537378248954515,17.0,0.16537378248954515,0.16537378248954515
vt_h10_c1,AttnLRP,native_positive_normalized,density,eligible_body_tokens,0.1,100,1.0,0.3260639836955653,,,,,,,,,,0.3260639836955653,33.53,0.3260639836955653,0.3260639836955653
vt_h10_c1,AttnLRP,native_positive_normalized,density,eligible_body_tokens,0.2,100,1.0,0.6471371001796151,,,,,,,,,,0.6471371001796151,66.54,0.6471371001796151,0.6471371001796151
vt_h10_c1,AttnLRP,native_positive_normalized,raw,eligible_body_tokens,0.05,100,1.0,0.16537378248954515,,,,,,,,,,0.16537378248954515,17.0,0.16537378248954515,0.16537378248954515
vt_h10_c1,AttnLRP,native_positive_normalized,raw,eligible_body_tokens,0.1,100,1.0,0.3260639836955653,,,,,,,,,,0.3260639836955653,33.53,0.3260639836955653,0.3260639836955653
vt_h10_c1,AttnLRP,native_positive_normalized,raw,eligible_body_tokens,0.2,100,0.9559573451131835,0.6186065560692664,,,,,,,,,,0.6471371001796151,66.54,0.6186065560692664,0.6186065560692664
vt_h10_c1,AttnLRP,signed_sum,density,eligible_body_tokens,0.05,100,1.0,0.16537378248954515,,,,,,,,,,0.16537378248954515,17.0,0.16537378248954515,0.16537378248954515
vt_h10_c1,AttnLRP,signed_sum,density,eligible_body_tokens,0.1,100,1.0,0.3260639836955653,,,,,,,,,,0.3260639836955653,33.53,0.3260639836955653,0.3260639836955653
vt_h10_c1,AttnLRP,signed_sum,density,eligible_body_tokens,0.2,100,1.0,0.6471371001796151,,,,,,,,,,0.6471371001796151,66.54,0.6471371001796151,0.6471371001796151
vt_h10_c1,AttnLRP,signed_sum,raw,eligible_body_tokens,0.05,100,1.0,0.16537378248954515,,,,,,,,,,0.16537378248954515,17.0,0.16537378248954515,0.16537378248954515
vt_h10_c1,AttnLRP,signed_sum,raw,eligible_body_tokens,0.1,100,1.0,0.3260639836955653,,,,,,,,,,0.3260639836955653,33.53,0.3260639836955653,0.3260639836955653
vt_h10_c1,AttnLRP,signed_sum,raw,eligible_body_tokens,0.2,100,0.9559573451131835,0.6186065560692664,,,,,,,,,,0.6471371001796151,66.54,0.6186065560692664,0.6186065560692664
vt_h10_c1,CLP,native_positive_normalized,density,eligible_body_tokens,0.05,100,0.5529411764705882,0.09148107932318171,,,,,,,,,,0.16537378248954515,17.0,0.09148107932318171,0.09148107932318171
vt_h10_c1,CLP,native_positive_normalized,density,eligible_body_tokens,0.1,100,0.4051336898395721,0.13212670438551263,,,,,,,,,,0.3260639836955653,33.53,0.13212670438551263,0.13212670438551263
vt_h10_c1,CLP,native_positive_normalized,density,eligible_body_tokens,0.2,100,0.4156196148013532,0.2689020569746415,,,,,,,,,,0.6471371001796151,66.54,0.2689020569746415,0.2689020569746415
vt_h10_c1,CLP,native_positive_normalized,raw,eligible_body_tokens,0.05,100,0.5758823529411764,0.09520435301144758,,,,,,,,,,0.16537378248954515,17.0,0.0002830188679245283,0.16338585481373497
vt_h10_c1,CLP,native_positive_normalized,raw,eligible_body_tokens,0.1,100,0.41287878787878785,0.13466944581598994,,,,,,,,,,0.3260639836955653,33.53,0.10843098722757281,0.1824208041248828
vt_h10_c1,CLP,native_positive_normalized,raw,eligible_body_tokens,0.2,100,0.42056520155291,0.2720821866632934,,,,,,,,,,0.6471371001796151,66.54,0.18973993841445666,0.3602457698228295
vt_h10_c1,CLP,signed_sum,density,eligible_body_tokens,0.05,100,0.5547058823529412,0.09175769760284437,,,,,,,,,,0.16537378248954515,17.0,0.09175769760284437,0.09175769760284437
vt_h10_c1,CLP,signed_sum,density,eligible_body_tokens,0.1,100,0.39672905525846686,0.1293208779166029,,,,,,,,,,0.3260639836955653,33.53,0.1293208779166029,0.1293208779166029
vt_h10_c1,CLP,signed_sum,density,eligible_body_tokens,0.2,100,0.4201674003491387,0.2718827510001378,,,,,,,,,,0.6471371001796151,66.54,0.2718827510001378,0.2718827510001378
vt_h10_c1,CLP,signed_sum,raw,eligible_body_tokens,0.05,100,0.5788235294117646,0.0956770497224828,,,,,,,,,,0.16537378248954515,17.0,0.0002830188679245283,0.1650716616412058
vt_h10_c1,CLP,signed_sum,raw,eligible_body_tokens,0.1,100,0.4023529411764706,0.1311516581117102,,,,,,,,,,0.3260639836955653,33.53,0.1037155218640072,0.1851887006646463
vt_h10_c1,CLP,signed_sum,raw,eligible_body_tokens,0.2,100,0.42420403535592294,0.2744771404855014,,,,,,,,,,0.6471371001796151,66.54,0.19111670854569385,0.36162397921979583
vt_h10_c1,DT,signed_sum,density,eligible_body_tokens,0.05,100,1.0,0.16537378248954515,,,,,,,,,,0.16537378248954515,17.0,0.16537378248954515,0.16537378248954515
vt_h10_c1,DT,signed_sum,density,eligible_body_tokens,0.1,100,1.0,0.3260639836955653,,,,,,,,,,0.3260639836955653,33.53,0.3260639836955653,0.3260639836955653
vt_h10_c1,DT,signed_sum,density,eligible_body_tokens,0.2,100,1.0,0.6471371001796151,,,,,,,,,,0.6471371001796151,66.54,0.6471371001796151,0.6471371001796151
vt_h10_c1,DT,signed_sum,raw,eligible_body_tokens,0.05,100,1.0,0.16537378248954515,,,,,,,,,,0.16537378248954515,17.0,0.16537378248954515,0.16537378248954515
vt_h10_c1,DT,signed_sum,raw,eligible_body_tokens,0.1,100,1.0,0.3260639836955653,,,,,,,,,,0.3260639836955653,33.53,0.3260639836955653,0.3260639836955653
vt_h10_c1,DT,signed_sum,raw,eligible_body_tokens,0.2,100,0.9997014925373133,0.6469484209343321,,,,,,,,,,0.6471371001796151,66.54,0.6469484209343321,0.6469484209343321
vt_h10_c1,FT_K1,signed_sum,density,eligible_body_tokens,0.05,100,1.0,0.16537378248954515,,,,,,,,,,0.16537378248954515,17.0,0.16537378248954515,0.16537378248954515
vt_h10_c1,FT_K1,signed_sum,density,eligible_body_tokens,0.1,100,1.0,0.3260639836955653,,,,,,,,,,0.3260639836955653,33.53,0.3260639836955653,0.3260639836955653
vt_h10_c1,FT_K1,signed_sum,density,eligible_body_tokens,0.2,100,1.0,0.6471371001796151,,,,,,,,,,0.6471371001796151,66.54,0.6471371001796151,0.6471371001796151
vt_h10_c1,FT_K1,signed_sum,raw,eligible_body_tokens,0.05,100,1.0,0.16537378248954515,,,,,,,,,,0.16537378248954515,17.0,0.16537378248954515,0.16537378248954515
vt_h10_c1,FT_K1,signed_sum,raw,eligible_body_tokens,0.1,100,1.0,0.3260639836955653,,,,,,,,,,0.3260639836955653,33.53,0.3260639836955653,0.3260639836955653
vt_h10_c1,FT_K1,signed_sum,raw,eligible_body_tokens,0.2,100,0.999090909090909,0.6465419318152398,,,,,,,,,,0.6471371001796151,66.54,0.6465419318152398,0.6465419318152398
vt_h10_c1,FT_K3,signed_sum,density,eligible_body_tokens,0.05,100,1.0,0.16537378248954515,,,,,,,,,,0.16537378248954515,17.0,0.16537378248954515,0.16537378248954515
vt_h10_c1,FT_K3,signed_sum,density,eligible_body_tokens,0.1,100,1.0,0.3260639836955653,,,,,,,,,,0.3260639836955653,33.53,0.3260639836955653,0.3260639836955653
vt_h10_c1,FT_K3,signed_sum,density,eligible_body_tokens,0.2,100,1.0,0.6471371001796151,,,,,,,,,,0.6471371001796151,66.54,0.6471371001796151,0.6471371001796151
vt_h10_c1,FT_K3,signed_sum,raw,eligible_body_tokens,0.05,100,1.0,0.16537378248954515,,,,,,,,,,0.16537378248954515,17.0,0.16537378248954515,0.16537378248954515
vt_h10_c1,FT_K3,signed_sum,raw,eligible_body_tokens,0.1,100,1.0,0.3260639836955653,,,,,,,,,,0.3260639836955653,33.53,0.3260639836955653,0.3260639836955653
vt_h10_c1,FT_K3,signed_sum,raw,eligible_body_tokens,0.2,100,0.9987901402080506,0.6463486545043153,,,,,,,,,,0.6471371001796151,66.54,0.6463486545043153,0.6463486545043153
vt_h10_c1,IFR,native_positive_normalized,density,eligible_body_tokens,0.05,100,1.0,0.16537378248954515,,,,,,,,,,0.16537378248954515,17.0,0.16537378248954515,0.16537378248954515
vt_h10_c1,IFR,native_positive_normalized,density,eligible_body_tokens,0.1,100,1.0,0.3260639836955653,,,,,,,,,,0.3260639836955653,33.53,0.3260639836955653,0.3260639836955653
vt_h10_c1,IFR,native_positive_normalized,density,eligible_body_tokens,0.2,100,1.0,0.6471371001796151,,,,,,,,,,0.6471371001796151,66.54,0.6471371001796151,0.6471371001796151
vt_h10_c1,IFR,native_positive_normalized,raw,eligible_body_tokens,0.05,100,1.0,0.16537378248954515,,,,,,,,,,0.16537378248954515,17.0,0.16537378248954515,0.16537378248954515
vt_h10_c1,IFR,native_positive_normalized,raw,eligible_body_tokens,0.1,100,1.0,0.3260639836955653,,,,,,,,,,0.3260639836955653,33.53,0.3260639836955653,0.3260639836955653
vt_h10_c1,IFR,native_positive_normalized,raw,eligible_body_tokens,0.2,100,0.9993984622342831,0.6467466983372332,,,,,,,,,,0.6471371001796151,66.54,0.6467466983372332,0.6467466983372332
vt_h10_c1,IFR,signed_sum,density,eligible_body_tokens,0.05,100,1.0,0.16537378248954515,,,,,,,,,,0.16537378248954515,17.0,0.16537378248954515,0.16537378248954515
vt_h10_c1,IFR,signed_sum,density,eligible_body_tokens,0.1,100,1.0,0.3260639836955653,,,,,,,,,,0.3260639836955653,33.53,0.3260639836955653,0.3260639836955653
vt_h10_c1,IFR,signed_sum,density,eligible_body_tokens,0.2,100,1.0,0.6471371001796151,,,,,,,,,,0.6471371001796151,66.54,0.6471371001796151,0.6471371001796151
vt_h10_c1,IFR,signed_sum,raw,eligible_body_tokens,0.05,100,1.0,0.16537378248954515,,,,,,,,,,0.16537378248954515,17.0,0.16537378248954515,0.16537378248954515
vt_h10_c1,IFR,signed_sum,raw,eligible_body_tokens,0.1,100,1.0,0.3260639836955653,,,,,,,,,,0.3260639836955653,33.53,0.3260639836955653,0.3260639836955653
vt_h10_c1,IFR,signed_sum,raw,eligible_body_tokens,0.2,100,0.9993984622342831,0.6467466983372332,,,,,,,,,,0.6471371001796151,66.54,0.6467466983372332,0.6467466983372332
vt_h10_c1,Perturbation,native_positive_normalized,density,eligible_body_tokens,0.05,100,0.5311764705882352,0.08790312577838667,,,,,,,,,,0.16537378248954515,17.0,0.08790312577838667,0.08790312577838667
vt_h10_c1,Perturbation,native_positive_normalized,density,eligible_body_tokens,0.1,100,0.3970855614973263,0.1294431423405726,,,,,,,,,,0.3260639836955653,33.53,0.1294431423405726,0.1294431423405726
vt_h10_c1,Perturbation,native_positive_normalized,density,eligible_body_tokens,0.2,100,0.4119874926068956,0.26649528899359126,,,,,,,,,,0.6471371001796151,66.54,0.26649528899359126,0.26649528899359126
vt_h10_c1,Perturbation,native_positive_normalized,raw,eligible_body_tokens,0.05,100,0.5641176470588235,0.0932485243151599,,,,,,,,,,0.16537378248954515,17.0,0.0003773584905660377,0.16100239355044174
vt_h10_c1,Perturbation,native_positive_normalized,raw,eligible_body_tokens,0.1,100,0.4050802139037433,0.13206812468150017,,,,,,,,,,0.3260639836955653,33.53,0.10244527958668793,0.18033056494193864
vt_h10_c1,Perturbation,native_positive_normalized,raw,eligible_body_tokens,0.2,100,0.41662368228786145,0.2694654085540184,,,,,,,,,,0.6471371001796151,66.54,0.18716853777133252,0.3574710401316952
vt_h10_c1,Perturbation,signed_sum,density,eligible_body_tokens,0.05,100,0.47117647058823536,0.07790459737049833,,,,,,,,,,0.16537378248954515,17.0,0.07790459737049833,0.07790459737049833
vt_h10_c1,Perturbation,signed_sum,density,eligible_body_tokens,0.1,100,0.33572192513368987,0.10940955994189638,,,,,,,,,,0.3260639836955653,33.53,0.10940955994189638,0.10940955994189638
vt_h10_c1,Perturbation,signed_sum,density,eligible_body_tokens,0.2,100,0.38600568220190695,0.24976044605456466,,,,,,,,,,0.6471371001796151,66.54,0.24976044605456466,0.24976044605456466
vt_h10_c1,Perturbation,signed_sum,raw,eligible_body_tokens,0.05,100,0.5258823529411765,0.08687879885848979,,,,,,,,,,0.16537378248954515,17.0,0.0,0.15861425267339396
vt_h10_c1,Perturbation,signed_sum,raw,eligible_body_tokens,0.1,100,0.34244206773618546,0.11156209489397567,,,,,,,,,,0.3260639836955653,33.53,0.07224055139246852,0.17299955197304442
vt_h10_c1,Perturbation,signed_sum,raw,eligible_body_tokens,0.2,100,0.405829708921456,0.2625284668503535,,,,,,,,,,0.6471371001796151,66.54,0.1859144167614253,0.3197332176901936
vt_h10_c1,REAGENT,native_positive_normalized,density,eligible_body_tokens,0.05,100,0.5423529411764706,0.0897291151527178,,,,,,,,,,0.16537378248954515,17.0,0.0897291151527178,0.0897291151527178
vt_h10_c1,REAGENT,native_positive_normalized,density,eligible_body_tokens,0.1,100,0.38733511586452773,0.12620368073560886,,,,,,,,,,0.3260639836955653,33.53,0.12620368073560886,0.12620368073560886
vt_h10_c1,REAGENT,native_positive_normalized,density,eligible_body_tokens,0.2,100,0.4219404898584002,0.2729508927030037,,,,,,,,,,0.6471371001796151,66.54,0.2729508927030037,0.2729508927030037
vt_h10_c1,REAGENT,native_positive_normalized,raw,eligible_body_tokens,0.05,100,0.5688235294117646,0.0940072142289484,,,,,,,,,,0.16537378248954515,17.0,0.0004716981132075471,0.1645098369113138
vt_h10_c1,REAGENT,native_positive_normalized,raw,eligible_body_tokens,0.1,100,0.3839750445632799,0.12507796400677798,,,,,,,,,,0.3260639836955653,33.53,0.09305255782980543,0.18575706651974158
vt_h10_c1,REAGENT,native_positive_normalized,raw,eligible_body_tokens,0.2,100,0.4266056666482478,0.27597738253650284,,,,,,,,,,0.6471371001796151,66.54,0.19161745488833923,0.360041132651276
vt_h10_c1,REAGENT,signed_sum,density,eligible_body_tokens,0.05,100,0.4682352941176471,0.07743863614028383,,,,,,,,,,0.16537378248954515,17.0,0.07743863614028383,0.07743863614028383
vt_h10_c1,REAGENT,signed_sum,density,eligible_body_tokens,0.1,100,0.34259358288770064,0.1115848333862111,,,,,,,,,,0.3260639836955653,33.53,0.1115848333862111,0.1115848333862111
vt_h10_c1,REAGENT,signed_sum,density,eligible_body_tokens,0.2,100,0.3936904780908293,0.2546895177312476,,,,,,,,,,0.6471371001796151,66.54,0.2546895177312476,0.2546895177312476
vt_h10_c1,REAGENT,signed_sum,raw,eligible_body_tokens,0.05,100,0.516470588235294,0.08535750073736466,,,,,,,,,,0.16537378248954515,17.0,0.0,0.1593969527706283
vt_h10_c1,REAGENT,signed_sum,raw,eligible_body_tokens,0.1,100,0.3427629233511587,0.11165244136430846,,,,,,,,,,0.3260639836955653,33.53,0.07073325732417357,0.17277816308651414
vt_h10_c1,REAGENT,signed_sum,raw,eligible_body_tokens,0.2,100,0.4049454271218977,0.2619383820540623,,,,,,,,,,0.6471371001796151,66.54,0.17912316853827812,0.3397477590966653
vt_h2_c3,AttnLRP,native_positive_normalized,density,eligible_body_tokens,0.05,100,1.0,0.5945664184258455,,,,,,,,,,0.5945664184258455,17.01,0.5945664184258455,0.5945664184258455
vt_h2_c3,AttnLRP,native_positive_normalized,density,eligible_body_tokens,0.1,100,0.8430639164756814,0.9942142857142856,,,,,,,,,,1.0,33.81,0.9942142857142856,0.9942142857142856
vt_h2_c3,AttnLRP,native_positive_normalized,density,eligible_body_tokens,0.2,100,0.4277992824762492,1.0,,,,,,,,,,1.0,67.03,1.0,1.0
vt_h2_c3,AttnLRP,native_positive_normalized,raw,eligible_body_tokens,0.05,100,0.9106535947712417,0.541298699618986,,,,,,,,,,0.5945664184258455,17.01,0.541298699618986,0.541298699618986
vt_h2_c3,AttnLRP,native_positive_normalized,raw,eligible_body_tokens,0.1,100,0.7060539852304558,0.8336933535169768,,,,,,,,,,1.0,33.81,0.8336933535169768,0.8336933535169768
vt_h2_c3,AttnLRP,native_positive_normalized,raw,eligible_body_tokens,0.2,100,0.4140911577892911,0.9681727946768963,,,,,,,,,,1.0,67.03,0.9681727946768963,0.9681727946768963
vt_h2_c3,AttnLRP,signed_sum,density,eligible_body_tokens,0.05,100,1.0,0.5945664184258455,,,,,,,,,,0.5945664184258455,17.01,0.5945664184258455,0.5945664184258455
vt_h2_c3,AttnLRP,signed_sum,density,eligible_body_tokens,0.1,100,0.8430639164756814,0.9942142857142856,,,,,,,,,,1.0,33.81,0.9942142857142856,0.9942142857142856
vt_h2_c3,AttnLRP,signed_sum,density,eligible_body_tokens,0.2,100,0.4277992824762492,1.0,,,,,,,,,,1.0,67.03,1.0,1.0
vt_h2_c3,AttnLRP,signed_sum,raw,eligible_body_tokens,0.05,100,0.9106535947712417,0.541298699618986,,,,,,,,,,0.5945664184258455,17.01,0.541298699618986,0.541298699618986
vt_h2_c3,AttnLRP,signed_sum,raw,eligible_body_tokens,0.1,100,0.7060539852304558,0.8336933535169768,,,,,,,,,,1.0,33.81,0.8336933535169768,0.8336933535169768
vt_h2_c3,AttnLRP,signed_sum,raw,eligible_body_tokens,0.2,100,0.4140911577892911,0.9681727946768963,,,,,,,,,,1.0,67.03,0.9681727946768963,0.9681727946768963
vt_h2_c3,CLP,native_positive_normalized,density,eligible_body_tokens,0.05,100,0.29058823529411765,0.17207969876650356,,,,,,,,,,0.5945664184258455,17.01,0.17207969876650356,0.17207969876650356
vt_h2_c3,CLP,native_positive_normalized,density,eligible_body_tokens,0.1,100,0.26296409472880056,0.3096919530383101,,,,,,,,,,1.0,33.81,0.3096919530383101,0.3096919530383101
vt_h2_c3,CLP,native_positive_normalized,density,eligible_body_tokens,0.2,100,0.20985470519987828,0.4899602936922181,,,,,,,,,,1.0,67.03,0.4899602936922181,0.4899602936922181
vt_h2_c3,CLP,native_positive_normalized,raw,eligible_body_tokens,0.05,100,0.30058823529411766,0.17844183504667374,,,,,,,,,,0.5945664184258455,17.01,0.0,0.3499162057353103
vt_h2_c3,CLP,native_positive_normalized,raw,eligible_body_tokens,0.1,100,0.26570028011204483,0.3131911127794053,,,,,,,,,,1.0,33.81,0.13596937033324685,0.3544142621838674
vt_h2_c3,CLP,native_positive_normalized,raw,eligible_body_tokens,0.2,100,0.2102275619114379,0.4903758974155248,,,,,,,,,,1.0,67.03,0.3543593171289223,0.6389693098660701
vt_h2_c3,CLP,signed_sum,density,eligible_body_tokens,0.05,100,0.26941176470588235,0.15917620698370144,,,,,,,,,,0.5945664184258455,17.01,0.15917620698370144,0.15917620698370144
vt_h2_c3,CLP,signed_sum,density,eligible_body_tokens,0.1,100,0.24752737458619806,0.29067270698958686,,,,,,,,,,1.0,33.81,0.29067270698958686,0.29067270698958686
vt_h2_c3,CLP,signed_sum,density,eligible_body_tokens,0.2,100,0.21739207357770549,0.5081204005049249,,,,,,,,,,1.0,67.03,0.5081204005049249,0.5081204005049249
vt_h2_c3,CLP,signed_sum,raw,eligible_body_tokens,0.05,100,0.27588235294117647,0.16323084743913444,,,,,,,,,,0.5945664184258455,17.01,0.0,0.35142738421200603
vt_h2_c3,CLP,signed_sum,raw,eligible_body_tokens,0.1,100,0.2476521517697988,0.29100392066117875,,,,,,,,,,1.0,33.81,0.10618420339290752,0.3573613380964605
vt_h2_c3,CLP,signed_sum,raw,eligible_body_tokens,0.2,100,0.2122746792658424,0.49601334176987677,,,,,,,,,,1.0,67.03,0.358698018657279,0.6540482844695164
vt_h2_c3,DT,signed_sum,density,eligible_body_tokens,0.05,100,1.0,0.5945664184258455,,,,,,,,,,0.5945664184258455,17.01,0.5945664184258455,0.5945664184258455
vt_h2_c3,DT,signed_sum,density,eligible_body_tokens,0.1,100,0.8481084797555387,1.0,,,,,,,,,,1.0,33.81,1.0,1.0
vt_h2_c3,DT,signed_sum,density,eligible_body_tokens,0.2,100,0.4277992824762492,1.0,,,,,,,,,,1.0,67.03,1.0,1.0
vt_h2_c3,DT,signed_sum,raw,eligible_body_tokens,0.05,100,0.9694771241830066,0.5759767977794256,,,,,,,,,,0.5945664184258455,17.01,0.5759767977794256,0.5759767977794256
vt_h2_c3,DT,signed_sum,raw,eligible_body_tokens,0.1,100,0.7262689075630252,0.8561683667365675,,,,,,,,,,1.0,33.81,0.8561683667365675,0.8561683667365675
vt_h2_c3,DT,signed_sum,raw,eligible_body_tokens,0.2,100,0.4027419603910233,0.941131493416463,,,,,,,,,,1.0,67.03,0.941131493416463,0.941131493416463
vt_h2_c3,FT_K1,signed_sum,density,eligible_body_tokens,0.05,100,1.0,0.5945664184258455,,,,,,,,,,0.5945664184258455,17.01,0.5945664184258455,0.5945664184258455
vt_h2_c3,FT_K1,signed_sum,density,eligible_body_tokens,0.1,100,0.8481084797555387,1.0,,,,,,,,,,1.0,33.81,1.0,1.0
vt_h2_c3,FT_K1,signed_sum,density,eligible_body_tokens,0.2,100,0.4277992824762492,1.0,,,,,,,,,,1.0,67.03,1.0,1.0
vt_h2_c3,FT_K1,signed_sum,raw,eligible_body_tokens,0.05,100,0.9588235294117646,0.5694837550133712,,,,,,,,,,0.5945664184258455,17.01,0.5694837550133712,0.5694837550133712
vt_h2_c3,FT_K1,signed_sum,raw,eligible_body_tokens,0.1,100,0.6216144639674052,0.7332635465999622,,,,,,,,,,1.0,33.81,0.7332635465999622,0.7332635465999622
vt_h2_c3,FT_K1,signed_sum,raw,eligible_body_tokens,0.2,100,0.394385341948708,0.9220375885701249,,,,,,,,,,1.0,67.03,0.9220375885701249,0.9220375885701249
vt_h2_c3,FT_K3,signed_sum,density,eligible_body_tokens,0.05,100,1.0,0.5945664184258455,,,,,,,,,,0.5945664184258455,17.01,0.5945664184258455,0.5945664184258455
vt_h2_c3,FT_K3,signed_sum,density,eligible_body_tokens,0.1,100,0.8481084797555387,1.0,,,,,,,,,,1.0,33.81,1.0,1.0
vt_h2_c3,FT_K3,signed_sum,density,eligible_body_tokens,0.2,100,0.4277992824762492,1.0,,,,,,,,,,1.0,67.03,1.0,1.0
vt_h2_c3,FT_K3,signed_sum,raw,eligible_body_tokens,0.05,100,0.9458823529411765,0.5616624352092927,,,,,,,,,,0.5945664184258455,17.01,0.5616624352092927,0.5616624352092927
vt_h2_c3,FT_K3,signed_sum,raw,eligible_body_tokens,0.1,100,0.6139139292080469,0.7241013162207546,,,,,,,,,,1.0,33.81,0.7241013162207546,0.7241013162207546
vt_h2_c3,FT_K3,signed_sum,raw,eligible_body_tokens,0.2,100,0.39229539641943734,0.9171322953917505,,,,,,,,,,1.0,67.03,0.9171322953917505,0.9171322953917505
vt_h2_c3,IFR,native_positive_normalized,density,eligible_body_tokens,0.05,100,1.0,0.5945664184258455,,,,,,,,,,0.5945664184258455,17.01,0.5945664184258455,0.5945664184258455
vt_h2_c3,IFR,native_positive_normalized,density,eligible_body_tokens,0.1,100,0.8481084797555387,1.0,,,,,,,,,,1.0,33.81,1.0,1.0
vt_h2_c3,IFR,native_positive_normalized,density,eligible_body_tokens,0.2,100,0.4277992824762492,1.0,,,,,,,,,,1.0,67.03,1.0,1.0
vt_h2_c3,IFR,native_positive_normalized,raw,eligible_body_tokens,0.05,100,0.9894117647058823,0.5879532793299478,,,,,,,,,,0.5945664184258455,17.01,0.5879532793299478,0.5879532793299478
vt_h2_c3,IFR,native_positive_normalized,raw,eligible_body_tokens,0.1,100,0.6698062133944488,0.7901526436860837,,,,,,,,,,1.0,33.81,0.7901526436860837,0.7901526436860837
vt_h2_c3,IFR,native_positive_normalized,raw,eligible_body_tokens,0.2,100,0.3935097125393725,0.91994795046547,,,,,,,,,,1.0,67.03,0.91994795046547,0.91994795046547
vt_h2_c3,IFR,signed_sum,density,eligible_body_tokens,0.05,100,1.0,0.5945664184258455,,,,,,,,,,0.5945664184258455,17.01,0.5945664184258455,0.5945664184258455
vt_h2_c3,IFR,signed_sum,density,eligible_body_tokens,0.1,100,0.8481084797555387,1.0,,,,,,,,,,1.0,33.81,1.0,1.0
vt_h2_c3,IFR,signed_sum,density,eligible_body_tokens,0.2,100,0.4277992824762492,1.0,,,,,,,,,,1.0,67.03,1.0,1.0
vt_h2_c3,IFR,signed_sum,raw,eligible_body_tokens,0.05,100,0.9917647058823529,0.5894129862896547,,,,,,,,,,0.5945664184258455,17.01,0.5894129862896547,0.5894129862896547
vt_h2_c3,IFR,signed_sum,raw,eligible_body_tokens,0.1,100,0.6881222307104662,0.8115861877971859,,,,,,,,,,1.0,33.81,0.8115861877971859,0.8115861877971859
vt_h2_c3,IFR,signed_sum,raw,eligible_body_tokens,0.2,100,0.39395521231323044,0.9210193790368986,,,,,,,,,,1.0,67.03,0.9210193790368986,0.9210193790368986
vt_h2_c3,Perturbation,native_positive_normalized,density,eligible_body_tokens,0.05,100,0.22235294117647061,0.13232019022515407,,,,,,,,,,0.5945664184258455,17.01,0.13232019022515407,0.13232019022515407
vt_h2_c3,Perturbation,native_positive_normalized,density,eligible_body_tokens,0.1,100,0.21373109243697477,0.25178890747327903,,,,,,,,,,1.0,33.81,0.25178890747327903,0.25178890747327903
vt_h2_c3,Perturbation,native_positive_normalized,density,eligible_body_tokens,0.2,100,0.20720025482908636,0.48443848552726476,,,,,,,,,,1.0,67.03,0.48443848552726476,0.48443848552726476
vt_h2_c3,Perturbation,native_positive_normalized,raw,eligible_body_tokens,0.05,100,0.2311764705882353,0.13787001860249914,,,,,,,,,,0.5945664184258455,17.01,0.0,0.334692424806788
vt_h2_c3,Perturbation,native_positive_normalized,raw,eligible_body_tokens,0.1,100,0.22556709956709953,0.26568417365448793,,,,,,,,,,1.0,33.81,0.04640569565152435,0.3458061725923935
vt_h2_c3,Perturbation,native_positive_normalized,raw,eligible_body_tokens,0.2,100,0.20764296975943344,0.4857356390596796,,,,,,,,,,1.0,67.03,0.3468776011638221,0.6666635138282803
vt_h2_c3,Perturbation,signed_sum,density,eligible_body_tokens,0.05,100,0.16702614379084962,0.10008591556756183,,,,,,,,,,0.5945664184258455,17.01,0.10008591556756183,0.10008591556756183
vt_h2_c3,Perturbation,signed_sum,density,eligible_body_tokens,0.1,100,0.21765266106442574,0.25592097027719946,,,,,,,,,,1.0,33.81,0.25592097027719946,0.25592097027719946
vt_h2_c3,Perturbation,signed_sum,density,eligible_body_tokens,0.2,100,0.21720224152430126,0.5069686825014272,,,,,,,,,,1.0,67.03,0.5069686825014272,0.5069686825014272
vt_h2_c3,Perturbation,signed_sum,raw,eligible_body_tokens,0.05,100,0.17764705882352938,0.10626223253531374,,,,,,,,,,0.5945664184258455,17.01,0.0,0.32262612700404697
vt_h2_c3,Perturbation,signed_sum,raw,eligible_body_tokens,0.1,100,0.22718029029793738,0.2669265947432661,,,,,,,,,,1.0,33.81,0.021754393108745166,0.32329279367071356
vt_h2_c3,Perturbation,signed_sum,raw,eligible_body_tokens,0.2,100,0.20839740786881678,0.4859745276429787,,,,,,,,,,1.0,67.03,0.32641019925363646,0.6270942886728482
vt_h2_c3,REAGENT,native_positive_normalized,density,eligible_body_tokens,0.05,100,0.1264705882352941,0.07513264319827168,,,,,,,,,,0.5945664184258455,17.01,0.07513264319827168,0.07513264319827168
vt_h2_c3,REAGENT,native_positive_normalized,density,eligible_body_tokens,0.1,100,0.19703768780239364,0.23156376287834857,,,,,,,,,,1.0,33.81,0.23156376287834857,0.23156376287834857
vt_h2_c3,REAGENT,native_positive_normalized,density,eligible_body_tokens,0.2,100,0.20966067997607865,0.48910752334480095,,,,,,,,,,1.0,67.03,0.48910752334480095,0.48910752334480095
vt_h2_c3,REAGENT,native_positive_normalized,raw,eligible_body_tokens,0.05,100,0.14941176470588236,0.08907027366816023,,,,,,,,,,0.5945664184258455,17.01,0.0,0.3287081269187081
vt_h2_c3,REAGENT,native_positive_normalized,raw,eligible_body_tokens,0.1,100,0.21099490705373058,0.24772578924803626,,,,,,,,,,1.0,33.81,0.0210625022070378,0.33986949375193265
vt_h2_c3,REAGENT,native_positive_normalized,raw,eligible_body_tokens,0.2,100,0.21118189279133276,0.4931017949781854,,,,,,,,,,1.0,67.03,0.33986949375193265,0.6554055176737323
vt_h2_c3,REAGENT,signed_sum,density,eligible_body_tokens,0.05,100,0.16055555555555553,0.09621412069576696,,,,,,,,,,0.5945664184258455,17.01,0.09621412069576696,0.09621412069576696
vt_h2_c3,REAGENT,signed_sum,density,eligible_body_tokens,0.1,100,0.21765266106442574,0.25592097027719946,,,,,,,,,,1.0,33.81,0.25592097027719946,0.25592097027719946
vt_h2_c3,REAGENT,signed_sum,density,eligible_body_tokens,0.2,100,0.2098903384727143,0.48981515212375887,,,,,,,,,,1.0,67.03,0.48981515212375887,0.48981515212375887
vt_h2_c3,REAGENT,signed_sum,raw,eligible_body_tokens,0.05,100,0.1705882352941176,0.10195454022762142,,,,,,,,,,0.5945664184258455,17.01,0.0,0.32262612700404697
vt_h2_c3,REAGENT,signed_sum,raw,eligible_body_tokens,0.1,100,0.22688617265087851,0.2665932614099328,,,,,,,,,,1.0,33.81,0.0220877264420785,0.32329279367071356
vt_h2_c3,REAGENT,signed_sum,raw,eligible_body_tokens,0.2,100,0.20509121157754584,0.47823807444100824,,,,,,,,,,1.0,67.03,0.3267673421107793,0.6199690518407148
vt_h4_c1,AttnLRP,native_positive_normalized,density,eligible_body_tokens,0.05,100,1.0,0.3584397232818965,,,,,,,,,,0.3584397232818965,17.0,0.3584397232818965,0.3584397232818965
vt_h4_c1,AttnLRP,native_positive_normalized,density,eligible_body_tokens,0.1,100,1.0,0.7137228809072274,,,,,,,,,,0.7137228809072274,33.86,0.7137228809072274,0.7137228809072274
vt_h4_c1,AttnLRP,native_positive_normalized,density,eligible_body_tokens,0.2,100,0.7096352462287495,1.0,,,,,,,,,,1.0,66.95,1.0,1.0
vt_h4_c1,AttnLRP,native_positive_normalized,raw,eligible_body_tokens,0.05,100,1.0,0.3584397232818965,,,,,,,,,,0.3584397232818965,17.0,0.3584397232818965,0.3584397232818965
vt_h4_c1,AttnLRP,native_positive_normalized,raw,eligible_body_tokens,0.1,100,0.988458110516934,0.7053854516277543,,,,,,,,,,0.7137228809072274,33.86,0.7053854516277543,0.7053854516277543
vt_h4_c1,AttnLRP,native_positive_normalized,raw,eligible_body_tokens,0.2,100,0.6880279750977734,0.9699388311104614,,,,,,,,,,1.0,66.95,0.9699388311104614,0.9699388311104614
vt_h4_c1,AttnLRP,signed_sum,density,eligible_body_tokens,0.05,100,1.0,0.3584397232818965,,,,,,,,,,0.3584397232818965,17.0,0.3584397232818965,0.3584397232818965
vt_h4_c1,AttnLRP,signed_sum,density,eligible_body_tokens,0.1,100,1.0,0.7137228809072274,,,,,,,,,,0.7137228809072274,33.86,0.7137228809072274,0.7137228809072274
vt_h4_c1,AttnLRP,signed_sum,density,eligible_body_tokens,0.2,100,0.7096352462287495,1.0,,,,,,,,,,1.0,66.95,1.0,1.0
vt_h4_c1,AttnLRP,signed_sum,raw,eligible_body_tokens,0.05,100,1.0,0.3584397232818965,,,,,,,,,,0.3584397232818965,17.0,0.3584397232818965,0.3584397232818965
vt_h4_c1,AttnLRP,signed_sum,raw,eligible_body_tokens,0.1,100,0.988458110516934,0.7053854516277543,,,,,,,,,,0.7137228809072274,33.86,0.7053854516277543,0.7053854516277543
vt_h4_c1,AttnLRP,signed_sum,raw,eligible_body_tokens,0.2,100,0.6880279750977734,0.9699388311104614,,,,,,,,,,1.0,66.95,0.9699388311104614,0.9699388311104614
vt_h4_c1,CLP,native_positive_normalized,density,eligible_body_tokens,0.05,100,0.27176470588235296,0.09718079085975856,,,,,,,,,,0.3584397232818965,17.0,0.09718079085975856,0.09718079085975856
vt_h4_c1,CLP,native_positive_normalized,density,eligible_body_tokens,0.1,100,0.29365418894830664,0.20990748174670856,,,,,,,,,,0.7137228809072274,33.86,0.20990748174670856,0.20990748174670856
vt_h4_c1,CLP,native_positive_normalized,density,eligible_body_tokens,0.2,100,0.26727552079176314,0.3761151248845819,,,,,,,,,,1.0,66.95,0.3761151248845819,0.3761151248845819
vt_h4_c1,CLP,native_positive_normalized,raw,eligible_body_tokens,0.05,100,0.3047058823529412,0.10889202478172504,,,,,,,,,,0.3584397232818965,17.0,0.0003846153846153846,0.24109440279867925
vt_h4_c1,CLP,native_positive_normalized,raw,eligible_body_tokens,0.1,100,0.31130124777183604,0.2224676518013525,,,,,,,,,,0.7137228809072274,33.86,0.10794180276382115,0.24976051295179436
vt_h4_c1,CLP,native_positive_normalized,raw,eligible_body_tokens,0.2,100,0.26710225609918326,0.3757585833290725,,,,,,,,,,1.0,66.95,0.2531934839662871,0.4671182441655695
vt_h4_c1,CLP,signed_sum,density,eligible_body_tokens,0.05,100,0.29411764705882354,0.10449727434912605,,,,,,,,,,0.3584397232818965,17.0,0.10449727434912605,0.10449727434912605
vt_h4_c1,CLP,signed_sum,density,eligible_body_tokens,0.1,100,0.2749108734402852,0.19584243447783606,,,,,,,,,,0.7137228809072274,33.86,0.19584243447783606,0.19584243447783606
vt_h4_c1,CLP,signed_sum,density,eligible_body_tokens,0.2,100,0.2718181153058239,0.38279790200028146,,,,,,,,,,1.0,66.95,0.38279790200028146,0.38279790200028146
vt_h4_c1,CLP,signed_sum,raw,eligible_body_tokens,0.05,100,0.3294117647058824,0.11721131697776496,,,,,,,,,,0.3584397232818965,17.0,0.0,0.2533726288750393
vt_h4_c1,CLP,signed_sum,raw,eligible_body_tokens,0.1,100,0.28814616755793226,0.20534667701739093,,,,,,,,,,0.7137228809072274,33.86,0.10691728494003465,0.2651344314597164
vt_h4_c1,CLP,signed_sum,raw,eligible_body_tokens,0.2,100,0.2785258866097321,0.39213430607171673,,,,,,,,,,1.0,66.95,0.2659357135109984,0.4667452044411935
vt_h4_c1,DT,signed_sum,density,eligible_body_tokens,0.05,100,1.0,0.3584397232818965,,,,,,,,,,0.3584397232818965,17.0,0.3584397232818965,0.3584397232818965
vt_h4_c1,DT,signed_sum,density,eligible_body_tokens,0.1,100,1.0,0.7137228809072274,,,,,,,,,,0.7137228809072274,33.86,0.7137228809072274,0.7137228809072274
vt_h4_c1,DT,signed_sum,density,eligible_body_tokens,0.2,100,0.7096352462287495,1.0,,,,,,,,,,1.0,66.95,1.0,1.0
vt_h4_c1,DT,signed_sum,raw,eligible_body_tokens,0.05,100,1.0,0.3584397232818965,,,,,,,,,,0.3584397232818965,17.0,0.3584397232818965,0.3584397232818965
vt_h4_c1,DT,signed_sum,raw,eligible_body_tokens,0.1,100,0.9994028520499109,0.713278216875607,,,,,,,,,,0.7137228809072274,33.86,0.713278216875607,0.713278216875607
vt_h4_c1,DT,signed_sum,raw,eligible_body_tokens,0.2,100,0.6921693670684015,0.9754893216075848,,,,,,,,,,1.0,66.95,0.9754893216075848,0.9754893216075848
vt_h4_c1,FT_K1,signed_sum,density,eligible_body_tokens,0.05,100,1.0,0.3584397232818965,,,,,,,,,,0.3584397232818965,17.0,0.3584397232818965,0.3584397232818965
vt_h4_c1,FT_K1,signed_sum,density,eligible_body_tokens,0.1,100,1.0,0.7137228809072274,,,,,,,,,,0.7137228809072274,33.86,0.7137228809072274,0.7137228809072274
vt_h4_c1,FT_K1,signed_sum,density,eligible_body_tokens,0.2,100,0.7096352462287495,1.0,,,,,,,,,,1.0,66.95,1.0,1.0
vt_h4_c1,FT_K1,signed_sum,raw,eligible_body_tokens,0.05,100,1.0,0.3584397232818965,,,,,,,,,,0.3584397232818965,17.0,0.3584397232818965,0.3584397232818965
vt_h4_c1,FT_K1,signed_sum,raw,eligible_body_tokens,0.1,100,0.9611853832442067,0.685488725364575,,,,,,,,,,0.7137228809072274,33.86,0.685488725364575,0.685488725364575
vt_h4_c1,FT_K1,signed_sum,raw,eligible_body_tokens,0.2,100,0.6960637321414321,0.9811315003965599,,,,,,,,,,1.0,66.95,0.9811315003965599,0.9811315003965599
vt_h4_c1,FT_K3,signed_sum,density,eligible_body_tokens,0.05,100,1.0,0.3584397232818965,,,,,,,,,,0.3584397232818965,17.0,0.3584397232818965,0.3584397232818965
vt_h4_c1,FT_K3,signed_sum,density,eligible_body_tokens,0.1,100,1.0,0.7137228809072274,,,,,,,,,,0.7137228809072274,33.86,0.7137228809072274,0.7137228809072274
vt_h4_c1,FT_K3,signed_sum,density,eligible_body_tokens,0.2,100,0.7096352462287495,1.0,,,,,,,,,,1.0,66.95,1.0,1.0
vt_h4_c1,FT_K3,signed_sum,raw,eligible_body_tokens,0.05,100,1.0,0.3584397232818965,,,,,,,,,,0.3584397232818965,17.0,0.3584397232818965,0.3584397232818965
vt_h4_c1,FT_K3,signed_sum,raw,eligible_body_tokens,0.1,100,0.9579322638146166,0.6831578266047122,,,,,,,,,,0.7137228809072274,33.86,0.6831578266047122,0.6831578266047122
vt_h4_c1,FT_K3,signed_sum,raw,eligible_body_tokens,0.2,100,0.6924747253039617,0.9760237066233511,,,,,,,,,,1.0,66.95,0.9760237066233511,0.9760237066233511
vt_h4_c1,IFR,native_positive_normalized,density,eligible_body_tokens,0.05,100,1.0,0.3584397232818965,,,,,,,,,,0.3584397232818965,17.0,0.3584397232818965,0.3584397232818965
vt_h4_c1,IFR,native_positive_normalized,density,eligible_body_tokens,0.1,100,1.0,0.7137228809072274,,,,,,,,,,0.7137228809072274,33.86,0.7137228809072274,0.7137228809072274
vt_h4_c1,IFR,native_positive_normalized,density,eligible_body_tokens,0.2,100,0.7096352462287495,1.0,,,,,,,,,,1.0,66.95,1.0,1.0
vt_h4_c1,IFR,native_positive_normalized,raw,eligible_body_tokens,0.05,100,1.0,0.3584397232818965,,,,,,,,,,0.3584397232818965,17.0,0.3584397232818965,0.3584397232818965
vt_h4_c1,IFR,native_positive_normalized,raw,eligible_body_tokens,0.1,100,0.9783244206773618,0.6978686669454113,,,,,,,,,,0.7137228809072274,33.86,0.6978686669454113,0.6978686669454113
vt_h4_c1,IFR,native_positive_normalized,raw,eligible_body_tokens,0.2,100,0.6909820549658129,0.9739214803472119,,,,,,,,,,1.0,66.95,0.9739214803472119,0.9739214803472119
vt_h4_c1,IFR,signed_sum,density,eligible_body_tokens,0.05,100,1.0,0.3584397232818965,,,,,,,,,,0.3584397232818965,17.0,0.3584397232818965,0.3584397232818965
vt_h4_c1,IFR,signed_sum,density,eligible_body_tokens,0.1,100,1.0,0.7137228809072274,,,,,,,,,,0.7137228809072274,33.86,0.7137228809072274,0.7137228809072274
vt_h4_c1,IFR,signed_sum,density,eligible_body_tokens,0.2,100,0.7096352462287495,1.0,,,,,,,,,,1.0,66.95,1.0,1.0
vt_h4_c1,IFR,signed_sum,raw,eligible_body_tokens,0.05,100,1.0,0.3584397232818965,,,,,,,,,,0.3584397232818965,17.0,0.3584397232818965,0.3584397232818965
vt_h4_c1,IFR,signed_sum,raw,eligible_body_tokens,0.1,100,0.9824777183600714,0.7008878281433754,,,,,,,,,,0.7137228809072274,33.86,0.7008878281433754,0.7008878281433754
vt_h4_c1,IFR,signed_sum,raw,eligible_body_tokens,0.2,100,0.6944128289036106,0.9787535763603301,,,,,,,,,,1.0,66.95,0.9787535763603301,0.9787535763603301
vt_h4_c1,Perturbation,native_positive_normalized,density,eligible_body_tokens,0.05,100,0.28,0.09999763365038654,,,,,,,,,,0.3584397232818965,17.0,0.09999763365038654,0.09999763365038654
vt_h4_c1,Perturbation,native_positive_normalized,density,eligible_body_tokens,0.1,100,0.2945008912655972,0.21049244009915868,,,,,,,,,,0.7137228809072274,33.86,0.21049244009915868,0.21049244009915868
vt_h4_c1,Perturbation,native_positive_normalized,density,eligible_body_tokens,0.2,100,0.2868718572910847,0.40390336227288953,,,,,,,,,,1.0,66.95,0.40390336227288953,0.40390336227288953
vt_h4_c1,Perturbation,native_positive_normalized,raw,eligible_body_tokens,0.05,100,0.3211764705882353,0.11454869495190452,,,,,,,,,,0.3584397232818965,17.0,0.0003846153846153846,0.24549834485386363
vt_h4_c1,Perturbation,native_positive_normalized,raw,eligible_body_tokens,0.1,100,0.31333333333333335,0.22375069716638543,,,,,,,,,,0.7137228809072274,33.86,0.11001046057144812,0.2555663068588305
vt_h4_c1,Perturbation,native_positive_normalized,raw,eligible_body_tokens,0.2,100,0.28447202490222684,0.4007187499898054,,,,,,,,,,1.0,66.95,0.2589741942612831,0.4665892241398017
vt_h4_c1,Perturbation,signed_sum,density,eligible_body_tokens,0.05,100,0.23823529411764702,0.08512577980966941,,,,,,,,,,0.3584397232818965,17.0,0.08512577980966941,0.08512577980966941
vt_h4_c1,Perturbation,signed_sum,density,eligible_body_tokens,0.1,100,0.24861853832442068,0.17738391990739077,,,,,,,,,,0.7137228809072274,33.86,0.17738391990739077,0.17738391990739077
vt_h4_c1,Perturbation,signed_sum,density,eligible_body_tokens,0.2,100,0.2614683268151223,0.36786639005375416,,,,,,,,,,1.0,66.95,0.36786639005375416,0.36786639005375416
vt_h4_c1,Perturbation,signed_sum,raw,eligible_body_tokens,0.05,100,0.25999999999999995,0.09269102650254013,,,,,,,,,,0.3584397232818965,17.0,0.0003846153846153846,0.22470823740941648
vt_h4_c1,Perturbation,signed_sum,raw,eligible_body_tokens,0.1,100,0.2645187165775401,0.1886202764433176,,,,,,,,,,0.7137228809072274,33.86,0.05244227062372201,0.22985514467473805
vt_h4_c1,Perturbation,signed_sum,raw,eligible_body_tokens,0.2,100,0.25861235267512706,0.363823598335454,,,,,,,,,,1.0,66.95,0.2373238879921962,0.44943878098470047
vt_h4_c1,REAGENT,native_positive_normalized,density,eligible_body_tokens,0.05,100,0.2805882352941176,0.09991680083693666,,,,,,,,,,0.3584397232818965,17.0,0.09991680083693666,0.09991680083693666
vt_h4_c1,REAGENT,native_positive_normalized,density,eligible_body_tokens,0.1,100,0.271969696969697,0.19391292254745718,,,,,,,,,,0.7137228809072274,33.86,0.19391292254745718,0.19391292254745718
vt_h4_c1,REAGENT,native_positive_normalized,density,eligible_body_tokens,0.2,100,0.27278879665841915,0.38370410344729117,,,,,,,,,,1.0,66.95,0.38370410344729117,0.38370410344729117
vt_h4_c1,REAGENT,native_positive_normalized,raw,eligible_body_tokens,0.05,100,0.3264705882352941,0.11634442725921884,,,,,,,,,,0.3584397232818965,17.0,0.0003846153846153846,0.2464957150653687
vt_h4_c1,REAGENT,native_positive_normalized,raw,eligible_body_tokens,0.1,100,0.2893404634581105,0.2062309923772851,,,,,,,,,,0.7137228809072274,33.86,0.08402607630407967,0.2602380152719634
vt_h4_c1,REAGENT,native_positive_normalized,raw,eligible_body_tokens,0.2,100,0.2744262643999255,0.38615506363562846,,,,,,,,,,1.0,66.95,0.26086301527196337,0.45585463792394093
vt_h4_c1,REAGENT,signed_sum,density,eligible_body_tokens,0.05,100,0.20235294117647054,0.07244393450237652,,,,,,,,,,0.3584397232818965,17.0,0.07244393450237652,0.07244393450237652
vt_h4_c1,REAGENT,signed_sum,density,eligible_body_tokens,0.1,100,0.22950089126559714,0.1637290842075179,,,,,,,,,,0.7137228809072274,33.86,0.1637290842075179,0.1637290842075179
vt_h4_c1,REAGENT,signed_sum,density,eligible_body_tokens,0.2,100,0.24947096070449895,0.35117162425491083,,,,,,,,,,1.0,66.95,0.35117162425491083,0.35117162425491083
vt_h4_c1,REAGENT,signed_sum,raw,eligible_body_tokens,0.05,100,0.20999999999999996,0.07495559735368384,,,,,,,,,,0.3584397232818965,17.0,0.0,0.19864462682988518
vt_h4_c1,REAGENT,signed_sum,raw,eligible_body_tokens,0.1,100,0.24659536541889485,0.1757628653264436,,,,,,,,,,0.7137228809072274,33.86,0.030414785363883815,0.20069865259478054
vt_h4_c1,REAGENT,signed_sum,raw,eligible_body_tokens,0.2,100,0.24886077633224254,0.35013189699088465,,,,,,,,,,1.0,66.95,0.2089152465909717,0.45008225149543435
vt_h6_c1,AttnLRP,native_positive_normalized,density,eligible_body_tokens,0.05,100,1.0,0.25899074322975757,,,,,,,,,,0.25899074322975757,17.0,0.25899074322975757,0.25899074322975757
vt_h6_c1,AttnLRP,native_positive_normalized,density,eligible_body_tokens,0.1,100,1.0,0.5123060792990306,,,,,,,,,,0.5123060792990306,33.64,0.5123060792990306,0.5123060792990306
vt_h6_c1,AttnLRP,native_positive_normalized,density,eligible_body_tokens,0.2,100,0.9797919493441879,0.994499614338489,,,,,,,,,,0.994499614338489,66.67,0.994499614338489,0.994499614338489
vt_h6_c1,AttnLRP,native_positive_normalized,raw,eligible_body_tokens,0.05,100,1.0,0.25899074322975757,,,,,,,,,,0.25899074322975757,17.0,0.25899074322975757,0.25899074322975757
vt_h6_c1,AttnLRP,native_positive_normalized,raw,eligible_body_tokens,0.1,100,1.0,0.5123060792990306,,,,,,,,,,0.5123060792990306,33.64,0.5123060792990306,0.5123060792990306
vt_h6_c1,AttnLRP,native_positive_normalized,raw,eligible_body_tokens,0.2,100,0.8328902945167213,0.8457088552409473,,,,,,,,,,0.994499614338489,66.67,0.8457088552409473,0.8457088552409473
vt_h6_c1,AttnLRP,signed_sum,density,eligible_body_tokens,0.05,100,1.0,0.25899074322975757,,,,,,,,,,0.25899074322975757,17.0,0.25899074322975757,0.25899074322975757
vt_h6_c1,AttnLRP,signed_sum,density,eligible_body_tokens,0.1,100,1.0,0.5123060792990306,,,,,,,,,,0.5123060792990306,33.64,0.5123060792990306,0.5123060792990306
vt_h6_c1,AttnLRP,signed_sum,density,eligible_body_tokens,0.2,100,0.9797919493441879,0.994499614338489,,,,,,,,,,0.994499614338489,66.67,0.994499614338489,0.994499614338489
vt_h6_c1,AttnLRP,signed_sum,raw,eligible_body_tokens,0.05,100,1.0,0.25899074322975757,,,,,,,,,,0.25899074322975757,17.0,0.25899074322975757,0.25899074322975757
vt_h6_c1,AttnLRP,signed_sum,raw,eligible_body_tokens,0.1,100,1.0,0.5123060792990306,,,,,,,,,,0.5123060792990306,33.64,0.5123060792990306,0.5123060792990306
vt_h6_c1,AttnLRP,signed_sum,raw,eligible_body_tokens,0.2,100,0.8328902945167213,0.8457088552409473,,,,,,,,,,0.994499614338489,66.67,0.8457088552409473,0.8457088552409473
vt_h6_c1,CLP,native_positive_normalized,density,eligible_body_tokens,0.05,100,0.3876470588235294,0.10036897416811018,,,,,,,,,,0.25899074322975757,17.0,0.10036897416811018,0.10036897416811018
vt_h6_c1,CLP,native_positive_normalized,density,eligible_body_tokens,0.1,100,0.32080213903743315,0.16425999906358604,,,,,,,,,,0.5123060792990306,33.64,0.16425999906358604,0.16425999906358604
vt_h6_c1,CLP,native_positive_normalized,density,eligible_body_tokens,0.2,100,0.3227886636337032,0.32777860711269,,,,,,,,,,0.994499614338489,66.67,0.32777860711269,0.32777860711269
vt_h6_c1,CLP,native_positive_normalized,raw,eligible_body_tokens,0.05,100,0.46176470588235297,0.11938598859171769,,,,,,,,,,0.25899074322975757,17.0,0.004056144196809159,0.22110670924041975
vt_h6_c1,CLP,native_positive_normalized,raw,eligible_body_tokens,0.1,100,0.3379857397504456,0.17307095065137115,,,,,,,,,,0.5123060792990306,33.64,0.09806559702775183,0.23286053197018444
vt_h6_c1,CLP,native_positive_normalized,raw,eligible_body_tokens,0.2,100,0.32980345598212146,0.3348565692086596,,,,,,,,,,0.994499614338489,66.67,0.23526515209302526,0.4106032375765087
vt_h6_c1,CLP,signed_sum,density,eligible_body_tokens,0.05,100,0.388235294117647,0.10043345330068337,,,,,,,,,,0.25899074322975757,17.0,0.10043345330068337,0.10043345330068337
vt_h6_c1,CLP,signed_sum,density,eligible_body_tokens,0.1,100,0.31798573975044564,0.16281051776438754,,,,,,,,,,0.5123060792990306,33.64,0.16281051776438754,0.16281051776438754
vt_h6_c1,CLP,signed_sum,density,eligible_body_tokens,0.2,100,0.32725496847314234,0.33211863942789094,,,,,,,,,,0.994499614338489,66.67,0.33211863942789094,0.33211863942789094
vt_h6_c1,CLP,signed_sum,raw,eligible_body_tokens,0.05,100,0.45176470588235296,0.11686657625619871,,,,,,,,,,0.25899074322975757,17.0,0.004352456751681853,0.22930670978639367
vt_h6_c1,CLP,signed_sum,raw,eligible_body_tokens,0.1,100,0.33323529411764696,0.17062758444913664,,,,,,,,,,0.5123060792990306,33.64,0.09979315843123385,0.24166906655053194
vt_h6_c1,CLP,signed_sum,raw,eligible_body_tokens,0.2,100,0.33339299491845586,0.3385196611195446,,,,,,,,,,0.994499614338489,66.67,0.24300946614886063,0.4186970143063148
vt_h6_c1,DT,signed_sum,density,eligible_body_tokens,0.05,100,1.0,0.25899074322975757,,,,,,,,,,0.25899074322975757,17.0,0.25899074322975757,0.25899074322975757
vt_h6_c1,DT,signed_sum,density,eligible_body_tokens,0.1,100,1.0,0.5123060792990306,,,,,,,,,,0.5123060792990306,33.64,0.5123060792990306,0.5123060792990306
vt_h6_c1,DT,signed_sum,density,eligible_body_tokens,0.2,100,0.9797919493441879,0.994499614338489,,,,,,,,,,0.994499614338489,66.67,0.994499614338489,0.994499614338489
vt_h6_c1,DT,signed_sum,raw,eligible_body_tokens,0.05,100,1.0,0.25899074322975757,,,,,,,,,,0.25899074322975757,17.0,0.25899074322975757,0.25899074322975757
vt_h6_c1,DT,signed_sum,raw,eligible_body_tokens,0.1,100,1.0,0.5123060792990306,,,,,,,,,,0.5123060792990306,33.64,0.5123060792990306,0.5123060792990306
vt_h6_c1,DT,signed_sum,raw,eligible_body_tokens,0.2,100,0.907018783089898,0.9204822773996981,,,,,,,,,,0.994499614338489,66.67,0.9204822773996981,0.9204822773996981
vt_h6_c1,FT_K1,signed_sum,density,eligible_body_tokens,0.05,100,1.0,0.25899074322975757,,,,,,,,,,0.25899074322975757,17.0,0.25899074322975757,0.25899074322975757
vt_h6_c1,FT_K1,signed_sum,density,eligible_body_tokens,0.1,100,1.0,0.5123060792990306,,,,,,,,,,0.5123060792990306,33.64,0.5123060792990306,0.5123060792990306
vt_h6_c1,FT_K1,signed_sum,density,eligible_body_tokens,0.2,100,0.9797919493441879,0.994499614338489,,,,,,,,,,0.994499614338489,66.67,0.994499614338489,0.994499614338489
vt_h6_c1,FT_K1,signed_sum,raw,eligible_body_tokens,0.05,100,1.0,0.25899074322975757,,,,,,,,,,0.25899074322975757,17.0,0.25899074322975757,0.25899074322975757
vt_h6_c1,FT_K1,signed_sum,raw,eligible_body_tokens,0.1,100,1.0,0.5123060792990306,,,,,,,,,,0.5123060792990306,33.64,0.5123060792990306,0.5123060792990306
vt_h6_c1,FT_K1,signed_sum,raw,eligible_body_tokens,0.2,100,0.814054925905233,0.8262215735080046,,,,,,,,,,0.994499614338489,66.67,0.8262215735080046,0.8262215735080046
vt_h6_c1,FT_K3,signed_sum,density,eligible_body_tokens,0.05,100,1.0,0.25899074322975757,,,,,,,,,,0.25899074322975757,17.0,0.25899074322975757,0.25899074322975757
vt_h6_c1,FT_K3,signed_sum,density,eligible_body_tokens,0.1,100,1.0,0.5123060792990306,,,,,,,,,,0.5123060792990306,33.64,0.5123060792990306,0.5123060792990306
vt_h6_c1,FT_K3,signed_sum,density,eligible_body_tokens,0.2,100,0.9797919493441879,0.994499614338489,,,,,,,,,,0.994499614338489,66.67,0.994499614338489,0.994499614338489
vt_h6_c1,FT_K3,signed_sum,raw,eligible_body_tokens,0.05,100,1.0,0.25899074322975757,,,,,,,,,,0.25899074322975757,17.0,0.25899074322975757,0.25899074322975757
vt_h6_c1,FT_K3,signed_sum,raw,eligible_body_tokens,0.1,100,1.0,0.5123060792990306,,,,,,,,,,0.5123060792990306,33.64,0.5123060792990306,0.5123060792990306
vt_h6_c1,FT_K3,signed_sum,raw,eligible_body_tokens,0.2,100,0.8093918109984835,0.8214540424149119,,,,,,,,,,0.994499614338489,66.67,0.8214540424149119,0.8214540424149119
vt_h6_c1,IFR,native_positive_normalized,density,eligible_body_tokens,0.05,100,1.0,0.25899074322975757,,,,,,,,,,0.25899074322975757,17.0,0.25899074322975757,0.25899074322975757
vt_h6_c1,IFR,native_positive_normalized,density,eligible_body_tokens,0.1,100,1.0,0.5123060792990306,,,,,,,,,,0.5123060792990306,33.64,0.5123060792990306,0.5123060792990306
vt_h6_c1,IFR,native_positive_normalized,density,eligible_body_tokens,0.2,100,0.9797919493441879,0.994499614338489,,,,,,,,,,0.994499614338489,66.67,0.994499614338489,0.994499614338489
vt_h6_c1,IFR,native_positive_normalized,raw,eligible_body_tokens,0.05,100,1.0,0.25899074322975757,,,,,,,,,,0.25899074322975757,17.0,0.25899074322975757,0.25899074322975757
vt_h6_c1,IFR,native_positive_normalized,raw,eligible_body_tokens,0.1,100,1.0,0.5123060792990306,,,,,,,,,,0.5123060792990306,33.64,0.5123060792990306,0.5123060792990306
vt_h6_c1,IFR,native_positive_normalized,raw,eligible_body_tokens,0.2,100,0.8208008753026311,0.8330052937012684,,,,,,,,,,0.994499614338489,66.67,0.8330052937012684,0.8330052937012684
vt_h6_c1,IFR,signed_sum,density,eligible_body_tokens,0.05,100,1.0,0.25899074322975757,,,,,,,,,,0.25899074322975757,17.0,0.25899074322975757,0.25899074322975757
vt_h6_c1,IFR,signed_sum,density,eligible_body_tokens,0.1,100,1.0,0.5123060792990306,,,,,,,,,,0.5123060792990306,33.64,0.5123060792990306,0.5123060792990306
vt_h6_c1,IFR,signed_sum,density,eligible_body_tokens,0.2,100,0.9797919493441879,0.994499614338489,,,,,,,,,,0.994499614338489,66.67,0.994499614338489,0.994499614338489
vt_h6_c1,IFR,signed_sum,raw,eligible_body_tokens,0.05,100,1.0,0.25899074322975757,,,,,,,,,,0.25899074322975757,17.0,0.25899074322975757,0.25899074322975757
vt_h6_c1,IFR,signed_sum,raw,eligible_body_tokens,0.1,100,1.0,0.5123060792990306,,,,,,,,,,0.5123060792990306,33.64,0.5123060792990306,0.5123060792990306
vt_h6_c1,IFR,signed_sum,raw,eligible_body_tokens,0.2,100,0.8251406736371617,0.8373865598376902,,,,,,,,,,0.994499614338489,66.67,0.8373865598376902,0.8373865598376902
vt_h6_c1,Perturbation,native_positive_normalized,density,eligible_body_tokens,0.05,100,0.42352941176470593,0.10984851545563591,,,,,,,,,,0.25899074322975757,17.0,0.10984851545563591,0.10984851545563591
vt_h6_c1,Perturbation,native_positive_normalized,density,eligible_body_tokens,0.1,100,0.31781639928698746,0.16280637227488864,,,,,,,,,,0.5123060792990306,33.64,0.16280637227488864,0.16280637227488864
vt_h6_c1,Perturbation,native_positive_normalized,density,eligible_body_tokens,0.2,100,0.339279205576396,0.34430349537486976,,,,,,,,,,0.994499614338489,66.67,0.34430349537486976,0.34430349537486976
vt_h6_c1,Perturbation,native_positive_normalized,raw,eligible_body_tokens,0.05,100,0.4752941176470589,0.12312469150410701,,,,,,,,,,0.25899074322975757,17.0,0.004178693216417002,0.2231349924301734
vt_h6_c1,Perturbation,native_positive_normalized,raw,eligible_body_tokens,0.1,100,0.3314705882352941,0.16972918121409983,,,,,,,,,,0.5123060792990306,33.64,0.10824376316833277,0.23547688082180745
vt_h6_c1,Perturbation,native_positive_normalized,raw,eligible_body_tokens,0.2,100,0.33976294995610185,0.3448631023146455,,,,,,,,,,0.994499614338489,66.67,0.2376380533466364,0.4160453639856941
vt_h6_c1,Perturbation,signed_sum,density,eligible_body_tokens,0.05,100,0.3994117647058824,0.10367724288710818,,,,,,,,,,0.25899074322975757,17.0,0.10367724288710818,0.10367724288710818
vt_h6_c1,Perturbation,signed_sum,density,eligible_body_tokens,0.1,100,0.2972281639928699,0.15231153163051364,,,,,,,,,,0.5123060792990306,33.64,0.15231153163051364,0.15231153163051364
vt_h6_c1,Perturbation,signed_sum,density,eligible_body_tokens,0.2,100,0.32474239763748103,0.32948756812814595,,,,,,,,,,0.994499614338489,66.67,0.32948756812814595,0.32948756812814595
vt_h6_c1,Perturbation,signed_sum,raw,eligible_body_tokens,0.05,100,0.4476470588235294,0.11589914368594453,,,,,,,,,,0.25899074322975757,17.0,0.0011594202898550724,0.21323576410555806
vt_h6_c1,Perturbation,signed_sum,raw,eligible_body_tokens,0.1,100,0.30820855614973264,0.15784615429180116,,,,,,,,,,0.5123060792990306,33.64,0.09793634869428951,0.22273794865522423
vt_h6_c1,Perturbation,signed_sum,raw,eligible_body_tokens,0.2,100,0.3310360630005054,0.33574564484312774,,,,,,,,,,0.994499614338489,66.67,0.22769792546520173,0.40210425465866256
vt_h6_c1,REAGENT,native_positive_normalized,density,eligible_body_tokens,0.05,100,0.43235294117647066,0.11217203633302508,,,,,,,,,,0.25899074322975757,17.0,0.11217203633302508,0.11217203633302508
vt_h6_c1,REAGENT,native_positive_normalized,density,eligible_body_tokens,0.1,100,0.31600713012477716,0.16193900292925842,,,,,,,,,,0.5123060792990306,33.64,0.16193900292925842,0.16193900292925842
vt_h6_c1,REAGENT,native_positive_normalized,density,eligible_body_tokens,0.2,100,0.33758726421369084,0.3427366547808738,,,,,,,,,,0.994499614338489,66.67,0.3427366547808738,0.3427366547808738
vt_h6_c1,REAGENT,native_positive_normalized,raw,eligible_body_tokens,0.05,100,0.47470588235294126,0.12302396030507019,,,,,,,,,,0.25899074322975757,17.0,0.0039112802810936185,0.22420914111949986
vt_h6_c1,REAGENT,native_positive_normalized,raw,eligible_body_tokens,0.1,100,0.327602495543672,0.16777003453653117,,,,,,,,,,0.5123060792990306,33.64,0.10671818337373125,0.23609421345137666
vt_h6_c1,REAGENT,native_positive_normalized,raw,eligible_body_tokens,0.2,100,0.3441709899699364,0.3494782081233538,,,,,,,,,,0.994499614338489,66.67,0.23866693231517136,0.41575514527458596
vt_h6_c1,REAGENT,signed_sum,density,eligible_body_tokens,0.05,100,0.41705882352941187,0.10817192695611098,,,,,,,,,,0.25899074322975757,17.0,0.10817192695611098,0.10817192695611098
vt_h6_c1,REAGENT,signed_sum,density,eligible_body_tokens,0.1,100,0.3036096256684492,0.155609123638969,,,,,,,,,,0.5123060792990306,33.64,0.155609123638969,0.155609123638969
vt_h6_c1,REAGENT,signed_sum,density,eligible_body_tokens,0.2,100,0.31833353287040733,0.3229842957789903,,,,,,,,,,0.994499614338489,66.67,0.3229842957789903,0.3229842957789903
vt_h6_c1,REAGENT,signed_sum,raw,eligible_body_tokens,0.05,100,0.44470588235294123,0.11506911834313702,,,,,,,,,,0.25899074322975757,17.0,0.002602606259895263,0.2101610027451509
vt_h6_c1,REAGENT,signed_sum,raw,eligible_body_tokens,0.1,100,0.31158645276292335,0.15952669363427538,,,,,,,,,,0.5123060792990306,33.64,0.09811676571800321,0.21965311033184107
vt_h6_c1,REAGENT,signed_sum,raw,eligible_body_tokens,0.2,100,0.32000053209886403,0.3247010892093769,,,,,,,,,,0.994499614338489,66.67,0.2244589053096747,0.39774494051827114
